,Precentral_L,Frontal_Sup_2_L,Frontal_Mid_2_L,Frontal_Inf_Oper_L,Frontal_Inf_Tri_L,Frontal_Inf_Orb_2_L,Rolandic_Oper_L,Olfactory_L,Frontal_Sup_Medial_L,Frontal_Med_Orb_L,Rectus_L,OFCmed_L,OFCant_L,OFCpost_L,OFClat_L,Insula_L,Cingulate_Mid_L,Cingulate_Post_L,Hippocampus_L,ParaHippocampal_L,Amygdala_L,Calcarine_L,Cuneus_L,Lingual_L,Occipital_Sup_L,Occipital_Mid_L,Occipital_Inf_L,Fusiform_L,Postcentral_L,Parietal_Inf_L,SupraMarginal_L,Angular_L,Precuneus_L,Caudate_L,Putamen_L,Pallidum_L,Heschl_L,Temporal_Sup_L,Temporal_Pole_Sup_L,Temporal_Mid_L,Temporal_Pole_Mid_L,Temporal_Inf_L,Cerebellum_Crus1_L,Cerebellum_Crus2_L,Cerebellum_3_L,Cerebellum_4_5_L,Cerebellum_6_L,Cerebellum_8_L,Cerebellum_9_L,Thal_LP_L,Thal_VA_L,Thal_VL_L,Thal_VPL_L,Thal_IL_L,Thal_MDm_L,Thal_MDl_L,Thal_LGN_L,Thal_MGN_L,Thal_PuI_L,Thal_PuM_L,Thal_PuA_L,Thal_PuL_L,ACC_sub_L,ACC_pre_L,ACC_sup_L,N_Acc_L,VTA_L,SN_pc_L,SN_pr_L,Red_N_L
Precentral_L,1.0,0.6765055000835263,0.6933308408166506,0.3950300609216242,0.30237214946656316,0.05523282405336287,0.6143318827751495,-0.003025834454050291,0.14651817547626356,-0.26743415680119415,0.020018093368637125,0.04294451562464815,0.03315024158902965,-0.16958036259935946,0.2754621276110937,0.3952185837264214,0.6844100582550698,0.5421183999868253,0.7392952280605799,0.4094337866508267,0.41846494741743356,0.4102534872372473,0.13083029126362322,0.3609723136225581,0.17746185034216935,0.009455477675867642,-0.15086181404764445,0.3746980707093963,0.860037749849642,0.5327237059442065,0.5458214305560183,0.1833879047052803,0.6142031091499023,0.47710228901004614,0.4937680982629068,0.4783785356676106,0.382095919701837,0.4909812641556301,0.08255011495179689,0.12861458523603034,0.045374002639057005,0.15524561445547153,-0.011078094418920551,-0.05619615418417537,0.46746173330614593,0.5992367268904707,0.05024387439677714,0.370392278260969,-0.0036717005658172437,0.12800544159197885,0.5314513582942635,0.4218977854662567,0.5723565089317341,-0.08058030043082812,0.47157153484792075,0.0978418918409949,0.5313414690328133,0.4806793781360376,0.46127113041106194,0.5823242980128043,0.46456186846122105,0.6224620826413279,-0.03206288322555324,0.05231713536440841,0.12923926187881807,0.24117369646244577,-0.20586395899061297,0.30497914678199023,-0.07158722583485512,0.6507214510386716
Frontal_Sup_2_L,0.6765055000835263,1.0,0.8363813188066137,0.3729712573655649,0.2503724355093457,0.028060691922310636,0.6914569070279729,0.42084510148815996,0.535074642364835,-0.1279019093224803,0.4210212857813475,0.45388521968403894,0.42630345183941076,-0.16489509495361526,0.22852745681988443,0.5694778503270528,0.44500416303763085,0.531933999562367,0.6683252277865652,0.374898302287947,0.1992603373715659,0.052526465426359775,-0.22399487365210316,-0.010160581620178655,-0.25727347782282306,-0.38920200583744374,-0.5445476109192252,0.16635056833014214,0.6733366199601699,0.21900373071017568,0.36186544849773494,-0.25320738399267856,0.3391056612883314,0.45070316826573154,0.5895714878636303,0.5612721001183856,0.365583036152115,0.5303136582616363,0.37797663649103297,-0.10172006103226403,0.03322935170437347,0.07406270416074348,-0.10779213948374762,-0.014580048880968246,0.367010742563858,0.4172065366997669,-0.25755195733461644,0.38249253119135934,-0.3118501975109708,0.21176686572642806,0.629935907507439,0.5041186483058645,0.5381952400964387,-0.06877773614244635,0.5173167225799105,0.06086889863248869,0.3316915774335157,0.580503639482078,0.4024932271653682,0.6454089471297508,0.3484963187519286,0.481019617103106,0.1846850828848231,0.4161736888003427,0.4856247551412813,0.44586700065267554,-0.22990221927085877,0.011807949226153965,-0.1199959056192459,0.5993739922589467
Frontal_Mid_2_L,0.6933308408166506,0.8363813188066137,1.0,0.48178366015461044,0.4836250788939242,0.21394454044327021,0.7048081788385383,0.3658343059922819,0.4870814538545467,-0.14485452968383872,0.38368700505748904,0.3816372818573041,0.42941371744868767,-0.09537557608018862,0.22654616725772797,0.5332172434637942,0.510429667964869,0.45643886263869105,0.6589066367027663,0.34745343552708935,0.304216130288468,0.328319808173477,0.07351533178407266,0.27024173198478435,0.048615624385268376,-0.07429486916416218,-0.24139159959593093,0.33718953459205026,0.7205236181690652,0.43168402711844156,0.5544128615013414,0.06028883686210808,0.4721118016700685,0.4180278079674898,0.622566199894497,0.6233558869582457,0.4097194803923961,0.5974644530691192,0.2485183144823383,0.098823178223178,0.05855343908613428,0.15436690298213376,-0.0362937135642319,0.07517674228263369,0.4182985191839004,0.5210662244854617,0.015039821022498031,0.35046738520864357,-0.08922064462411959,0.29029012407760085,0.69005975928883,0.583432685865643,0.5573420349215457,0.028926383525135525,0.4745649185896576,0.18651935565431552,0.458019911024791,0.5233963752530503,0.5056674384335283,0.5802329932330651,0.41812054341989746,0.48835921385615405,0.0342341758698962,0.3450599926151505,0.3450832739511613,0.48634610391484584,-0.1817920662646336,0.06728369064139701,-0.26160769550964086,0.5709977506850505
Frontal_Inf_Oper_L,0.3950300609216242,0.3729712573655649,0.48178366015461044,1.0,0.7593494044185586,0.2169282142961976,0.6754904732617513,0.0014244436922321614,0.32251058856197135,-0.16709127833728454,0.040877949977969376,-0.07429826920244653,0.15767113685475675,0.09511541237062739,0.020187421128876747,0.36256992137755223,0.21101921641067883,0.17605437449477973,0.20861908070813243,-0.12166482391907028,0.30766528297254725,0.20118891865640695,0.12099030093258357,0.13935365939888944,0.11706419426624698,0.06549433280298926,0.03738223259456421,0.14320667630632225,0.3526390864286641,0.15373337852549715,0.40126968621132086,0.13814089891477854,0.13882677598683885,0.15965017213520025,0.331550602775189,0.48019139275174627,0.3903699773314794,0.29638088062195933,0.05250555096535919,0.07149222719476123,0.31209598180182296,0.07603074579417594,0.005612825811292181,0.14466151144226372,0.23057144223935713,0.18194264497407883,0.09766483484589342,0.0244911817967139,0.06749836618720942,0.034007225845927726,0.2750937390628322,0.2501204407150211,0.15548664513007032,-0.023504516518164147,0.20033354721077845,0.05578603206825497,0.3395442143253943,0.2543810485212249,0.1622390809914549,0.0904529832990198,0.10642430022080084,-0.019274722926824465,0.10981391006698385,0.3253952709622802,0.04498876172624999,0.2820015873468688,0.05590842414504312,0.02333189325690176,0.11681839810711533,0.2523301440799153
Frontal_Inf_Tri_L,0.30237214946656316,0.2503724355093457,0.4836250788939242,0.7593494044185586,1.0,0.137544897537283,0.48266293276553274,-0.060384070405346234,0.31759333887065616,-0.17423991814907416,-0.10172889974811529,-0.14742374985939563,0.04709566599565431,0.08299344888312443,0.03959015654222731,0.3268401335594402,0.22811330440180286,0.0993589371602657,0.23942533764625848,-0.04570689366950452,0.3632952867125563,0.39202231967205603,0.29411142548694447,0.28763044175032204,0.26410740699894164,0.20036559029352483,0.12565376513399687,0.15567035572042945,0.32922256802217037,0.28116974324516947,0.40468942096571026,0.23864489685106446,0.23668191675179118,0.11928602154220817,0.382194760328706,0.499389858417814,0.48589114775058145,0.23546471988165046,-0.12039654139136848,0.061006381705987434,0.2428489671865258,-0.02864288871570261,0.0771158206075527,0.07159440970144124,0.26972000591208134,0.1893804979000103,0.21418409779634273,0.19282170209064878,0.1800325566137538,0.21359983479558056,0.31813945301160573,0.3645916314502339,0.30265884581437197,0.14401476048288103,0.30558480901957086,0.3803946405524352,0.2571969491655512,0.18075195601970925,0.2975045829281583,0.11983873732114134,0.07405224450901077,0.015314968925595631,-0.2590536986663859,0.29688223403667136,0.026556184661415322,0.0601068628531915,0.09762356912439983,0.036189931425193694,-0.0687228661486252,0.09155315775502375
Frontal_Inf_Orb_2_L,0.05523282405336287,0.028060691922310636,0.21394454044327021,0.2169282142961976,0.137544897537283,1.0,0.2821177531872537,0.35101443757277573,0.14814426612735748,0.2126789234065147,0.2247628847894513,0.19601127875608695,0.27898185640397616,0.5057731770913253,0.16130848803346665,0.4119136274831715,-0.05525301964416713,-0.1217486424685592,0.19564669825549288,0.16693066484424815,-0.015988351886315016,0.28655410648455937,0.2883986338487589,0.44410043577173836,0.329824670376267,0.47959708817501356,0.48687333388896437,0.6479479095203106,0.024319575415856057,-0.009699608158055428,0.29852442889190006,0.25783550510355147,0.07905647129250007,0.17499491191657018,0.014234724388920893,0.13550156970120625,0.01217460492450537,0.49204983853087225,0.3617628722963321,0.7758359782993356,-0.010714812936459386,0.6963459206974846,0.22717902493017297,0.6650129643502767,0.5527572395937189,0.37676906297228,0.5592326474795747,-0.39625367864477007,0.31144156970581055,0.18963314973354076,-0.03146442888860653,0.1327119830581412,0.013329283096121592,0.18846953242316442,0.10530462193630508,-0.1387228428112979,0.3087426095314099,-0.06793491218288962,0.05491266293778954,-0.10341481990594528,0.24415674634510018,-0.11975572655982235,-0.05638561649486556,0.0057758536068094005,0.09389209927921956,0.2540419608303912,-0.02351172331726367,0.3082701366152449,-0.04849096281392494,0.16063194451519977
Rolandic_Oper_L,0.6143318827751495,0.6914569070279729,0.7048081788385383,0.6754904732617513,0.48266293276553274,0.2821177531872537,1.0,0.21032996379470803,0.4472287075348706,-0.22939819921257382,0.2832606396195121,0.25065855002999465,0.31161556189369294,-0.10204498595141939,0.1794850854436417,0.5464267274419471,0.35671762152651926,0.4023971483364915,0.5735420837643712,0.18380522218505865,0.1659133674922542,0.17704623103688888,-0.09397772901752637,0.151863716592944,-0.05804634512633803,-0.12496162702510206,-0.20339558317199916,0.3444108600415119,0.5506254472934765,0.21625771703863975,0.5734801364115005,-0.02009980196132635,0.2719563468889852,0.4640344689985836,0.458461007201341,0.5494741085144763,0.4699308209642886,0.630487878396354,0.337242084652444,0.15227596966245072,0.09335515483175394,0.21993541307798892,-0.0034703650336921532,0.23781176704496307,0.4897023112785951,0.43021385056541883,0.05873207896719077,0.08715336888111272,-0.07700199253420044,0.07926735157786705,0.5294217516852878,0.3764034724546008,0.3264876030993438,-0.07244590878965321,0.34820104057653073,-0.1059749650595224,0.49825444573488725,0.45672960456118467,0.26490050338804405,0.40495838342245766,0.3314922145893539,0.2579181210039065,0.144354811612818,0.4409055567044804,0.31965588903770337,0.33609566067495544,-0.21423646392269968,0.02618928733810822,-0.054895433848035226,0.5278169565369928
Olfactory_L,-0.003025834454050291,0.42084510148815996,0.3658343059922819,0.0014244436922321614,-0.060384070405346234,0.35101443757277573,0.21032996379470803,1.0,0.44255289112259216,0.41216510294966846,0.6988117089445522,0.6984718551006444,0.6995524256627965,0.06727572974062218,0.42969292628883626,0.3587658915517398,-0.08679236990209803,0.14754871783139403,0.21442827235293624,0.17182036141409004,-0.2472699080715978,-0.13524245213538189,-0.2176649768895394,-0.06483150270629649,-0.2583236283912575,-0.23758465275898183,-0.2961010680935624,0.12099763558069473,0.030761483824750555,-0.19359825330627142,0.008715227666151936,-0.29516994479856945,-0.004000036199962716,0.017719166260646055,0.2520164065441397,0.19771204150601027,-0.07024497650138044,0.3617716307944429,0.4629491805897737,0.0688946727913641,0.11346493157332274,0.18645564048961047,0.10882087316916535,0.2567538802221605,0.19553720842394162,0.17936426287654292,-0.09587455212602987,0.02855771943257166,-0.23483836911435785,0.2506187000734811,0.20138438741277515,0.3108751489215561,0.18745327200856612,0.24761073425585498,0.19820571406595033,-0.004623510953813015,-0.0982956630042567,0.11778085175796818,0.19525985906391202,0.28119684864954214,0.15328971943267775,0.04364485929812729,0.21139871003580038,0.23940041746860138,0.46672816178808524,0.6933549726793089,-0.17712683029622472,-0.04481656358662785,-0.17508062751166673,0.15417277061883944
Frontal_Sup_Medial_L,0.14651817547626356,0.535074642364835,0.4870814538545467,0.32251058856197135,0.31759333887065616,0.14814426612735748,0.4472287075348706,0.44255289112259216,1.0,0.0028696422030037817,0.3835896517010952,0.38472350444423864,0.21460962056771618,-0.006116039657309583,0.1164987914813477,0.528832160056404,0.007895291613992387,0.23752262052134304,0.37485395404866356,0.357392269682961,-0.015627978634794128,-0.11501262713776321,-0.3183300656125076,-0.12088859875496026,-0.3354534472883055,-0.32160120811275517,-0.38207748432964284,0.16294255637372093,0.12329022739397963,-0.14424821432785248,0.22745525057270588,-0.29757565915480827,-0.03305663297278194,0.3346085125001687,0.5680533197898027,0.568085082159378,0.1321185492837814,0.40465413765464964,0.4925322795119254,0.033596140474795456,0.01248557514472529,0.23662296495068444,-0.01284479752959019,0.17820277163072654,0.2590636538589615,0.20215271866673123,-0.12280628258519836,0.09270328261305412,-0.2271385519542271,0.23759108595423598,0.48955615216964177,0.5808383470051898,0.300613705124294,0.08320329377811486,0.3651875156744388,0.01134981536076709,0.13892206191924064,0.4302314014879312,0.24642603403802485,0.3909741320565383,0.30212675765913966,0.01708226585856493,0.15025521108296988,0.6206559337819066,0.5617391432895884,0.21002146182462877,-0.08228834663956745,-0.09897931238177449,-0.14791926542298522,0.276517242493081
Frontal_Med_Orb_L,-0.26743415680119415,-0.1279019093224803,-0.14485452968383872,-0.16709127833728454,-0.17423991814907416,0.2126789234065147,-0.22939819921257382,0.41216510294966846,0.0028696422030037817,1.0,0.3566674108173012,0.3302276141764036,0.27702772198986075,0.026269536157046865,0.4132374966745183,0.12786127212503165,-0.186252245593181,-0.1898927317568252,-0.14391188443536984,0.03489980819624858,-0.2761046492106895,-0.0978171710795486,-0.02325874094265098,0.025529332610283048,-0.028579357179936364,0.06250566726355401,0.07732660478340322,0.07410659523352084,-0.2668598581345828,-0.29601959356861735,-0.13706894632125077,-0.11076503701402368,-0.1785037651955541,-0.1952695270531523,0.0010334613142155607,-0.07093936397524743,-0.0890350747991103,0.06789557479098877,0.2102790115602799,0.19206913335920126,0.12468808839225241,0.2107860730245633,0.09827094162376986,0.21964379329053577,-0.0008201449714023119,-0.024648095486719927,0.08193315236191571,-0.29884334191784484,-0.004022451568689792,0.009908549344987179,-0.22538345755679057,-0.0680065547297163,-0.09718944148925336,0.14249038206934464,0.007619254017189446,-0.02239770142928346,-0.11992179932747185,-0.13892111202795754,-0.02519543390691319,-0.12294934655859743,-0.08481143689077442,-0.21417063159226607,0.11398749372395375,-0.18158016459785034,0.03765149289361523,0.2878040769635595,-0.11276463096978373,-0.00748932488286678,-0.008749950962974701,-0.14896959059059287
Rectus_L,0.020018093368637125,0.4210212857813475,0.38368700505748904,0.040877949977969376,-0.10172889974811529,0.2247628847894513,0.2832606396195121,0.6988117089445522,0.3835896517010952,0.3566674108173012,1.0,0.8528670581177875,0.6578507896218672,-0.1594489892454168,0.2974653930484693,0.29867400645713327,-0.12639502642055134,0.13110253510996558,0.2122155291241581,0.2354463015301683,-0.3482551427764165,-0.2450092848301025,-0.33541023084141125,-0.20722347482652034,-0.372172591448422,-0.3215778074244603,-0.304408857379642,0.07718139223390173,0.04709897648323486,-0.28808270441127115,0.03905651883760854,-0.3716904326624221,-0.11009597567661278,0.1105731154881655,0.41882588466583914,0.2555963261819706,-0.0394852493308284,0.3691637847816249,0.5332188488786312,0.038426753242612695,0.14981905354490826,0.2531651031490888,-0.06008174302817431,0.3838194821305068,0.05940908808673046,0.08136979938600579,-0.19651638025851167,-0.1479485915111489,-0.3799112856516083,-0.017711682689988194,0.34092561503684543,0.23350573268479888,0.12760837810092363,-0.1848514288209187,0.14386875874369748,-0.32613570925120905,0.1447067613815729,0.18646389996062154,0.10051412336900069,0.273444478721257,0.12149411993152776,-0.004694026762902252,0.40393529066513123,0.35868104724052347,0.30006779471918116,0.6064827169638605,-0.3825635852223314,-0.26713797068377615,-0.16772728739758314,0.17032521776434156
OFCmed_L,0.04294451562464815,0.45388521968403894,0.3816372818573041,-0.07429826920244653,-0.14742374985939563,0.19601127875608695,0.25065855002999465,0.6984718551006444,0.38472350444423864,0.3302276141764036,0.8528670581177875,1.0,0.663408410572071,-0.090438410943818,0.3892989621428096,0.2708261194543585,-0.06791008954224291,0.17594887213781188,0.283033702890212,0.36908222945874086,-0.27627354152507794,-0.17598287661206957,-0.29852421576587856,-0.14375768531306657,-0.33569748480875317,-0.3269531395304079,-0.3444861112499526,0.08868786153174389,0.10439822238479243,-0.19951692070817023,-0.0014439153570557435,-0.33822507246245753,-0.03608128990215886,0.1334177924298317,0.4269134302085921,0.31457209178691825,-0.0959496002605784,0.3445959768755026,0.48518926543163565,-0.010283309609738462,0.060013792500457325,0.14357844747412418,-0.026819812568379238,0.30323860458054247,0.10749747862501269,0.12087250511803953,-0.16860797364162333,0.04194067430428061,-0.32535048835431807,0.10025953104486957,0.31145273850958144,0.21654618379475482,0.17554687552330703,-0.12283722853754708,0.17484309078719257,-0.20375327013993078,0.04503797248266513,0.19285086058770334,0.054872076206500316,0.27789960500596933,0.12195595612729088,0.09498399059496983,0.31609312133493,0.33046704223976314,0.3595651713647789,0.5483023771371223,-0.3111016471422495,-0.2960905429209726,-0.20757119589291054,0.21183664250725132
OFCant_L,0.03315024158902965,0.42630345183941076,0.42941371744868767,0.15767113685475675,0.04709566599565431,0.27898185640397616,0.31161556189369294,0.6995524256627965,0.21460962056771618,0.27702772198986075,0.6578507896218672,0.663408410572071,1.0,0.004355277742574198,0.2954594317445161,0.06545603363760942,-0.03524548379256159,0.07212542184653747,0.05057599667081224,-0.1476817316960104,-0.1678942609325733,0.03535611357232611,-0.00594790621887223,0.027619087908154098,-0.08091656741004345,-0.09485818823346678,-0.09240962291995246,-0.04519907938228123,0.103085630929723,-0.08128562628586743,0.04856397603874173,-0.14343989465221124,-0.037300977258692226,-0.10883294593973299,0.0956151571193565,0.1382962728736109,0.020978059920922127,0.16782838845697007,0.06687652509817832,-0.10160321476921984,0.04076178171852843,-0.12812400862873577,0.0019441689308572925,0.2881620324743605,-0.07122360741721821,0.012091604557104032,0.024320947153147966,-0.012052445708705754,-0.0456280147090362,0.11719173781076993,0.21338116632962087,0.12193632062557312,0.11524061185266096,-0.045818990812306115,-0.004458525413231161,0.026557779974931212,0.06249319389927732,0.07586528568601593,0.013188740408832542,0.1249388193615502,-0.0012040089941928779,0.07045156362258673,0.23683296502952636,0.23143044490790357,0.18807936694098795,0.645437136134813,-0.05017285896934016,-0.2717054942938553,-0.06615696012155199,-0.016872570601769707
OFCpost_L,-0.16958036259935946,-0.16489509495361526,-0.09537557608018862,0.09511541237062739,0.08299344888312443,0.5057731770913253,-0.10204498595141939,0.06727572974062218,-0.006116039657309583,0.026269536157046865,-0.1594489892454168,-0.090438410943818,0.004355277742574198,1.0,-0.20491773799836938,0.04964342961328437,-0.21809851546862813,-0.2740597171450369,-0.13127996773759917,-0.022619665014869207,0.12451514194456594,0.13815980464516367,0.20847038176355165,0.19313529953661265,0.20231501533081678,0.26493508252085934,0.3269527681313247,0.16772233767825176,-0.14451080732925295,-0.0907185615649972,-0.12658248736219269,0.11790677891243076,-0.13005363212103535,-0.042714999868187074,-0.19340781243867852,-0.191330551335656,-0.09738863998336122,-0.06674899591199526,0.0977123352592751,0.2756909481388761,-0.08488661027328158,0.20814435151486865,0.042280703488907154,0.2217544386790231,0.09652463630405131,-0.013490308870654106,0.2950753104791322,-0.19310813835798457,0.2989148504527455,0.28488130726822875,-0.2967730165023575,-0.0492998025599727,-0.2321029554810449,0.4182559074638978,-0.09649879798422889,0.08014476033346818,-0.0036940926168907936,-0.11495289035513356,0.00894223211432989,-0.31084190825719354,0.010391430411459615,-0.29114493162434213,-0.19816117218570833,-0.2424175251724637,-0.11710676199384186,0.05274049110391679,0.2150899671783857,0.21392861996472678,0.05195099283656556,-0.05472492916486467
OFClat_L,0.2754621276110937,0.22852745681988443,0.22654616725772797,0.020187421128876747,0.03959015654222731,0.16130848803346665,0.1794850854436417,0.42969292628883626,0.1164987914813477,0.4132374966745183,0.2974653930484693,0.3892989621428096,0.2954594317445161,-0.20491773799836938,1.0,0.3213671091239249,0.2728043488400496,0.18892064857435462,0.33783125354096505,0.29070843665112805,-0.03735930994718442,0.155272698872473,0.0384178410827548,0.24101092071930802,0.09271459870387631,0.060082777646799396,-0.08385499979211392,0.28329639456513,0.2683838253055817,0.2182540575507508,0.29008096451290366,0.09974697237170697,0.3395420455324271,0.13751490102865427,0.31190266717504445,0.2666897472070702,0.08526617944993739,0.35614760024764447,0.1483639357807194,0.17325600897437154,0.11513535257405426,0.1672406650528914,0.27787379453246924,0.03160181805681725,0.28387385626773337,0.3721224442408974,0.16285535891385142,0.1384414792019762,0.0404953027402372,0.12836567132999924,0.28909697631538656,0.27376626172663904,0.345213594585204,0.14183813236144893,0.29925474855077383,0.10077586686907417,0.1259093228696817,0.17616917700122126,0.27621080031247314,0.2994327162258766,0.24079007808841188,0.17741619251110155,0.07508663791975725,-0.07283675440828255,0.13713013242151872,0.3878644152737262,-0.24904855958279135,0.09834440982298022,0.023088426500944517,0.24758975525269775
Insula_L,0.3952185837264214,0.5694778503270528,0.5332172434637942,0.36256992137755223,0.3268401335594402,0.4119136274831715,0.5464267274419471,0.3587658915517398,0.528832160056404,0.12786127212503165,0.29867400645713327,0.2708261194543585,0.06545603363760942,0.04964342961328437,0.3213671091239249,1.0,0.344740280644831,0.3669477521895154,0.5751826329766169,0.46318376843819836,0.060363097829260186,0.09793215788040151,-0.0806228485707027,0.1418819140817719,-0.04836838408273142,-0.03350445620876138,-0.19808389571693763,0.5136512610007449,0.36510234205126835,0.09276733806610221,0.48467133614834085,-0.04170685810365573,0.2907110904950594,0.5232777116024715,0.5508754372730197,0.5182924032069715,0.46267719810944963,0.7526642429749469,0.5981915170199591,0.4626424954365172,0.049255765223334746,0.5959515931331446,0.14581217608915223,0.2505188499129456,0.6326960243331463,0.5255258546496083,0.041686398949883026,0.04617912285051827,-0.11652539489154971,0.15938369219265971,0.3948700804153342,0.5329382713820561,0.47468539627839457,0.12719566434781596,0.5816021513437856,-0.011899877850198238,0.31225295854772805,0.40899915177649276,0.41677636350641367,0.49135572226807117,0.43166237685571657,0.16249446171032134,0.06058148365220732,0.2729517334194487,0.5221483516466503,0.2181305032705362,-0.23285757948987024,0.2729086286964914,-0.20902247248254552,0.4499348999223086
Cingulate_Mid_L,0.6844100582550698,0.44500416303763085,0.510429667964869,0.21101921641067883,0.22811330440180286,-0.05525301964416713,0.35671762152651926,-0.08679236990209803,0.007895291613992387,-0.186252245593181,-0.12639502642055134,-0.06791008954224291,-0.03524548379256159,-0.21809851546862813,0.2728043488400496,0.344740280644831,1.0,0.712835723022618,0.5898727610516258,0.2601336142481943,0.42272139358640315,0.5654313781914881,0.3447073573679215,0.5213853999373447,0.4083067187786763,0.24659873957012013,0.0035837245106663355,0.38937361947255916,0.6258575399997843,0.7275422847762394,0.7015771496692206,0.479424362194016,0.8306301429366529,0.47647635172833197,0.4383835616379994,0.3619695392834875,0.45897824379182617,0.4391789989636321,-0.16351157361476612,0.15851756234959946,0.0475622565254741,0.08753002704468381,0.22876216865267796,-0.19673204789182877,0.33216354338403037,0.6501802849291662,0.21119595225683488,0.347003673446785,0.20955575374457058,0.09086223519370959,0.4239027776486924,0.4725979208510433,0.6560565318583119,-0.014460192088258638,0.4003127654259175,0.2850805457076411,0.42575606746673705,0.3593988234160077,0.6060271465239736,0.66260456366028,0.5759840667803756,0.5388090394406881,-0.18007109518367728,-0.17401853991172592,0.12329057703988756,0.11721312139360919,-0.09832594653671721,0.2617743370391693,-0.08033580997313149,0.4265961977715154
Cingulate_Post_L,0.5421183999868253,0.531933999562367,0.45643886263869105,0.17605437449477973,0.0993589371602657,-0.1217486424685592,0.4023971483364915,0.14754871783139403,0.23752262052134304,-0.1898927317568252,0.13110253510996558,0.17594887213781188,0.07212542184653747,-0.2740597171450369,0.18892064857435462,0.3669477521895154,0.712835723022618,1.0,0.5736319837913766,0.23224000870656897,0.1141701794806671,0.08302419169383185,-0.1816491051527357,0.0865156155921721,-0.10558625043925228,-0.2235886028235541,-0.38858757386740106,0.15136871613697825,0.39464913466695833,0.321903776668234,0.5747675644467524,0.07420257931039459,0.5113989970134227,0.4575895329363733,0.46444530783488275,0.42563342854406677,0.18984728515163704,0.44304828418121806,0.17308737427738843,-0.06793959294655944,-0.02708098541980532,0.026748079445195336,0.0979789075038395,-0.14954485117209818,0.2575226022146037,0.47788848931479244,-0.1717437142176408,0.32331979508977615,-0.1745555478903617,-0.03478762042600074,0.4376533011205159,0.3312956357782785,0.5528579834529864,-0.08968742536612397,0.36905491059711887,0.013395934326622717,0.31304227078806784,0.3790259358198007,0.47957705216348184,0.7384764327206541,0.5613328262245997,0.5924955999081777,0.15695476205228712,0.2306840359004242,0.301361061886129,0.2289186505297855,-0.28775779517417766,0.051632727769555874,-0.1279371887898871,0.48244517788852465
Hippocampus_L,0.7392952280605799,0.6683252277865652,0.6589066367027663,0.20861908070813243,0.23942533764625848,0.19564669825549288,0.5735420837643712,0.21442827235293624,0.37485395404866356,-0.14391188443536984,0.2122155291241581,0.283033702890212,0.05057599667081224,-0.13127996773759917,0.33783125354096505,0.5751826329766169,0.5898727610516258,0.5736319837913766,1.0,0.6926465397146813,0.37144871592577006,0.3621327635108563,-0.014546548557618841,0.3859775475689759,0.04918878551393119,-0.045014258768183324,-0.2890647451853521,0.628751850864775,0.7098036315788664,0.36545306917180354,0.5461736665656194,0.0235710649418924,0.6614052532171102,0.484567424444817,0.6869584828574862,0.6381425811861544,0.2759143549180537,0.7375849406495649,0.4025046464267986,0.32366583466053406,0.0928216049130704,0.44071822711569,0.13304882000653848,0.07574772135769729,0.7149514379582806,0.7951923359561951,0.0941236437140996,0.290643451365396,-0.10332264590856052,0.27165125755724234,0.5689133663822551,0.5931633232891319,0.7269717031957879,-0.0031530524064056855,0.6678468732241276,0.08941407036451302,0.579373330387879,0.5225348164485702,0.6506460878890155,0.7620829238765054,0.6380014283761837,0.5048184572257693,-0.04771924923905833,0.21994155041259877,0.29288679843497956,0.22260457139435005,-0.32360644203895045,0.3229470884543457,-0.1807253291609533,0.7312273050540079
ParaHippocampal_L,0.4094337866508267,0.374898302287947,0.34745343552708935,-0.12166482391907028,-0.04570689366950452,0.16693066484424815,0.18380522218505865,0.17182036141409004,0.357392269682961,0.03489980819624858,0.2354463015301683,0.36908222945874086,-0.1476817316960104,-0.022619665014869207,0.29070843665112805,0.46318376843819836,0.2601336142481943,0.23224000870656897,0.6926465397146813,1.0,0.1832295115720544,0.16554722385581755,-0.0882230828356657,0.21930583991944425,-0.057851638508133414,-0.05931072050885223,-0.20221431420768685,0.5430073716167786,0.39675466480300214,0.1433646588329417,0.22509509154606644,-0.07438258872668632,0.3762583536444013,0.37733783468046433,0.605108852862733,0.48111386094202147,0.05893732872622607,0.5162376287117838,0.5157268221547201,0.3614550447376929,-0.0196543805562847,0.5219092291748572,0.05538315271235962,0.07788464886964723,0.5667677071912511,0.5745631142442097,0.03777097315798027,0.19612064164454523,-0.17543418789252727,0.1935624094590757,0.39547640739778894,0.5002137517745691,0.49672315833936337,0.0649843977685997,0.5764628413475648,0.017055642839024044,0.3071422575228328,0.3870572925599354,0.4164184025970933,0.4969298229353181,0.4349661134257693,0.28925865439695797,-0.12137244867978289,0.09018861268726301,0.2322559935335769,0.011615310788152332,-0.2522389391776822,0.2578340636592463,-0.16999833781045884,0.5135807759639738
Amygdala_L,0.41846494741743356,0.1992603373715659,0.304216130288468,0.30766528297254725,0.3632952867125563,-0.015988351886315016,0.1659133674922542,-0.2472699080715978,-0.015627978634794128,-0.2761046492106895,-0.3482551427764165,-0.27627354152507794,-0.1678942609325733,0.12451514194456594,-0.03735930994718442,0.060363097829260186,0.42272139358640315,0.1141701794806671,0.37144871592577006,0.1832295115720544,1.0,0.5385675478063823,0.4630880671760602,0.47423006304474963,0.38704144598812695,0.27644495875883857,0.1078810743063172,0.29831076806985196,0.46480621412846923,0.5118548885091363,0.2761989805665779,0.33287330942600657,0.5424195857646177,-0.0018272492471110215,0.34708361349471634,0.26469316474733545,0.24980408811888377,0.09751981958549516,-0.277379338627977,0.04402756125520344,0.16266065615441394,0.01071114714267061,0.21990847730183205,-0.16434206470155752,0.23766867601486033,0.48440115980487447,0.32289680315598385,0.38521226008628545,0.4440943429297352,0.3659559582426383,0.11086192950336117,0.2977424574565538,0.40379074113558056,-0.056167687592507703,0.3756642567937776,0.5156274584045007,0.1267490410531491,0.18329739330837153,0.2511094088306895,0.17869173423847404,0.31419674724710833,0.13301774252601495,-0.22481448354010405,-0.15356412634934039,-0.02269796621874422,0.0008143769296327133,0.3628123306637824,0.36877832901870605,0.17016102816203993,0.3350678747566158
Calcarine_L,0.4102534872372473,0.052526465426359775,0.328319808173477,0.20118891865640695,0.39202231967205603,0.28655410648455937,0.17704623103688888,-0.13524245213538189,-0.11501262713776321,-0.0978171710795486,-0.2450092848301025,-0.17598287661206957,0.03535611357232611,0.13815980464516367,0.155272698872473,0.09793215788040151,0.5654313781914881,0.08302419169383185,0.3621327635108563,0.16554722385581755,0.5385675478063823,1.0,0.8743908074098222,0.9195903441491946,0.8770140663335297,0.7933872299196335,0.6124344974041189,0.567823289030131,0.48321196384246384,0.7032410504028224,0.531514302364034,0.7481905743572602,0.7213668389405846,0.10117338894833318,0.20406070666327172,0.11983710759288069,0.41918692419997355,0.2806181602993487,-0.4136002774991286,0.4561536817094901,0.09327131855964599,0.1649571137787077,0.2828964508987233,0.13109467994372012,0.29073470430480464,0.5688220381577579,0.7158045033961037,0.12604501912394991,0.5845422271342705,0.33924779113932957,0.13133859500123116,0.4063442680518577,0.47670463425191917,0.13611186756781102,0.2516881247968276,0.5520361956160609,0.4040639397980017,0.047434165650825595,0.49251013405176786,0.23450937444089562,0.3871925461398651,0.21273011067343078,-0.5207970044447909,-0.3904009225747033,-0.09625644594859491,0.03796283977738863,0.15837543543720078,0.34608503857985495,-0.10839996588480605,0.07428202090586973
Cuneus_L,0.13083029126362322,-0.22399487365210316,0.07351533178407266,0.12099030093258357,0.29411142548694447,0.2883986338487589,-0.09397772901752637,-0.2176649768895394,-0.3183300656125076,-0.02325874094265098,-0.33541023084141125,-0.29852421576587856,-0.00594790621887223,0.20847038176355165,0.0384178410827548,-0.0806228485707027,0.3447073573679215,-0.1816491051527357,-0.014546548557618841,-0.0882230828356657,0.4630880671760602,0.8743908074098222,1.0,0.7920747995417654,0.9270388417735071,0.8879955020295949,0.7845047182441002,0.3735590360545949,0.23902529298027625,0.6126036754909857,0.3262664265828342,0.8091149390919324,0.5199102357307471,-0.12818374214382738,-0.06087759444450735,-0.11241251954369344,0.3259234071833207,0.029489111486750267,-0.5563712377585727,0.41625159805919104,0.08255044012496471,0.08398165549865448,0.31259327352881433,0.13165698129965867,0.06759189271814801,0.3011757746191652,0.7036103193256792,0.024859602011985827,0.6629667370924474,0.2304899228983414,-0.14022655195878564,0.17436750551463534,0.22851955844994387,0.11177475575229387,0.04671373087106338,0.5552943319921542,0.13065946390157637,-0.22171062631642066,0.21142127646977163,-0.08656587795669554,0.12613756176227034,-0.019979154030056522,-0.4824786841179989,-0.5162532834402371,-0.21163111244179517,-0.014322828359420994,0.3459215609760995,0.289003044570821,-0.013099288607098062,-0.1967109577738441
Lingual_L,0.3609723136225581,-0.010160581620178655,0.27024173198478435,0.13935365939888944,0.28763044175032204,0.44410043577173836,0.151863716592944,-0.06483150270629649,-0.12088859875496026,0.025529332610283048,-0.20722347482652034,-0.14375768531306657,0.027619087908154098,0.19313529953661265,0.24101092071930802,0.1418819140817719,0.5213853999373447,0.0865156155921721,0.3859775475689759,0.21930583991944425,0.47423006304474963,0.9195903441491946,0.7920747995417654,1.0,0.8507649090634771,0.8387518213254107,0.6475275646644242,0.7436004876198622,0.38282259890055925,0.6052452401143608,0.5503021200810728,0.7327960234892286,0.6859255475573002,0.1435502672988004,0.17903198448421181,0.13285542520914795,0.27604550285656243,0.386782483338631,-0.2795340490197249,0.6250321590710988,0.01799530181127092,0.3531747845045458,0.370472658230291,0.25103207355178414,0.4261238507307646,0.6911244650553512,0.8545465669281753,-0.008025062029215359,0.6472373652257165,0.41704688207461754,0.07002336969640453,0.3765426942864161,0.40229280484105234,0.23620807626878465,0.2100824601971602,0.4558237337984595,0.43140291112535245,0.029711948025116813,0.4729396733317804,0.2020958083345599,0.5010136953277881,0.19240450554737804,-0.5147411887962391,-0.41198327480639585,-0.07514934999120751,0.07331042867133347,0.13651111452833892,0.40358693048685074,-0.08727848750759824,0.15350539244502726
Occipital_Sup_L,0.17746185034216935,-0.25727347782282306,0.048615624385268376,0.11706419426624698,0.26410740699894164,0.329824670376267,-0.05804634512633803,-0.2583236283912575,-0.3354534472883055,-0.028579357179936364,-0.372172591448422,-0.33569748480875317,-0.08091656741004345,0.20231501533081678,0.09271459870387631,-0.04836838408273142,0.4083067187786763,-0.10558625043925228,0.04918878551393119,-0.057851638508133414,0.38704144598812695,0.8770140663335297,0.9270388417735071,0.8507649090634771,1.0,0.9408049522119963,0.80464013540364,0.48882367477673794,0.23091506766989797,0.5918759210143516,0.3841949862596157,0.8415316607604523,0.5430355935825114,-0.0016472890647451558,-0.06212326726191525,-0.0763419135395985,0.2984566850539042,0.11375013469214798,-0.507386538570948,0.5277349242960593,0.07130780913885972,0.17234047403114905,0.28367415024028275,0.12805132253848417,0.1674073911535175,0.37278450462393004,0.754756559160921,-0.05795472944211312,0.6716095094617927,0.2201758966845217,-0.07538136901313028,0.15627533233264176,0.18596912919868122,0.17774948382797887,-0.017547028570442623,0.4154875246001322,0.2815079655795956,-0.16495517993885,0.28021964618257234,-0.06154911062657735,0.23038964847407958,0.026826652677190303,-0.48984822707226,-0.5550007179183174,-0.23597676627334557,-0.07344435324495592,0.22643186787660521,0.2978425984806926,-0.013373737082382374,-0.14716631970772137
Occipital_Mid_L,0.009455477675867642,-0.38920200583744374,-0.07429486916416218,0.06549433280298926,0.20036559029352483,0.47959708817501356,-0.12496162702510206,-0.23758465275898183,-0.32160120811275517,0.06250566726355401,-0.3215778074244603,-0.3269531395304079,-0.09485818823346678,0.26493508252085934,0.060082777646799396,-0.03350445620876138,0.24659873957012013,-0.2235886028235541,-0.045014258768183324,-0.05931072050885223,0.27644495875883857,0.7933872299196335,0.8879955020295949,0.8387518213254107,0.9408049522119963,1.0,0.9066282051437892,0.5605163375969663,0.059645943807090644,0.4601024776134812,0.33945417644868825,0.8360758892134751,0.41130137744389356,-0.029004531439778665,-0.1388317338083418,-0.1402152595246693,0.1882310536081126,0.12577605447904108,-0.4081377759894244,0.6702750975291129,0.007310164550482198,0.3209063869427222,0.3086539645857113,0.2841022050620032,0.20217524768185746,0.33660306876982915,0.8466918043052928,-0.2597374692229752,0.705419345829162,0.19125303448227185,-0.1916798759568369,0.09763323152619664,0.06023250466833818,0.1816144596565663,-0.08873476855181811,0.30992512643223447,0.23347270485673843,-0.2707606641127121,0.1650519313099378,-0.18673082451661166,0.20097653121341702,-0.10608745146029147,-0.4892239795530873,-0.5225660683096013,-0.25157433855420847,-0.11362333445987864,0.24613780742322844,0.32496979744293253,-0.012337125174521794,-0.21057670464940684
Occipital_Inf_L,-0.15086181404764445,-0.5445476109192252,-0.24139159959593093,0.03738223259456421,0.12565376513399687,0.48687333388896437,-0.20339558317199916,-0.2961010680935624,-0.38207748432964284,0.07732660478340322,-0.304408857379642,-0.3444861112499526,-0.09240962291995246,0.3269527681313247,-0.08385499979211392,-0.19808389571693763,0.0035837245106663355,-0.38858757386740106,-0.2890647451853521,-0.20221431420768685,0.1078810743063172,0.6124344974041189,0.7845047182441002,0.6475275646644242,0.80464013540364,0.9066282051437892,1.0,0.3584585430081939,-0.14315680785817878,0.24974407385876327,0.15472996374574022,0.7173495865793977,0.10374911400319188,-0.144716085902661,-0.3399770030627282,-0.28055817262681343,0.08507109502475618,-0.09818488847211636,-0.41977770297053124,0.5646354289980418,-0.0064722718335042334,0.24433835931218476,0.1660823352294815,0.3795924371032267,0.009957015343881912,0.05155568148676128,0.7737081952547259,-0.414978897202763,0.6548433626183089,-0.018077825482728713,-0.34594438181590914,-0.13469344183341397,-0.21074165648143386,0.1179357060975904,-0.2807003689015055,0.12736388460282166,0.14525442380131662,-0.388953487556784,-0.08819038561589647,-0.4439192840271675,-0.04320906465211282,-0.268865698769621,-0.37711652326087935,-0.4823690175959676,-0.3532927755878435,-0.1585860450855814,0.22806644049771743,0.22885985927047747,0.056816169664985115,-0.36890905285127495
Fusiform_L,0.3746980707093963,0.16635056833014214,0.33718953459205026,0.14320667630632225,0.15567035572042945,0.6479479095203106,0.3444108600415119,0.12099763558069473,0.16294255637372093,0.07410659523352084,0.07718139223390173,0.08868786153174389,-0.04519907938228123,0.16772233767825176,0.28329639456513,0.5136512610007449,0.38937361947255916,0.15136871613697825,0.628751850864775,0.5430073716167786,0.29831076806985196,0.567823289030131,0.3735590360545949,0.7436004876198622,0.48882367477673794,0.5605163375969663,0.3584585430081939,1.0,0.3512511316095991,0.32584596295341367,0.5370094869945434,0.4031668780470928,0.5546944426440187,0.3779471654510799,0.39291741154882126,0.3708074109726518,0.18170429371286215,0.7387718913354746,0.3244193737279243,0.8584332290566626,0.03115097424495875,0.8149302903366675,0.3263577849889853,0.41542270912167234,0.7771750754094056,0.8379007165536412,0.6753126683663422,-0.16219183779267402,0.3591524823720512,0.37162322610581083,0.19499372991959363,0.4328526431686197,0.38074719353571784,0.1644577623659909,0.37389033810820815,0.049887407608826255,0.5346414709850914,0.2150878268283333,0.4447548245393318,0.30519407024689693,0.6267401270195363,0.13737061387227426,-0.2397009450247179,-0.11581039273611403,0.15355068468686786,0.12017487788361988,-0.10156025821340414,0.4591247647355995,-0.15710432647495942,0.4375976497830885
Postcentral_L,0.860037749849642,0.6733366199601699,0.7205236181690652,0.3526390864286641,0.32922256802217037,0.024319575415856057,0.5506254472934765,0.030761483824750555,0.12329022739397963,-0.2668598581345828,0.04709897648323486,0.10439822238479243,0.103085630929723,-0.14451080732925295,0.2683838253055817,0.36510234205126835,0.6258575399997843,0.39464913466695833,0.7098036315788664,0.39675466480300214,0.46480621412846923,0.48321196384246384,0.23902529298027625,0.38282259890055925,0.23091506766989797,0.059645943807090644,-0.14315680785817878,0.3512511316095991,1.0,0.6379965414434117,0.492376875203997,0.20816868777345104,0.6652817064505782,0.3115752562902084,0.48307193469530774,0.4116294908330633,0.40476210132040225,0.49689988284928555,0.011186827782826614,0.1393948697373852,0.05610841897822975,0.0867723335473475,-0.0424001607738398,-0.12252589299569536,0.3924983542822848,0.54714907989566,0.03988574172339919,0.42526540198886975,-0.01739549613137471,0.18095968599356468,0.5327659827196923,0.462758342328045,0.5908155346736277,-0.041829215321924754,0.5360508144750731,0.25104030414086065,0.45981427199809477,0.4396823202135575,0.530178982798928,0.5594446778394537,0.33625047830182037,0.575679323146417,-0.10164061474677058,0.03608387085808529,0.07495792689911093,0.2587132787866522,-0.19469712948036025,0.2810589671583289,-0.14704044704523753,0.5553872442841311
Parietal_Inf_L,0.5327237059442065,0.21900373071017568,0.43168402711844156,0.15373337852549715,0.28116974324516947,-0.009699608158055428,0.21625771703863975,-0.19359825330627142,-0.14424821432785248,-0.29601959356861735,-0.28808270441127115,-0.19951692070817023,-0.08128562628586743,-0.0907185615649972,0.2182540575507508,0.09276733806610221,0.7275422847762394,0.321903776668234,0.36545306917180354,0.1433646588329417,0.5118548885091363,0.7032410504028224,0.6126036754909857,0.6052452401143608,0.5918759210143516,0.4601024776134812,0.24974407385876327,0.32584596295341367,0.6379965414434117,1.0,0.6242592895164834,0.7628849297829456,0.8107525159077055,0.21773739662210667,0.227058587053404,0.1656275790175,0.3855048761656146,0.23361515914912806,-0.39184600902353045,0.1769153508715347,-0.024220472714985397,-0.05305042319686913,0.17050584186810033,-0.22031149376347167,0.2008324118634085,0.5129752349314339,0.3626052150220276,0.3722666034014825,0.4000822416142868,0.1626040630051974,0.24116450265032338,0.31869576535248934,0.4678473871394994,0.060358930321949764,0.2515088935767293,0.44160310636803496,0.2301597793692564,0.1781938124386602,0.4415178418598268,0.3525529517702229,0.34105481042960123,0.3757465502188388,-0.28884672291303676,-0.3044703887710223,-0.08853579608052566,0.08704080282206164,0.06228863965926839,0.2180572359256053,-0.057065013490957925,0.2880749351763199
SupraMarginal_L,0.5458214305560183,0.36186544849773494,0.5544128615013414,0.40126968621132086,0.40468942096571026,0.29852442889190006,0.5734801364115005,0.008715227666151936,0.22745525057270588,-0.13706894632125077,0.03905651883760854,-0.0014439153570557435,0.04856397603874173,-0.12658248736219269,0.29008096451290366,0.48467133614834085,0.7015771496692206,0.5747675644467524,0.5461736665656194,0.22509509154606644,0.2761989805665779,0.531514302364034,0.3262664265828342,0.5503021200810728,0.3841949862596157,0.33945417644868825,0.15472996374574022,0.5370094869945434,0.492376875203997,0.6242592895164834,1.0,0.5367216814420059,0.6475564881959331,0.4986381560184857,0.43387414235012284,0.42075127739631474,0.4750940246262685,0.6719590428941271,0.054106233735289104,0.4187283256503421,0.013656931455088853,0.32289627184936415,0.29663949748620305,0.19411335104134553,0.4530737496454258,0.6596869844343125,0.4188423115765424,0.0814250090357888,0.256331960947489,0.10980842699594828,0.4188978186490053,0.46320069528282487,0.5512333861362845,0.06127896101570771,0.40112808504932995,0.18535432868930282,0.5330105571514628,0.30005360553994254,0.5359207792114931,0.5267254492643433,0.6029499288218328,0.3589263441689291,-0.09677605047715243,0.016213080158752318,0.15241577475828116,0.21929983337531214,-0.19165141558512808,0.22352778639989654,-0.13916152715574012,0.42584658553300603
Angular_L,0.1833879047052803,-0.25320738399267856,0.06028883686210808,0.13814089891477854,0.23864489685106446,0.25783550510355147,-0.02009980196132635,-0.29516994479856945,-0.29757565915480827,-0.11076503701402368,-0.3716904326624221,-0.33822507246245753,-0.14343989465221124,0.11790677891243076,0.09974697237170697,-0.04170685810365573,0.479424362194016,0.07420257931039459,0.0235710649418924,-0.07438258872668632,0.33287330942600657,0.7481905743572602,0.8091149390919324,0.7327960234892286,0.8415316607604523,0.8360758892134751,0.7173495865793977,0.4031668780470928,0.20816868777345104,0.7628849297829456,0.5367216814420059,1.0,0.5666168948451498,0.12368903792970103,-0.04377376696092501,-0.05333539923701629,0.23349488961247988,0.09065012156508861,-0.4844783597393871,0.454750552765421,-0.03067394292421525,0.10542142759452931,0.25532759899317237,0.056538785639540116,0.10938017394085742,0.3474450578956282,0.6849439297096328,-0.056881715513966515,0.6564679358573945,0.07282339700719677,-0.07875683605419878,0.12070788939952826,0.15197011867801327,0.13857068567981626,-0.06911553195653736,0.29941720540319283,0.2092416015608683,-0.14377640541219042,0.21864486233881147,-0.014448912419355309,0.2809177480779789,0.06431446967399895,-0.3739098325916205,-0.4653505820998425,-0.22425590168454884,-0.04445104672639367,0.19596506218099596,0.22668379483646442,0.010206761114040853,-0.046162653465312974
Precuneus_L,0.6142031091499023,0.3391056612883314,0.4721118016700685,0.13882677598683885,0.23668191675179118,0.07905647129250007,0.2719563468889852,-0.004000036199962716,-0.03305663297278194,-0.1785037651955541,-0.11009597567661278,-0.03608128990215886,-0.037300977258692226,-0.13005363212103535,0.3395420455324271,0.2907110904950594,0.8306301429366529,0.5113989970134227,0.6614052532171102,0.3762583536444013,0.5424195857646177,0.7213668389405846,0.5199102357307471,0.6859255475573002,0.5430355935825114,0.41130137744389356,0.10374911400319188,0.5546944426440187,0.6652817064505782,0.8107525159077055,0.6475564881959331,0.5666168948451498,1.0,0.27309168792303357,0.461584411340266,0.3446239494552588,0.33661235818365115,0.4984902426601782,-0.1633992334084273,0.32672975355787853,0.14256331256338362,0.21514746151338962,0.41452061541172386,-0.1140780167719299,0.4311180260516238,0.80490351552383,0.3709598437927549,0.3908608829051253,0.31424419506541607,0.3064895042551712,0.3540355503457016,0.551078502670766,0.7540773223247389,0.028544211273477168,0.5019852738495701,0.4569008604240281,0.3687269726937006,0.2557060277089452,0.6853080369922212,0.6616947892756625,0.6136195251424683,0.4435725497183419,-0.2902108933453364,-0.23764101365121096,0.05520662124788111,0.1640475470355803,-0.022320943372315494,0.3544322137090917,-0.09529904710861854,0.4255818305291739
Caudate_L,0.47710228901004614,0.45070316826573154,0.4180278079674898,0.15965017213520025,0.11928602154220817,0.17499491191657018,0.4640344689985836,0.017719166260646055,0.3346085125001687,-0.1952695270531523,0.1105731154881655,0.1334177924298317,-0.10883294593973299,-0.042714999868187074,0.13751490102865427,0.5232777116024715,0.47647635172833197,0.4575895329363733,0.484567424444817,0.37733783468046433,-0.0018272492471110215,0.10117338894833318,-0.12818374214382738,0.1435502672988004,-0.0016472890647451558,-0.029004531439778665,-0.144716085902661,0.3779471654510799,0.3115752562902084,0.21773739662210667,0.4986381560184857,0.12368903792970103,0.27309168792303357,1.0,0.44086627266795925,0.38150463654775446,0.24575418834576834,0.4928595164326293,0.32882996924768165,0.2582622604922534,-0.09925374779954957,0.3371625388434445,0.0418949820816237,0.09102092072859812,0.4644556512329092,0.41743122172953756,0.08360838362470122,0.0797981839097085,-0.040337529659038855,0.12774567952156676,0.4604736072744149,0.39270537734386013,0.2434474751044807,0.045360053521315995,0.17670956367615867,-0.27463835875005027,0.43773123249034124,0.3872799064367368,0.2442780816103278,0.41105106844261324,0.5076370176457901,0.32920556094081604,-0.04998003431882847,0.1455825730786927,0.42687576582041803,0.02313643737494047,-0.21018267180120465,0.06377673360993188,-0.04069785891304882,0.4367939956725612
Putamen_L,0.4937680982629068,0.5895714878636303,0.622566199894497,0.331550602775189,0.382194760328706,0.014234724388920893,0.458461007201341,0.2520164065441397,0.5680533197898027,0.0010334613142155607,0.41882588466583914,0.4269134302085921,0.0956151571193565,-0.19340781243867852,0.31190266717504445,0.5508754372730197,0.4383835616379994,0.46444530783488275,0.6869584828574862,0.605108852862733,0.34708361349471634,0.20406070666327172,-0.06087759444450735,0.17903198448421181,-0.06212326726191525,-0.1388317338083418,-0.3399770030627282,0.39291741154882126,0.48307193469530774,0.227058587053404,0.43387414235012284,-0.04377376696092501,0.461584411340266,0.44086627266795925,1.0,0.7682581901687151,0.28645104659369985,0.5899844070958665,0.36368025117322444,0.10214928784409039,0.23057890907767004,0.28976425334925376,0.12265841002057419,0.03459357525085286,0.4139590559711858,0.5765695950878253,-0.014259020055826892,0.32089323286135113,-0.13003711681928656,0.29108244667349364,0.6213618767474329,0.6995401133328395,0.6091632541559295,-0.130318289278745,0.546081083721115,0.1000874231374608,0.33883303737681225,0.5281360933048467,0.503491210672783,0.6345341520198984,0.5282266199528827,0.22027993325327366,0.03352733933266855,0.35150611241156626,0.3748680303387619,0.304124444076427,-0.16761607075053764,0.030404438100610776,-0.11451805845011993,0.5214607375944247
Pallidum_L,0.4783785356676106,0.5612721001183856,0.6233558869582457,0.48019139275174627,0.499389858417814,0.13550156970120625,0.5494741085144763,0.19771204150601027,0.568085082159378,-0.07093936397524743,0.2555963261819706,0.31457209178691825,0.1382962728736109,-0.191330551335656,0.2666897472070702,0.5182924032069715,0.3619695392834875,0.42563342854406677,0.6381425811861544,0.48111386094202147,0.26469316474733545,0.11983710759288069,-0.11241251954369344,0.13285542520914795,-0.0763419135395985,-0.1402152595246693,-0.28055817262681343,0.3708074109726518,0.4116294908330633,0.1656275790175,0.42075127739631474,-0.05333539923701629,0.3446239494552588,0.38150463654775446,0.7682581901687151,1.0,0.21104305733286385,0.535850745218817,0.34249798460632946,0.13256275968553607,0.2076763658445832,0.2845814004151297,0.10711328150186628,0.08059888198890687,0.5078948211073417,0.5008119711864089,-0.015993639874251366,0.2558963387874536,-0.11275327399019089,0.17098970479990586,0.6192032555828108,0.5225162291605403,0.5078776395034234,-0.09239465351038294,0.4797891940483767,0.03546138588523403,0.38572624506832287,0.4889549034884022,0.35596931477414023,0.48377450675601674,0.3715032927815554,0.22791066450738273,0.12660468575815198,0.511386730258753,0.33074558957335853,0.16515189630232585,-0.09676314895801405,-0.026972632974776506,0.036580181219413165,0.509989613702218
Heschl_L,0.382095919701837,0.365583036152115,0.4097194803923961,0.3903699773314794,0.48589114775058145,0.01217460492450537,0.4699308209642886,-0.07024497650138044,0.1321185492837814,-0.0890350747991103,-0.0394852493308284,-0.0959496002605784,0.020978059920922127,-0.09738863998336122,0.08526617944993739,0.46267719810944963,0.45897824379182617,0.18984728515163704,0.2759143549180537,0.05893732872622607,0.24980408811888377,0.41918692419997355,0.3259234071833207,0.27604550285656243,0.2984566850539042,0.1882310536081126,0.08507109502475618,0.18170429371286215,0.40476210132040225,0.3855048761656146,0.4750940246262685,0.23349488961247988,0.33661235818365115,0.24575418834576834,0.28645104659369985,0.21104305733286385,1.0,0.3255142155108804,-0.0379053661633903,0.1171601265966995,0.23476951277184516,0.07371695005482096,0.010466374230725493,-0.01093369073092418,0.21295539975233252,0.24998883464747546,0.13847888235364822,0.08460808694219009,0.07365329326742573,-0.018595183005184462,0.26589351959420493,0.35466165864980037,0.409491704786803,0.01615018915792438,0.37788202894568507,0.30472563532307045,0.2412799260272162,0.23168123127135182,0.3574614619989998,0.2627794705056881,0.10646274287558002,0.03973899031417464,-0.2391612380555409,-0.04545784051478647,0.07720920254892939,0.033766616382895395,-0.1490627200162541,0.10038653662670673,-0.19471446593025338,0.07349568669277173
Temporal_Sup_L,0.4909812641556301,0.5303136582616363,0.5974644530691192,0.29638088062195933,0.23546471988165046,0.49204983853087225,0.630487878396354,0.3617716307944429,0.40465413765464964,0.06789557479098877,0.3691637847816249,0.3445959768755026,0.16782838845697007,-0.06674899591199526,0.35614760024764447,0.7526642429749469,0.4391789989636321,0.44304828418121806,0.7375849406495649,0.5162376287117838,0.09751981958549516,0.2806181602993487,0.029489111486750267,0.386782483338631,0.11375013469214798,0.12577605447904108,-0.09818488847211636,0.7387718913354746,0.49689988284928555,0.23361515914912806,0.6719590428941271,0.09065012156508861,0.4984902426601782,0.4928595164326293,0.5899844070958665,0.535850745218817,0.3255142155108804,1.0,0.573557292917308,0.6243364453843354,0.03669390550645197,0.6795181685808269,0.2595775337381124,0.35427546948179284,0.7423877164806234,0.7439440767275401,0.23520990893983515,-0.010167582146442089,-0.06354973672142303,0.23675639498025605,0.4689744520639274,0.5388911382175143,0.5198977156531782,0.09862954921817865,0.5358630975418603,-0.023856298757018682,0.5060100374032883,0.37112794621062706,0.5344434635326477,0.5831996027755898,0.6016868739145091,0.29262819824735764,0.003451163222113713,0.20011078596973023,0.38763825401721047,0.3363913372844201,-0.3553893537318762,0.27311258833260904,-0.2785473721684091,0.5718376732310211
Temporal_Pole_Sup_L,0.08255011495179689,0.37797663649103297,0.2485183144823383,0.05250555096535919,-0.12039654139136848,0.3617628722963321,0.337242084652444,0.4629491805897737,0.4925322795119254,0.2102790115602799,0.5332188488786312,0.48518926543163565,0.06687652509817832,0.0977123352592751,0.1483639357807194,0.5981915170199591,-0.16351157361476612,0.17308737427738843,0.4025046464267986,0.5157268221547201,-0.277379338627977,-0.4136002774991286,-0.5563712377585727,-0.2795340490197249,-0.507386538570948,-0.4081377759894244,-0.41977770297053124,0.3244193737279243,0.011186827782826614,-0.39184600902353045,0.054106233735289104,-0.4844783597393871,-0.1633992334084273,0.32882996924768165,0.36368025117322444,0.34249798460632946,-0.0379053661633903,0.573557292917308,1.0,0.3130932423308566,-0.00944628117604517,0.6227497434572322,-0.1150637960234878,0.2894624733702743,0.5102339873654647,0.22411180069791947,-0.2535779220790683,-0.16731368156835674,-0.4718983922019994,0.01365401095921324,0.21294939990977907,0.163600660054545,0.07360448501318162,0.07274329273554546,0.3434829820775762,-0.4261991983442656,0.1640062585270543,0.2925769877587197,0.13344568254297426,0.2533084877210917,0.23586708614356344,-0.0003121862296905721,0.3043619885048912,0.36265978596310927,0.36997582264160234,0.2650076524389404,-0.44575593687488874,0.07695885864802615,-0.20221845427043755,0.4342364211032932
Temporal_Mid_L,0.12861458523603034,-0.10172006103226403,0.098823178223178,0.07149222719476123,0.061006381705987434,0.7758359782993356,0.15227596966245072,0.0688946727913641,0.033596140474795456,0.19206913335920126,0.038426753242612695,-0.010283309609738462,-0.10160321476921984,0.2756909481388761,0.17325600897437154,0.4626424954365172,0.15851756234959946,-0.06793959294655944,0.32366583466053406,0.3614550447376929,0.04402756125520344,0.4561536817094901,0.41625159805919104,0.6250321590710988,0.5277349242960593,0.6702750975291129,0.5646354289980418,0.8584332290566626,0.1393948697373852,0.1769153508715347,0.4187283256503421,0.454750552765421,0.32672975355787853,0.2582622604922534,0.10214928784409039,0.13256275968553607,0.1171601265966995,0.6243364453843354,0.3130932423308566,1.0,0.0022231709427511953,0.8717425733662101,0.32544131580068186,0.5331645533397216,0.6491970092664695,0.5742028045461004,0.655002829693687,-0.414207039024034,0.3463534798944244,0.14083704742150083,0.0010418990890525863,0.2553650830816864,0.14845849870892502,0.2048388345132772,0.21636063369381792,-0.08124600699589243,0.41972109447140726,-0.023330494502138085,0.2730177491051692,0.06186875770946733,0.39055822253582473,-0.04259976913816847,-0.21713107209363447,-0.20707595415516916,0.03812472816738671,0.0038844733686720003,-0.11096918493506262,0.45680078716527633,-0.1651093271802787,0.17895328405491012
Temporal_Pole_Mid_L,0.045374002639057005,0.03322935170437347,0.05855343908613428,0.31209598180182296,0.2428489671865258,-0.010714812936459386,0.09335515483175394,0.11346493157332274,0.01248557514472529,0.12468808839225241,0.14981905354490826,0.060013792500457325,0.04076178171852843,-0.08488661027328158,0.11513535257405426,0.049255765223334746,0.0475622565254741,-0.02708098541980532,0.0928216049130704,-0.0196543805562847,0.16266065615441394,0.09327131855964599,0.08255044012496471,0.01799530181127092,0.07130780913885972,0.007310164550482198,-0.0064722718335042334,0.03115097424495875,0.05610841897822975,-0.024220472714985397,0.013656931455088853,-0.03067394292421525,0.14256331256338362,-0.09925374779954957,0.23057890907767004,0.2076763658445832,0.23476951277184516,0.03669390550645197,-0.00944628117604517,0.0022231709427511953,1.0,0.09527513735348592,0.195503999436862,0.048853074002726406,0.056789787040246835,0.10123913116062815,-0.053392166149684256,0.0715387240083553,-0.06289421477464607,-0.10668066777772052,0.03321939354660818,0.11047913358542548,0.17347732904553967,-0.0957487454976191,0.2038983681718512,0.059164483401528,0.07111715181101647,0.0793347011626184,0.1907860022228995,0.038431539280401716,-0.04522535138985057,-0.23601067760569835,0.11599412734764543,-0.050265662561648,-0.13471618274188757,0.2033268499902459,-0.04560611750789021,-0.031188262171018197,0.057448246559037845,0.03309633160889247
Temporal_Inf_L,0.15524561445547153,0.07406270416074348,0.15436690298213376,0.07603074579417594,-0.02864288871570261,0.6963459206974846,0.21993541307798892,0.18645564048961047,0.23662296495068444,0.2107860730245633,0.2531651031490888,0.14357844747412418,-0.12812400862873577,0.20814435151486865,0.1672406650528914,0.5959515931331446,0.08753002704468381,0.026748079445195336,0.44071822711569,0.5219092291748572,0.01071114714267061,0.1649571137787077,0.08398165549865448,0.3531747845045458,0.17234047403114905,0.3209063869427222,0.24433835931218476,0.8149302903366675,0.0867723335473475,-0.05305042319686913,0.32289627184936415,0.10542142759452931,0.21514746151338962,0.3371625388434445,0.28976425334925376,0.2845814004151297,0.07371695005482096,0.6795181685808269,0.6227497434572322,0.8717425733662101,0.09527513735348592,1.0,0.2748586311117945,0.5282123159484197,0.6934107150390743,0.5865336242822529,0.3949489007121182,-0.37776931115219775,0.08229075723466077,0.118163021237438,0.08804603131477617,0.30569904909378093,0.19340702953985178,0.08814714204898835,0.34319512191326124,-0.24817090009691734,0.39912621830945266,0.12106218152787702,0.2645308596321176,0.18177202324354724,0.44780919803999114,-0.054029932806816255,0.014990885472934177,-0.007496884038249445,0.19136382934008483,0.09953305484995517,-0.2271344275292074,0.42610808984843335,-0.14141513517196258,0.34831076001933703
Cerebellum_Crus1_L,-0.011078094418920551,-0.10779213948374762,-0.0362937135642319,0.005612825811292181,0.0771158206075527,0.22717902493017297,-0.0034703650336921532,0.10882087316916535,-0.01284479752959019,0.09827094162376986,-0.06008174302817431,-0.026819812568379238,0.0019441689308572925,0.042280703488907154,0.27787379453246924,0.14581217608915223,0.22876216865267796,0.0979789075038395,0.13304882000653848,0.05538315271235962,0.21990847730183205,0.2828964508987233,0.31259327352881433,0.370472658230291,0.28367415024028275,0.3086539645857113,0.1660823352294815,0.3263577849889853,-0.0424001607738398,0.17050584186810033,0.29663949748620305,0.25532759899317237,0.41452061541172386,0.0418949820816237,0.12265841002057419,0.10711328150186628,0.010466374230725493,0.2595775337381124,-0.1150637960234878,0.32544131580068186,0.195503999436862,0.2748586311117945,1.0,0.18712281648682463,0.2393909004731048,0.4616822494331671,0.4218617429535166,0.10993478039749056,0.4301474771425864,0.2859080227205952,-0.005752240359221301,0.34928413302788625,0.3820528786014746,0.1767771058357486,0.2292464466491116,0.3361025145001026,-0.016452105432734482,-0.10878247568526543,0.245415248976607,0.25787549872682775,0.3409539214458388,0.0042966287190095934,-0.14902109825216708,-0.14583603180352575,0.19428207656757784,0.026790149149910184,0.234630913332321,0.22669539156013452,0.03931158920205585,0.107105765609593
Cerebellum_Crus2_L,-0.05619615418417537,-0.014580048880968246,0.07517674228263369,0.14466151144226372,0.07159440970144124,0.6650129643502767,0.23781176704496307,0.2567538802221605,0.17820277163072654,0.21964379329053577,0.3838194821305068,0.30323860458054247,0.2881620324743605,0.2217544386790231,0.03160181805681725,0.2505188499129456,-0.19673204789182877,-0.14954485117209818,0.07574772135769729,0.07788464886964723,-0.16434206470155752,0.13109467994372012,0.13165698129965867,0.25103207355178414,0.12805132253848417,0.2841022050620032,0.3795924371032267,0.41542270912167234,-0.12252589299569536,-0.22031149376347167,0.19411335104134553,0.056538785639540116,-0.1140780167719299,0.09102092072859812,0.03459357525085286,0.08059888198890687,-0.01093369073092418,0.35427546948179284,0.2894624733702743,0.5331645533397216,0.048853074002726406,0.5282123159484197,0.18712281648682463,1.0,0.2732742193793309,0.1849167877039366,0.42889478696109196,-0.43945959071432733,0.16550626193833595,0.020493872313778902,-0.0685955693283153,0.07284094595016405,-0.03884938573766884,-0.04499728047979889,0.010143785428851316,-0.2310631016719902,0.2265150114735084,-0.11358099337541394,-0.08864453715036519,-0.11526552717270351,0.095223435183898,-0.16701218367912826,0.056426237378131044,0.11751549575921244,0.12192630506355663,0.18208200454277024,-0.08970953387387877,0.06836332809560455,-0.08299814021122566,-0.014320150297340562
Cerebellum_3_L,0.46746173330614593,0.367010742563858,0.4182985191839004,0.23057144223935713,0.26972000591208134,0.5527572395937189,0.4897023112785951,0.19553720842394162,0.2590636538589615,-0.0008201449714023119,0.05940908808673046,0.10749747862501269,-0.07122360741721821,0.09652463630405131,0.28387385626773337,0.6326960243331463,0.33216354338403037,0.2575226022146037,0.7149514379582806,0.5667677071912511,0.23766867601486033,0.29073470430480464,0.06759189271814801,0.4261238507307646,0.1674073911535175,0.20217524768185746,0.009957015343881912,0.7771750754094056,0.3924983542822848,0.2008324118634085,0.4530737496454258,0.10938017394085742,0.4311180260516238,0.4644556512329092,0.4139590559711858,0.5078948211073417,0.21295539975233252,0.7423877164806234,0.5102339873654647,0.6491970092664695,0.056789787040246835,0.6934107150390743,0.2393909004731048,0.2732742193793309,1.0,0.7241737982111405,0.3021106879031444,-0.008805716408356673,0.06667233386189367,0.2756801394663099,0.29773053235773306,0.39549228346691884,0.3919916891707364,0.1537731798895543,0.5062468696149339,-0.027246568498416748,0.41319569615600044,0.23523316035176411,0.3736652952966286,0.3527469236080599,0.47784586219951636,0.24755046629121377,-0.2086494519152669,0.1395638968166823,0.249271112032887,0.06379148333399454,-0.1517583205926761,0.43410269440001414,-0.07842109342900139,0.5648152888127521
Cerebellum_4_5_L,0.5992367268904707,0.4172065366997669,0.5210662244854617,0.18194264497407883,0.1893804979000103,0.37676906297228,0.43021385056541883,0.17936426287654292,0.20215271866673123,-0.024648095486719927,0.08136979938600579,0.12087250511803953,0.012091604557104032,-0.013490308870654106,0.3721224442408974,0.5255258546496083,0.6501802849291662,0.47788848931479244,0.7951923359561951,0.5745631142442097,0.48440115980487447,0.5688220381577579,0.3011757746191652,0.6911244650553512,0.37278450462393004,0.33660306876982915,0.05155568148676128,0.8379007165536412,0.54714907989566,0.5129752349314339,0.6596869844343125,0.3474450578956282,0.80490351552383,0.41743122172953756,0.5765695950878253,0.5008119711864089,0.24998883464747546,0.7439440767275401,0.22411180069791947,0.5742028045461004,0.10123913116062815,0.5865336242822529,0.4616822494331671,0.1849167877039366,0.7241737982111405,1.0,0.4871914224393673,0.1919298929788653,0.2778112811912455,0.42403633881071867,0.3296010053974221,0.5932054568807712,0.6838142898784364,0.0813854916312531,0.5748348019310445,0.2507519603183975,0.4764209805437577,0.37466204222595595,0.6112562005265251,0.633873621632373,0.753524962238499,0.3676438530066791,-0.164005573159883,-0.05561745861532591,0.2717993964646185,0.24307767801811242,-0.07558569201839577,0.42270966106643937,-0.11656426664863122,0.6085847973498608
Cerebellum_6_L,0.05024387439677714,-0.25755195733461644,0.015039821022498031,0.09766483484589342,0.21418409779634273,0.5592326474795747,0.05873207896719077,-0.09587455212602987,-0.12280628258519836,0.08193315236191571,-0.19651638025851167,-0.16860797364162333,0.024320947153147966,0.2950753104791322,0.16285535891385142,0.041686398949883026,0.21119595225683488,-0.1717437142176408,0.0941236437140996,0.03777097315798027,0.32289680315598385,0.7158045033961037,0.7036103193256792,0.8545465669281753,0.754756559160921,0.8466918043052928,0.7737081952547259,0.6753126683663422,0.03988574172339919,0.3626052150220276,0.4188423115765424,0.6849439297096328,0.3709598437927549,0.08360838362470122,-0.014259020055826892,-0.015993639874251366,0.13847888235364822,0.23520990893983515,-0.2535779220790683,0.655002829693687,-0.053392166149684256,0.3949489007121182,0.4218617429535166,0.42889478696109196,0.3021106879031444,0.4871914224393673,1.0,-0.2543903487023588,0.8022725501874464,0.3856604856012149,-0.1386455705942928,0.20183969214526554,0.08469223480504873,0.21150500379053203,-0.05424824098414778,0.25756692900447964,0.28593138029556026,-0.1282110510940124,0.13564733241960666,-0.10724931010562666,0.37226594651282213,-0.1328283859697685,-0.41241392995219217,-0.35157306168418834,-0.058059973738194465,0.015552744965792087,0.24971702918230032,0.30065106300894445,0.009620380456778887,-0.025799552930826593
Cerebellum_8_L,0.370392278260969,0.38249253119135934,0.35046738520864357,0.0244911817967139,0.19282170209064878,-0.39625367864477007,0.08715336888111272,0.02855771943257166,0.09270328261305412,-0.29884334191784484,-0.1479485915111489,0.04194067430428061,-0.012052445708705754,-0.19310813835798457,0.1384414792019762,0.04617912285051827,0.347003673446785,0.32331979508977615,0.290643451365396,0.19612064164454523,0.38521226008628545,0.12604501912394991,0.024859602011985827,-0.008025062029215359,-0.05795472944211312,-0.2597374692229752,-0.414978897202763,-0.16219183779267402,0.42526540198886975,0.3722666034014825,0.0814250090357888,-0.056881715513966515,0.3908608829051253,0.0797981839097085,0.32089323286135113,0.2558963387874536,0.08460808694219009,-0.010167582146442089,-0.16731368156835674,-0.414207039024034,0.0715387240083553,-0.37776931115219775,0.10993478039749056,-0.43945959071432733,-0.008805716408356673,0.1919298929788653,-0.2543903487023588,1.0,-0.04980634530464865,0.2729120733953054,0.2906234102982519,0.24415870695917274,0.4483447435411656,-0.013898048334992873,0.3356353490251979,0.42752431241793504,-0.09842548653803453,0.249494851983954,0.2632041904070424,0.414981147270411,0.11973812642005914,0.4346039892201473,-0.10499010515263148,0.08997545473854436,0.16728814084970467,0.06221201345983122,0.14478097260041398,-0.01434346900736638,-0.05809144400985254,0.23527832540764676
Cerebellum_9_L,-0.0036717005658172437,-0.3118501975109708,-0.08922064462411959,0.06749836618720942,0.1800325566137538,0.31144156970581055,-0.07700199253420044,-0.23483836911435785,-0.2271385519542271,-0.004022451568689792,-0.3799112856516083,-0.32535048835431807,-0.0456280147090362,0.2989148504527455,0.0404953027402372,-0.11652539489154971,0.20955575374457058,-0.1745555478903617,-0.10332264590856052,-0.17543418789252727,0.4440943429297352,0.5845422271342705,0.6629667370924474,0.6472373652257165,0.6716095094617927,0.705419345829162,0.6548433626183089,0.3591524823720512,-0.01739549613137471,0.4000822416142868,0.256331960947489,0.6564679358573945,0.31424419506541607,-0.040337529659038855,-0.13003711681928656,-0.11275327399019089,0.07365329326742573,-0.06354973672142303,-0.4718983922019994,0.3463534798944244,-0.06289421477464607,0.08229075723466077,0.4301474771425864,0.16550626193833595,0.06667233386189367,0.2778112811912455,0.8022725501874464,-0.04980634530464865,1.0,0.32048126937701743,-0.2222707459977657,0.06830999246144594,-0.008797568906414904,0.13012039120032556,-0.15826120219850717,0.2983537323946078,0.025306610766263716,-0.22809660273935717,-0.021936120924713955,-0.19851988870298634,0.23814328063158333,-0.19289874285828645,-0.35011298985667005,-0.36050777201910444,-0.11987848380858347,-0.08939199613145807,0.4806691194407971,0.1945892258908964,0.1807648864299639,-0.10710298403726981
Thal_LP_L,0.12800544159197885,0.21176686572642806,0.29029012407760085,0.034007225845927726,0.21359983479558056,0.18963314973354076,0.07926735157786705,0.2506187000734811,0.23759108595423598,0.009908549344987179,-0.017711682689988194,0.10025953104486957,0.11719173781076993,0.28488130726822875,0.12836567132999924,0.15938369219265971,0.09086223519370959,-0.03478762042600074,0.27165125755724234,0.1935624094590757,0.3659559582426383,0.33924779113932957,0.2304899228983414,0.41704688207461754,0.2201758966845217,0.19125303448227185,-0.018077825482728713,0.37162322610581083,0.18095968599356468,0.1626040630051974,0.10980842699594828,0.07282339700719677,0.3064895042551712,0.12774567952156676,0.29108244667349364,0.17098970479990586,-0.018595183005184462,0.23675639498025605,0.01365401095921324,0.14083704742150083,-0.10668066777772052,0.118163021237438,0.2859080227205952,0.020493872313778902,0.2756801394663099,0.42403633881071867,0.3856604856012149,0.2729120733953054,0.32048126937701743,1.0,0.1410751369936346,0.4418261357930899,0.28641389584495625,0.3145404388114347,0.15195863502781634,0.4395081321048895,0.03778565667410277,0.15101504568386,0.2813859114467936,0.22810659187945764,0.46264186213475367,0.07557504271553417,-0.3171458366244017,-0.014661803438149792,0.3744532113146029,0.20507428030715485,0.35008440008143504,0.19307992821235911,-0.13023880804010635,0.23231493231682582
Thal_VA_L,0.5314513582942635,0.629935907507439,0.69005975928883,0.2750937390628322,0.31813945301160573,-0.03146442888860653,0.5294217516852878,0.20138438741277515,0.48955615216964177,-0.22538345755679057,0.34092561503684543,0.31145273850958144,0.21338116632962087,-0.2967730165023575,0.28909697631538656,0.3948700804153342,0.4239027776486924,0.4376533011205159,0.5689133663822551,0.39547640739778894,0.11086192950336117,0.13133859500123116,-0.14022655195878564,0.07002336969640453,-0.07538136901313028,-0.1916798759568369,-0.34594438181590914,0.19499372991959363,0.5327659827196923,0.24116450265032338,0.4188978186490053,-0.07875683605419878,0.3540355503457016,0.4604736072744149,0.6213618767474329,0.6192032555828108,0.26589351959420493,0.4689744520639274,0.21294939990977907,0.0010418990890525863,0.03321939354660818,0.08804603131477617,-0.005752240359221301,-0.0685955693283153,0.29773053235773306,0.3296010053974221,-0.1386455705942928,0.2906234102982519,-0.2222707459977657,0.1410751369936346,1.0,0.656926800250326,0.4920088277623967,-0.014893529395387722,0.38888166165778265,0.01376748132081807,0.49297828546289507,0.5409358122226957,0.49995773215029765,0.6230440430988733,0.3658118248771312,0.44845166018236216,0.04228801050668946,0.42047676535573597,0.2664597859620617,0.15789793287260295,-0.27515565497666206,-0.016311985398439314,-0.13599053163264596,0.43883410776307946
Thal_VL_L,0.4218977854662567,0.5041186483058645,0.583432685865643,0.2501204407150211,0.3645916314502339,0.1327119830581412,0.3764034724546008,0.3108751489215561,0.5808383470051898,-0.0680065547297163,0.23350573268479888,0.21654618379475482,0.12193632062557312,-0.0492998025599727,0.27376626172663904,0.5329382713820561,0.4725979208510433,0.3312956357782785,0.5931633232891319,0.5002137517745691,0.2977424574565538,0.4063442680518577,0.17436750551463534,0.3765426942864161,0.15627533233264176,0.09763323152619664,-0.13469344183341397,0.4328526431686197,0.462758342328045,0.31869576535248934,0.46320069528282487,0.12070788939952826,0.551078502670766,0.39270537734386013,0.6995401133328395,0.5225162291605403,0.35466165864980037,0.5388911382175143,0.163600660054545,0.2553650830816864,0.11047913358542548,0.30569904909378093,0.34928413302788625,0.07284094595016405,0.39549228346691884,0.5932054568807712,0.20183969214526554,0.24415870695917274,0.06830999246144594,0.4418261357930899,0.656926800250326,1.0,0.6851167092042127,0.16246868191871072,0.5490564155590466,0.3236969821489242,0.3064519858750811,0.4394939946873751,0.6571155177347757,0.6913561025040268,0.5775379389535745,0.23397223228566558,-0.19298350839992517,0.2365671941771336,0.4574913004401381,0.1919664880803586,-0.027213772170493696,0.18949640555452243,-0.21041908143204574,0.33397219129020556
Thal_VPL_L,0.5723565089317341,0.5381952400964387,0.5573420349215457,0.15548664513007032,0.30265884581437197,0.013329283096121592,0.3264876030993438,0.18745327200856612,0.300613705124294,-0.09718944148925336,0.12760837810092363,0.17554687552330703,0.11524061185266096,-0.2321029554810449,0.345213594585204,0.47468539627839457,0.6560565318583119,0.5528579834529864,0.7269717031957879,0.49672315833936337,0.40379074113558056,0.47670463425191917,0.22851955844994387,0.40229280484105234,0.18596912919868122,0.06023250466833818,-0.21074165648143386,0.38074719353571784,0.5908155346736277,0.4678473871394994,0.5512333861362845,0.15197011867801327,0.7540773223247389,0.2434474751044807,0.6091632541559295,0.5078776395034234,0.409491704786803,0.5198977156531782,0.07360448501318162,0.14845849870892502,0.17347732904553967,0.19340702953985178,0.3820528786014746,-0.03884938573766884,0.3919916891707364,0.6838142898784364,0.08469223480504873,0.4483447435411656,-0.008797568906414904,0.28641389584495625,0.4920088277623967,0.6851167092042127,1.0,-0.026714230168083372,0.7524650358254273,0.510621342135783,0.3486390560282484,0.4242055726710045,0.7360828941645305,0.8504791201583131,0.6011439514415139,0.4943884796617841,-0.17222426518587036,0.07159534568167304,0.2427354705608242,0.1569535236931503,-0.09935176152330079,0.24890018325841282,-0.22528340599369853,0.3955769933028793
Thal_IL_L,-0.08058030043082812,-0.06877773614244635,0.028926383525135525,-0.023504516518164147,0.14401476048288103,0.18846953242316442,-0.07244590878965321,0.24761073425585498,0.08320329377811486,0.14249038206934464,-0.1848514288209187,-0.12283722853754708,-0.045818990812306115,0.4182559074638978,0.14183813236144893,0.12719566434781596,-0.014460192088258638,-0.08968742536612397,-0.0031530524064056855,0.0649843977685997,-0.056167687592507703,0.13611186756781102,0.11177475575229387,0.23620807626878465,0.17774948382797887,0.1816144596565663,0.1179357060975904,0.1644577623659909,-0.041829215321924754,0.060358930321949764,0.06127896101570771,0.13857068567981626,0.028544211273477168,0.045360053521315995,-0.130318289278745,-0.09239465351038294,0.01615018915792438,0.09862954921817865,0.07274329273554546,0.2048388345132772,-0.0957487454976191,0.08814714204898835,0.1767771058357486,-0.04499728047979889,0.1537731798895543,0.0813854916312531,0.21150500379053203,-0.013898048334992873,0.13012039120032556,0.3145404388114347,-0.014893529395387722,0.16246868191871072,-0.026714230168083372,1.0,0.03596201951538881,0.323580859653583,-0.013114937471481675,0.06007923941410046,0.36184624753124195,-0.0029960635051453576,0.06544194737083346,-0.05529685927679113,-0.35895616677097697,-0.2754076976569914,0.12108343561620889,0.06111625864866257,-0.051713432391834346,0.22268832350026332,-0.21463390777536326,0.013983521974812185
Thal_MDm_L,0.47157153484792075,0.5173167225799105,0.4745649185896576,0.20033354721077845,0.30558480901957086,0.10530462193630508,0.34820104057653073,0.19820571406595033,0.3651875156744388,0.007619254017189446,0.14386875874369748,0.17484309078719257,-0.004458525413231161,-0.09649879798422889,0.29925474855077383,0.5816021513437856,0.4003127654259175,0.36905491059711887,0.6678468732241276,0.5764628413475648,0.3756642567937776,0.2516881247968276,0.04671373087106338,0.2100824601971602,-0.017547028570442623,-0.08873476855181811,-0.2807003689015055,0.37389033810820815,0.5360508144750731,0.2515088935767293,0.40112808504932995,-0.06911553195653736,0.5019852738495701,0.17670956367615867,0.546081083721115,0.4797891940483767,0.37788202894568507,0.5358630975418603,0.3434829820775762,0.21636063369381792,0.2038983681718512,0.34319512191326124,0.2292464466491116,0.010143785428851316,0.5062468696149339,0.5748348019310445,-0.05424824098414778,0.3356353490251979,-0.15826120219850717,0.15195863502781634,0.38888166165778265,0.5490564155590466,0.7524650358254273,0.03596201951538881,1.0,0.4037780472346101,0.2849406480847909,0.37390864633462223,0.545415307746945,0.6199541044850633,0.35989924725919764,0.33542897464681015,-0.09312849322456297,0.2019159980800594,0.24117117316865944,0.09374979556033142,-0.20193774648049562,0.36851152060059716,-0.09506352628555495,0.4717048483132511
Thal_MDl_L,0.0978418918409949,0.06086889863248869,0.18651935565431552,0.05578603206825497,0.3803946405524352,-0.1387228428112979,-0.1059749650595224,-0.004623510953813015,0.01134981536076709,-0.02239770142928346,-0.32613570925120905,-0.20375327013993078,0.026557779974931212,0.08014476033346818,0.10077586686907417,-0.011899877850198238,0.2850805457076411,0.013395934326622717,0.08941407036451302,0.017055642839024044,0.5156274584045007,0.5520361956160609,0.5552943319921542,0.4558237337984595,0.4154875246001322,0.30992512643223447,0.12736388460282166,0.049887407608826255,0.25104030414086065,0.44160310636803496,0.18535432868930282,0.29941720540319283,0.4569008604240281,-0.27463835875005027,0.1000874231374608,0.03546138588523403,0.30472563532307045,-0.023856298757018682,-0.4261991983442656,-0.08124600699589243,0.059164483401528,-0.24817090009691734,0.3361025145001026,-0.2310631016719902,-0.027246568498416748,0.2507519603183975,0.25756692900447964,0.42752431241793504,0.2983537323946078,0.4395081321048895,0.01376748132081807,0.3236969821489242,0.510621342135783,0.323580859653583,0.4037780472346101,1.0,-0.13186833611335552,-0.008068528277778467,0.41067481072661016,0.22440228277791993,0.11059826601128042,0.15356921836933837,-0.5055374288044705,-0.2725170662397785,-0.01754660838942126,-0.025587334239207483,0.30970335971504387,0.1879806544212064,-0.12583755870979169,-0.09450057289756031
Thal_LGN_L,0.5313414690328133,0.3316915774335157,0.458019911024791,0.3395442143253943,0.2571969491655512,0.3087426095314099,0.49825444573488725,-0.0982956630042567,0.13892206191924064,-0.11992179932747185,0.1447067613815729,0.04503797248266513,0.06249319389927732,-0.0036940926168907936,0.1259093228696817,0.31225295854772805,0.42575606746673705,0.31304227078806784,0.579373330387879,0.3071422575228328,0.1267490410531491,0.4040639397980017,0.13065946390157637,0.43140291112535245,0.2815079655795956,0.23347270485673843,0.14525442380131662,0.5346414709850914,0.45981427199809477,0.2301597793692564,0.5330105571514628,0.2092416015608683,0.3687269726937006,0.43773123249034124,0.33883303737681225,0.38572624506832287,0.2412799260272162,0.5060100374032883,0.1640062585270543,0.41972109447140726,0.07111715181101647,0.39912621830945266,-0.016452105432734482,0.2265150114735084,0.41319569615600044,0.4764209805437577,0.28593138029556026,-0.09842548653803453,0.025306610766263716,0.03778565667410277,0.49297828546289507,0.3064519858750811,0.3486390560282484,-0.013114937471481675,0.2849406480847909,-0.13186833611335552,1.0,0.47421112743821364,0.4910308022860346,0.40338192101052023,0.4942174013939349,0.32175437748325003,-0.0002305808313634385,0.05109167041410316,-0.04123155836094022,0.06031307270985721,-0.30954959084740447,0.23111083091978152,-0.03557795711581329,0.4338908563290306
Thal_MGN_L,0.4806793781360376,0.580503639482078,0.5233963752530503,0.2543810485212249,0.18075195601970925,-0.06793491218288962,0.45672960456118467,0.11778085175796818,0.4302314014879312,-0.13892111202795754,0.18646389996062154,0.19285086058770334,0.07586528568601593,-0.11495289035513356,0.17616917700122126,0.40899915177649276,0.3593988234160077,0.3790259358198007,0.5225348164485702,0.3870572925599354,0.18329739330837153,0.047434165650825595,-0.22171062631642066,0.029711948025116813,-0.16495517993885,-0.2707606641127121,-0.388953487556784,0.2150878268283333,0.4396823202135575,0.1781938124386602,0.30005360553994254,-0.14377640541219042,0.2557060277089452,0.3872799064367368,0.5281360933048467,0.4889549034884022,0.23168123127135182,0.37112794621062706,0.2925769877587197,-0.023330494502138085,0.0793347011626184,0.12106218152787702,-0.10878247568526543,-0.11358099337541394,0.23523316035176411,0.37466204222595595,-0.1282110510940124,0.249494851983954,-0.22809660273935717,0.15101504568386,0.5409358122226957,0.4394939946873751,0.4242055726710045,0.06007923941410046,0.37390864633462223,-0.008068528277778467,0.47421112743821364,1.0,0.4588113170782972,0.527750580870662,0.3900192969172403,0.24382077631619684,0.17641604676905137,0.2605518778131713,0.28904197036173246,0.19709353350720746,-0.22715493326259517,-0.0003588572032187383,-0.11320013025174312,0.4503093194425508
Thal_PuI_L,0.46127113041106194,0.4024932271653682,0.5056674384335283,0.1622390809914549,0.2975045829281583,0.05491266293778954,0.26490050338804405,0.19525985906391202,0.24642603403802485,-0.02519543390691319,0.10051412336900069,0.054872076206500316,0.013188740408832542,0.00894223211432989,0.27621080031247314,0.41677636350641367,0.6060271465239736,0.47957705216348184,0.6506460878890155,0.4164184025970933,0.2511094088306895,0.49251013405176786,0.21142127646977163,0.4729396733317804,0.28021964618257234,0.1650519313099378,-0.08819038561589647,0.4447548245393318,0.530178982798928,0.4415178418598268,0.5359207792114931,0.21864486233881147,0.6853080369922212,0.2442780816103278,0.503491210672783,0.35596931477414023,0.3574614619989998,0.5344434635326477,0.13344568254297426,0.2730177491051692,0.1907860022228995,0.2645308596321176,0.245415248976607,-0.08864453715036519,0.3736652952966286,0.6112562005265251,0.13564733241960666,0.2632041904070424,-0.021936120924713955,0.2813859114467936,0.49995773215029765,0.6571155177347757,0.7360828941645305,0.36184624753124195,0.545415307746945,0.41067481072661016,0.4910308022860346,0.4588113170782972,1.0,0.7649244464562932,0.5845517489761279,0.3874661627506357,-0.23822001226982842,-0.13470183314215428,0.09691492621210725,0.21634980019784775,-0.27586400892041674,0.28073909891866383,-0.30725172974684317,0.3416884502394369
Thal_PuM_L,0.5823242980128043,0.6454089471297508,0.5802329932330651,0.0904529832990198,0.11983873732114134,-0.10341481990594528,0.40495838342245766,0.28119684864954214,0.3909741320565383,-0.12294934655859743,0.273444478721257,0.27789960500596933,0.1249388193615502,-0.31084190825719354,0.2994327162258766,0.49135572226807117,0.66260456366028,0.7384764327206541,0.7620829238765054,0.4969298229353181,0.17869173423847404,0.23450937444089562,-0.08656587795669554,0.2020958083345599,-0.06154911062657735,-0.18673082451661166,-0.4439192840271675,0.30519407024689693,0.5594446778394537,0.3525529517702229,0.5267254492643433,-0.014448912419355309,0.6616947892756625,0.41105106844261324,0.6345341520198984,0.48377450675601674,0.2627794705056881,0.5831996027755898,0.2533084877210917,0.06186875770946733,0.038431539280401716,0.18177202324354724,0.25787549872682775,-0.11526552717270351,0.3527469236080599,0.633873621632373,-0.10724931010562666,0.414981147270411,-0.19851988870298634,0.22810659187945764,0.6230440430988733,0.6913561025040268,0.8504791201583131,-0.0029960635051453576,0.6199541044850633,0.22440228277791993,0.40338192101052023,0.527750580870662,0.7649244464562932,1.0,0.6920953715404928,0.5853942386137791,0.015395177689022509,0.21346724673924897,0.3888589668334335,0.22554781536783622,-0.2654762499856536,0.1775671523007703,-0.26010006274020536,0.5245050616472238
Thal_PuA_L,0.46456186846122105,0.3484963187519286,0.41812054341989746,0.10642430022080084,0.07405224450901077,0.24415674634510018,0.3314922145893539,0.15328971943267775,0.30212675765913966,-0.08481143689077442,0.12149411993152776,0.12195595612729088,-0.0012040089941928779,0.010391430411459615,0.24079007808841188,0.43166237685571657,0.5759840667803756,0.5613328262245997,0.6380014283761837,0.4349661134257693,0.31419674724710833,0.3871925461398651,0.12613756176227034,0.5010136953277881,0.23038964847407958,0.20097653121341702,-0.04320906465211282,0.6267401270195363,0.33625047830182037,0.34105481042960123,0.6029499288218328,0.2809177480779789,0.6136195251424683,0.5076370176457901,0.5282266199528827,0.3715032927815554,0.10646274287558002,0.6016868739145091,0.23586708614356344,0.39055822253582473,-0.04522535138985057,0.44780919803999114,0.3409539214458388,0.095223435183898,0.47784586219951636,0.753524962238499,0.37226594651282213,0.11973812642005914,0.23814328063158333,0.46264186213475367,0.3658118248771312,0.5775379389535745,0.6011439514415139,0.06544194737083346,0.35989924725919764,0.11059826601128042,0.4942174013939349,0.3900192969172403,0.5845517489761279,0.6920953715404928,1.0,0.39957452106932045,-0.06910393643447388,0.0005734205730959669,0.36851057806595666,0.2165084668471025,-0.03480102061997711,0.3007935025228142,-0.13712357485119708,0.5338398828299284
Thal_PuL_L,0.6224620826413279,0.481019617103106,0.48835921385615405,-0.019274722926824465,0.015314968925595631,-0.11975572655982235,0.2579181210039065,0.04364485929812729,0.01708226585856493,-0.21417063159226607,-0.004694026762902252,0.09498399059496983,0.07045156362258673,-0.29114493162434213,0.17741619251110155,0.16249446171032134,0.5388090394406881,0.5924955999081777,0.5048184572257693,0.28925865439695797,0.13301774252601495,0.21273011067343078,-0.019979154030056522,0.19240450554737804,0.026826652677190303,-0.10608745146029147,-0.268865698769621,0.13737061387227426,0.575679323146417,0.3757465502188388,0.3589263441689291,0.06431446967399895,0.4435725497183419,0.32920556094081604,0.22027993325327366,0.22791066450738273,0.03973899031417464,0.29262819824735764,-0.0003121862296905721,-0.04259976913816847,-0.23601067760569835,-0.054029932806816255,0.0042966287190095934,-0.16701218367912826,0.24755046629121377,0.3676438530066791,-0.1328283859697685,0.4346039892201473,-0.19289874285828645,0.07557504271553417,0.44845166018236216,0.23397223228566558,0.4943884796617841,-0.05529685927679113,0.33542897464681015,0.15356921836933837,0.32175437748325003,0.24382077631619684,0.3874661627506357,0.5853942386137791,0.39957452106932045,1.0,-0.061575901330527004,0.018507475720783522,0.11503650686985412,0.09794338582658321,-0.19275195120642033,0.21408021347673545,-0.19240153811156324,0.44091763911620035
ACC_sub_L,-0.03206288322555324,0.1846850828848231,0.0342341758698962,0.10981391006698385,-0.2590536986663859,-0.05638561649486556,0.144354811612818,0.21139871003580038,0.15025521108296988,0.11398749372395375,0.40393529066513123,0.31609312133493,0.23683296502952636,-0.19816117218570833,0.07508663791975725,0.06058148365220732,-0.18007109518367728,0.15695476205228712,-0.04771924923905833,-0.12137244867978289,-0.22481448354010405,-0.5207970044447909,-0.4824786841179989,-0.5147411887962391,-0.48984822707226,-0.4892239795530873,-0.37711652326087935,-0.2397009450247179,-0.10164061474677058,-0.28884672291303676,-0.09677605047715243,-0.3739098325916205,-0.2902108933453364,-0.04998003431882847,0.03352733933266855,0.12660468575815198,-0.2391612380555409,0.003451163222113713,0.3043619885048912,-0.21713107209363447,0.11599412734764543,0.014990885472934177,-0.14902109825216708,0.056426237378131044,-0.2086494519152669,-0.164005573159883,-0.41241392995219217,-0.10499010515263148,-0.35011298985667005,-0.3171458366244017,0.04228801050668946,-0.19298350839992517,-0.17222426518587036,-0.35895616677097697,-0.09312849322456297,-0.5055374288044705,-0.0002305808313634385,0.17641604676905137,-0.23822001226982842,0.015395177689022509,-0.06910393643447388,-0.061575901330527004,1.0,0.3397622858123119,0.22920916494464022,0.3799323392190455,-0.12370291821549959,-0.2419502219484478,0.15017383666336578,0.22033287317347755
ACC_pre_L,0.05231713536440841,0.4161736888003427,0.3450599926151505,0.3253952709622802,0.29688223403667136,0.0057758536068094005,0.4409055567044804,0.23940041746860138,0.6206559337819066,-0.18158016459785034,0.35868104724052347,0.33046704223976314,0.23143044490790357,-0.2424175251724637,-0.07283675440828255,0.2729517334194487,-0.17401853991172592,0.2306840359004242,0.21994155041259877,0.09018861268726301,-0.15356412634934039,-0.3904009225747033,-0.5162532834402371,-0.41198327480639585,-0.5550007179183174,-0.5225660683096013,-0.4823690175959676,-0.11581039273611403,0.03608387085808529,-0.3044703887710223,0.016213080158752318,-0.4653505820998425,-0.23764101365121096,0.1455825730786927,0.35150611241156626,0.511386730258753,-0.04545784051478647,0.20011078596973023,0.36265978596310927,-0.20707595415516916,-0.050265662561648,-0.007496884038249445,-0.14583603180352575,0.11751549575921244,0.1395638968166823,-0.05561745861532591,-0.35157306168418834,0.08997545473854436,-0.36050777201910444,-0.014661803438149792,0.42047676535573597,0.2365671941771336,0.07159534568167304,-0.2754076976569914,0.2019159980800594,-0.2725170662397785,0.05109167041410316,0.2605518778131713,-0.13470183314215428,0.21346724673924897,0.0005734205730959669,0.018507475720783522,0.3397622858123119,1.0,0.424692372268707,0.052506336684936004,-0.08018854971579674,-0.23796888221020243,-0.005310517287612726,0.22421522968144852
ACC_sup_L,0.12923926187881807,0.4856247551412813,0.3450832739511613,0.04498876172624999,0.026556184661415322,0.09389209927921956,0.31965588903770337,0.46672816178808524,0.5617391432895884,0.03765149289361523,0.30006779471918116,0.3595651713647789,0.18807936694098795,-0.11710676199384186,0.13713013242151872,0.5221483516466503,0.12329057703988756,0.301361061886129,0.29288679843497956,0.2322559935335769,-0.02269796621874422,-0.09625644594859491,-0.21163111244179517,-0.07514934999120751,-0.23597676627334557,-0.25157433855420847,-0.3532927755878435,0.15355068468686786,0.07495792689911093,-0.08853579608052566,0.15241577475828116,-0.22425590168454884,0.05520662124788111,0.42687576582041803,0.3748680303387619,0.33074558957335853,0.07720920254892939,0.38763825401721047,0.36997582264160234,0.03812472816738671,-0.13471618274188757,0.19136382934008483,0.19428207656757784,0.12192630506355663,0.249271112032887,0.2717993964646185,-0.058059973738194465,0.16728814084970467,-0.11987848380858347,0.3744532113146029,0.2664597859620617,0.4574913004401381,0.2427354705608242,0.12108343561620889,0.24117117316865944,-0.01754660838942126,-0.04123155836094022,0.28904197036173246,0.09691492621210725,0.3888589668334335,0.36851057806595666,0.11503650686985412,0.22920916494464022,0.424692372268707,1.0,0.25675601354304334,0.05589400390596213,-0.020155825052583523,-0.07327853581329248,0.3157913915412037
N_Acc_L,0.24117369646244577,0.44586700065267554,0.48634610391484584,0.2820015873468688,0.0601068628531915,0.2540419608303912,0.33609566067495544,0.6933549726793089,0.21002146182462877,0.2878040769635595,0.6064827169638605,0.5483023771371223,0.645437136134813,0.05274049110391679,0.3878644152737262,0.2181305032705362,0.11721312139360919,0.2289186505297855,0.22260457139435005,0.011615310788152332,0.0008143769296327133,0.03796283977738863,-0.014322828359420994,0.07331042867133347,-0.07344435324495592,-0.11362333445987864,-0.1585860450855814,0.12017487788361988,0.2587132787866522,0.08704080282206164,0.21929983337531214,-0.04445104672639367,0.1640475470355803,0.02313643737494047,0.304124444076427,0.16515189630232585,0.033766616382895395,0.3363913372844201,0.2650076524389404,0.0038844733686720003,0.2033268499902459,0.09953305484995517,0.026790149149910184,0.18208200454277024,0.06379148333399454,0.24307767801811242,0.015552744965792087,0.06221201345983122,-0.08939199613145807,0.20507428030715485,0.15789793287260295,0.1919664880803586,0.1569535236931503,0.06111625864866257,0.09374979556033142,-0.025587334239207483,0.06031307270985721,0.19709353350720746,0.21634980019784775,0.22554781536783622,0.2165084668471025,0.09794338582658321,0.3799323392190455,0.052506336684936004,0.25675601354304334,1.0,-0.13816850345847528,-0.08432591632594921,-0.09840718657940233,0.2890457754641049
VTA_L,-0.20586395899061297,-0.22990221927085877,-0.1817920662646336,0.05590842414504312,0.09762356912439983,-0.02351172331726367,-0.21423646392269968,-0.17712683029622472,-0.08228834663956745,-0.11276463096978373,-0.3825635852223314,-0.3111016471422495,-0.05017285896934016,0.2150899671783857,-0.24904855958279135,-0.23285757948987024,-0.09832594653671721,-0.28775779517417766,-0.32360644203895045,-0.2522389391776822,0.3628123306637824,0.15837543543720078,0.3459215609760995,0.13651111452833892,0.22643186787660521,0.24613780742322844,0.22806644049771743,-0.10156025821340414,-0.19469712948036025,0.06228863965926839,-0.19165141558512808,0.19596506218099596,-0.022320943372315494,-0.21018267180120465,-0.16761607075053764,-0.09676314895801405,-0.1490627200162541,-0.3553893537318762,-0.44575593687488874,-0.11096918493506262,-0.04560611750789021,-0.2271344275292074,0.234630913332321,-0.08970953387387877,-0.1517583205926761,-0.07558569201839577,0.24971702918230032,0.14478097260041398,0.4806691194407971,0.35008440008143504,-0.27515565497666206,-0.027213772170493696,-0.09935176152330079,-0.051713432391834346,-0.20193774648049562,0.30970335971504387,-0.30954959084740447,-0.22715493326259517,-0.27586400892041674,-0.2654762499856536,-0.03480102061997711,-0.19275195120642033,-0.12370291821549959,-0.08018854971579674,0.05589400390596213,-0.13816850345847528,1.0,0.14591949187056047,0.28013600899803803,-0.18641402825439754
SN_pc_L,0.30497914678199023,0.011807949226153965,0.06728369064139701,0.02333189325690176,0.036189931425193694,0.3082701366152449,0.02618928733810822,-0.04481656358662785,-0.09897931238177449,-0.00748932488286678,-0.26713797068377615,-0.2960905429209726,-0.2717054942938553,0.21392861996472678,0.09834440982298022,0.2729086286964914,0.2617743370391693,0.051632727769555874,0.3229470884543457,0.2578340636592463,0.36877832901870605,0.34608503857985495,0.289003044570821,0.40358693048685074,0.2978425984806926,0.32496979744293253,0.22885985927047747,0.4591247647355995,0.2810589671583289,0.2180572359256053,0.22352778639989654,0.22668379483646442,0.3544322137090917,0.06377673360993188,0.030404438100610776,-0.026972632974776506,0.10038653662670673,0.27311258833260904,0.07695885864802615,0.45680078716527633,-0.031188262171018197,0.42610808984843335,0.22669539156013452,0.06836332809560455,0.43410269440001414,0.42270966106643937,0.30065106300894445,-0.01434346900736638,0.1945892258908964,0.19307992821235911,-0.016311985398439314,0.18949640555452243,0.24890018325841282,0.22268832350026332,0.36851152060059716,0.1879806544212064,0.23111083091978152,-0.0003588572032187383,0.28073909891866383,0.1775671523007703,0.3007935025228142,0.21408021347673545,-0.2419502219484478,-0.23796888221020243,-0.020155825052583523,-0.08432591632594921,0.14591949187056047,1.0,-0.05219188035292413,0.351263019276963
SN_pr_L,-0.07158722583485512,-0.1199959056192459,-0.26160769550964086,0.11681839810711533,-0.0687228661486252,-0.04849096281392494,-0.054895433848035226,-0.17508062751166673,-0.14791926542298522,-0.008749950962974701,-0.16772728739758314,-0.20757119589291054,-0.06615696012155199,0.05195099283656556,0.023088426500944517,-0.20902247248254552,-0.08033580997313149,-0.1279371887898871,-0.1807253291609533,-0.16999833781045884,0.17016102816203993,-0.10839996588480605,-0.013099288607098062,-0.08727848750759824,-0.013373737082382374,-0.012337125174521794,0.056816169664985115,-0.15710432647495942,-0.14704044704523753,-0.057065013490957925,-0.13916152715574012,0.010206761114040853,-0.09529904710861854,-0.04069785891304882,-0.11451805845011993,0.036580181219413165,-0.19471446593025338,-0.2785473721684091,-0.20221845427043755,-0.1651093271802787,0.057448246559037845,-0.14141513517196258,0.03931158920205585,-0.08299814021122566,-0.07842109342900139,-0.11656426664863122,0.009620380456778887,-0.05809144400985254,0.1807648864299639,-0.13023880804010635,-0.13599053163264596,-0.21041908143204574,-0.22528340599369853,-0.21463390777536326,-0.09506352628555495,-0.12583755870979169,-0.03557795711581329,-0.11320013025174312,-0.30725172974684317,-0.26010006274020536,-0.13712357485119708,-0.19240153811156324,0.15017383666336578,-0.005310517287612726,-0.07327853581329248,-0.09840718657940233,0.28013600899803803,-0.05219188035292413,1.0,-0.0010015426260756057
Red_N_L,0.6507214510386716,0.5993739922589467,0.5709977506850505,0.2523301440799153,0.09155315775502375,0.16063194451519977,0.5278169565369928,0.15417277061883944,0.276517242493081,-0.14896959059059287,0.17032521776434156,0.21183664250725132,-0.016872570601769707,-0.05472492916486467,0.24758975525269775,0.4499348999223086,0.4265961977715154,0.48244517788852465,0.7312273050540079,0.5135807759639738,0.3350678747566158,0.07428202090586973,-0.1967109577738441,0.15350539244502726,-0.14716631970772137,-0.21057670464940684,-0.36890905285127495,0.4375976497830885,0.5553872442841311,0.2880749351763199,0.42584658553300603,-0.046162653465312974,0.4255818305291739,0.4367939956725612,0.5214607375944247,0.509989613702218,0.07349568669277173,0.5718376732310211,0.4342364211032932,0.17895328405491012,0.03309633160889247,0.34831076001933703,0.107105765609593,-0.014320150297340562,0.5648152888127521,0.6085847973498608,-0.025799552930826593,0.23527832540764676,-0.10710298403726981,0.23231493231682582,0.43883410776307946,0.33397219129020556,0.3955769933028793,0.013983521974812185,0.4717048483132511,-0.09450057289756031,0.4338908563290306,0.4503093194425508,0.3416884502394369,0.5245050616472238,0.5338398828299284,0.44091763911620035,0.22033287317347755,0.22421522968144852,0.3157913915412037,0.2890457754641049,-0.18641402825439754,0.351263019276963,-0.0010015426260756057,1.0
