,Precentral_R,Frontal_Sup_2_R,Frontal_Mid_2_R,Frontal_Inf_Oper_R,Frontal_Inf_Tri_R,Frontal_Inf_Orb_2_R,Rolandic_Oper_R,Olfactory_R,Frontal_Sup_Medial_R,Frontal_Med_Orb_R,Rectus_R,OFCmed_R,OFCant_R,OFCpost_R,OFClat_R,Insula_R,Cingulate_Mid_R,Cingulate_Post_R,Hippocampus_R,ParaHippocampal_R,Amygdala_R,Calcarine_R,Cuneus_R,Lingual_R,Occipital_Sup_R,Occipital_Mid_R,Occipital_Inf_R,Fusiform_R,Postcentral_R,Parietal_Inf_R,SupraMarginal_R,Angular_R,Precuneus_R,Caudate_R,Putamen_R,Pallidum_R,Heschl_R,Temporal_Sup_R,Temporal_Pole_Sup_R,Temporal_Mid_R,Temporal_Pole_Mid_R,Temporal_Inf_R,Cerebellum_Crus1_R,Cerebellum_Crus2_R,Cerebellum_3_R,Cerebellum_4_5_R,Cerebellum_6_R,Cerebellum_8_R,Cerebellum_9_R,Thal_AV_R,Thal_LP_R,Thal_VA_R,Thal_VL_R,Thal_VPL_R,Thal_IL_R,Thal_MDm_R,Thal_MDl_R,Thal_LGN_R,Thal_PuI_R,Thal_PuM_R,Thal_PuA_R,Thal_PuL_R,ACC_sub_R,ACC_pre_R,ACC_sup_R,N_Acc_R,SN_pc_R,SN_pr_R,Red_N_R
Precentral_R,1.0,0.7630164295866987,0.9288375201936017,0.7294729552195376,0.4777280305154961,-0.17746628965245662,0.6762096257839513,0.5164280606467422,0.7141279114498387,0.33948218174850786,0.5676039653044715,0.12453780892595472,0.4662434213331146,-0.30162156441747234,-0.4531043510914556,0.7665506605334937,0.9012839726596638,0.721031201076725,0.7702987497375702,0.7069875384373692,0.7213148158250838,-0.03524400886590582,-0.047064117922216236,-0.04182912142112064,-0.18851966431658487,-0.19608178053489186,0.1617803957634532,-0.03936555235776457,0.7985906807826891,0.438796838396136,0.5867326872594705,-0.041367952771803204,0.8013809533694125,0.7662472404783371,0.7981018915242427,0.7314437032591856,0.7595223762793648,0.43905566620822967,0.5751589294328925,-0.1505155872177627,-0.08760376771645534,0.12330678592873845,-0.15553902249007226,-0.16237366270650247,0.230750165959349,-0.1718806243475009,-0.21730843774603725,0.39920121187721314,0.07814303645716988,0.3805179202316177,0.32300498843905007,0.6716674784625514,0.4706851404424106,0.8198311529030052,0.7058993758198921,0.7445970647473248,0.7545287800229168,0.7230886449331793,0.634557493041624,0.8214348207062299,0.4032680414398674,0.6106777856452656,0.423864352118696,0.4480166905392185,0.6805059656530029,0.5210444670129736,-0.04888034602856884,0.4692771982953368,0.7751894067595753
Frontal_Sup_2_R,0.7630164295866987,1.0,0.823384098379849,0.5416028060042508,-0.01928394142380367,-0.39545591534706515,0.5827722566139912,0.7539220509067704,0.9132054927277686,0.5686620106456616,0.7598824194074038,0.2843666727074052,0.4095321634342653,-0.573504349535563,-0.6797055375230767,0.8177118209701821,0.7508476001735772,0.7365987040267328,0.8400924023840798,0.7932845507024985,0.7519336088285177,-0.4645665372026953,-0.5031800134084706,-0.49076601553452276,-0.6461226045953273,-0.3080451017844854,0.22549807799325267,-0.5060442932568966,0.6876186115158864,0.10737299775764546,0.15983878903287457,-0.41707853725805,0.4728833161526286,0.7676169121658137,0.8566459650151578,0.6778207239529033,0.7993078636398091,-0.03017412992833988,0.5129437387495301,-0.5356583243952705,-0.23090430253557812,-0.14952968317971604,-0.5323150414535965,-0.5403626103238739,-0.16056413951172405,-0.6243263833397249,-0.5978333396347381,0.2646456266642576,-0.25704284609148004,0.28494670942325356,0.23752023555698973,0.5884181643759209,0.12372424554782323,0.6122854243172192,0.567401497735106,0.47826112728463155,0.6864640089486148,0.7212731037510546,0.43173227208610654,0.6999462337159496,0.12656960478033374,0.8061319533703442,0.6116440407810532,0.8081179464564409,0.8009542203568456,0.6934136995233958,-0.4574817955973207,0.2288947697309774,0.47032391556800723
Frontal_Mid_2_R,0.9288375201936017,0.823384098379849,1.0,0.8002504323255506,0.4910112624464088,-0.13721174777605982,0.7842746489229695,0.6397258605254772,0.7903590166019214,0.3928359197655428,0.6424233195830749,0.1220197213745892,0.3957859678892651,-0.35634695294302315,-0.5137329825660971,0.840881699989992,0.8978565913290986,0.7847733014394951,0.8152701360743708,0.7949853007433845,0.8071751723610535,-0.06814156492779792,-0.18934149861796185,-0.07516479969408452,-0.31261573564422757,-0.15940133988163163,0.11549090531460098,-0.05548095644978757,0.7102743402564713,0.3059526836065675,0.3979544311875627,-0.20584950171287225,0.7126974850830218,0.8439204622406342,0.8647274814639069,0.7840216543154036,0.7750515428579896,0.4057060082614372,0.5750554104477942,-0.1986217112741045,-0.07630046780509035,0.05632719166320891,-0.20341121223955214,-0.25074341905054204,0.2251027769864369,-0.20265685488655324,-0.2368347275061845,0.39457777625716833,0.02636572650609459,0.3956596215658097,0.24160117588939797,0.7163728951006212,0.47342497883969353,0.7468834856641167,0.6906004541752122,0.7164342005323907,0.6995433663195423,0.7091341119672346,0.5730326064224647,0.8324444833115219,0.3801265546054936,0.6852169211579829,0.47640598016727914,0.543779252855808,0.7762813403921555,0.6093315142421295,-0.13890627211969545,0.4550888770162022,0.7312862797729892
Frontal_Inf_Oper_R,0.7294729552195376,0.5416028060042508,0.8002504323255506,1.0,0.684118489679201,0.1612721421915363,0.8553328591121356,0.3968907956793178,0.5348680851702717,0.2058977120248355,0.3581684849594147,0.012559860401871781,0.14853529050174805,-0.09561796050821791,-0.36080365773091083,0.6740779566693131,0.7784007338523704,0.6069949747417707,0.5433679096913936,0.6313309937957915,0.6415928694512222,0.15061222147012587,-0.03810625981930304,0.21753750206169314,-0.07227444083398504,-0.07069929503755883,-0.08778520305952243,0.29766072919684466,0.3858615392522827,0.23477514300406174,0.3393727596183129,-0.12042472493719691,0.568860266054269,0.7054088742661855,0.622070495960856,0.6786412787192444,0.5536861940137066,0.6068942861717785,0.3918541433013981,0.15546341878018657,-0.08834386693352513,0.20916646576252945,0.0643099587049216,-0.022136693172872056,0.47158667805672405,0.12455827209421808,0.05498534669187858,0.3116999481083953,0.1814628346859052,0.4538233284606127,0.01109947996447191,0.647195589118456,0.4542932267160795,0.5902221125532306,0.5729858515175477,0.6729170975459611,0.5398236561070419,0.6144950104515149,0.5215514038967873,0.7091319086293472,0.39122564621836964,0.5284063455848126,0.2847518176009451,0.2811345942288793,0.6230983726295084,0.41087278347717493,0.038812018950320895,0.4067151778705154,0.626488880210734
Frontal_Inf_Tri_R,0.4777280305154961,-0.01928394142380367,0.4910112624464088,0.684118489679201,1.0,0.44410955252699147,0.5535518621011559,-0.04525311645092085,0.026777680922614094,-0.14865283881410873,-0.06913383271743342,-0.20405420702577381,0.03741157378800679,0.339113441639539,0.07538301512596338,0.24220058312492457,0.46988693050849323,0.2786678780237577,0.11457062070369169,0.19882624743532856,0.26755979411167896,0.6324772568570346,0.4505536453193411,0.6839859401015238,0.4728924355076327,0.21260455959923633,-0.16783391941651887,0.7454714786004155,0.11360884747151935,0.3088070564849068,0.4653550751044005,0.25934826331181,0.553620971563585,0.3519695665313722,0.20247485886618982,0.4358521060986368,0.13855853438976315,0.861601080225141,0.25071291122701184,0.5804555946228728,0.24156769832894567,0.44835751080839525,0.5086589822868502,0.4693330199773254,0.7207353880012851,0.6509058012879549,0.5469885647122873,0.25296324805544196,0.5021180022539241,0.25642610489349243,-0.045247716233441086,0.35988252237886115,0.6353568705497713,0.40655247538544137,0.3735129364912172,0.6085341978403014,0.2498054710345742,0.22299193340933957,0.36914348140022296,0.4016718163054885,0.5489410623695277,0.05395753278289813,-0.08992030768719472,-0.3085478682553313,0.14591997385986924,-0.0543469543514952,0.48649908300965145,0.473526068303061,0.5546748904775273
Frontal_Inf_Orb_2_R,-0.17746628965245662,-0.39545591534706515,-0.13721174777605982,0.1612721421915363,0.44410955252699147,1.0,-0.017582905538738917,-0.4238754896466716,-0.2495270718970443,-0.2255502874257922,-0.50168992745986,-0.1896603679954022,-0.5262661069410478,0.5185543997559613,0.2785785841906906,-0.18042975980480086,-0.25863336864976477,-0.3944503981828855,-0.45530839894559344,-0.4236461648564228,-0.34498024005972616,0.4517888018950526,0.6428628525157054,0.34588474313442513,0.6470275102960314,0.20545267534048464,-0.09816170587470778,0.45297036198946744,-0.23214303420833904,0.08112407067393117,0.24634522052431218,0.5566175113860634,-0.04996877476325519,-0.29428255041815177,-0.3498518487421047,-0.15900039459676724,-0.24324225133482083,0.31723768981688266,-0.2962922223255745,0.5600961649848404,0.3476392651735806,0.3523819553035983,0.6567325427659662,0.6126113247826956,0.3555463069747761,0.4795911718201615,0.5908476979711443,-0.059583487757489575,0.5331654666933223,0.10275207989840085,-0.12224705099139196,-0.05368189378965236,0.22612235339308687,-0.24756669027564918,-0.24099788032224204,0.09585930513107596,-0.25678134370618744,-0.34679790786483894,0.13314213384740178,-0.24830981088094012,0.21736816367727926,-0.44896862652560054,-0.1719785089530026,-0.39103517467569276,-0.4128129984386694,-0.47882305196369257,0.4291579013364048,-0.03367646943165164,-0.11991123214407434
Rolandic_Oper_R,0.6762096257839513,0.5827722566139912,0.7842746489229695,0.8553328591121356,0.5535518621011559,-0.017582905538738917,1.0,0.6217647645722156,0.601595971103811,0.29122663055483494,0.5699861374216862,0.0849202583777408,0.28985726522949645,-0.24336699937989278,-0.4692218817800405,0.7778835815345145,0.7824010795616356,0.7281111455816129,0.6902357683113842,0.7826932507713877,0.7966600958195306,-0.020648804883195166,-0.30671611698494716,0.06028987914752662,-0.3056594439311623,-0.09969422596356035,-0.09590444389539814,0.16590969874491926,0.43681272336759575,0.26754437252790886,0.20426932947934898,-0.3234530985266401,0.5313405223016914,0.8153511395618998,0.7139786689797754,0.7104649673778853,0.5326641153765153,0.4960339296580568,0.5146046935256445,-0.08205095070688398,-0.1997923597357139,0.018710478079770273,-0.19904691482190937,-0.27921218062332864,0.2758922572451274,-0.04696120310222945,-0.20054876369892263,0.21737071460414176,-0.09590889758891624,0.34762794388308604,0.015269289026770425,0.5503206934000199,0.3229440201120384,0.5717725296274346,0.5164603877279573,0.6140965032429012,0.4603125847156801,0.674222250000324,0.31843314167252534,0.7110167067339089,0.2753698927282982,0.6150004722811463,0.4843148961205327,0.43944862962840336,0.7771494888821248,0.5265909909209794,-0.18069126270120833,0.45090377383829683,0.6206232880279731
Olfactory_R,0.5164280606467422,0.7539220509067704,0.6397258605254772,0.3968907956793178,-0.04525311645092085,-0.4238754896466716,0.6217647645722156,1.0,0.7418820778187741,0.4930046285975911,0.8663268039902278,0.2653895593312291,0.40628577613883204,-0.5982249314348976,-0.5940039652470173,0.752449425966276,0.6227436425441402,0.716838486029841,0.7779683907770246,0.8118374522326833,0.7786290754531852,-0.48893347620050337,-0.6661789474044999,-0.45530803992920305,-0.7076228433107644,-0.25771461599585976,0.1419736606413048,-0.4502209821191456,0.5258948091664509,0.08629199244595817,-0.07087392237539578,-0.5595762895530345,0.3143842569341428,0.7436017095198465,0.7725763273468856,0.507787809051843,0.5730738930766096,-0.0915682853806328,0.4838629485739802,-0.5875737992087966,-0.34782389238266037,-0.3263096474333459,-0.6338401586824649,-0.6883906920644418,-0.2550141538458811,-0.5744610130520383,-0.6742958491092724,0.06574430168024023,-0.4427406184835354,0.21787398643821707,0.14346348288768096,0.3245801672741491,-0.02806125828743697,0.4321021139925226,0.39568725973464375,0.3023777150547406,0.38453552853842426,0.5500143999003738,0.08171856652129342,0.6157876382116367,0.062296321114964276,0.7162628881279264,0.6659922550729444,0.7575937623727634,0.8232843799630714,0.6989651759769674,-0.5920278648741317,0.18394113907172469,0.3277269941170133
Frontal_Sup_Medial_R,0.7141279114498387,0.9132054927277686,0.7903590166019214,0.5348680851702717,0.026777680922614094,-0.2495270718970443,0.601595971103811,0.7418820778187741,1.0,0.5487845951763113,0.7355245473783995,0.3361709974384815,0.3036997403317178,-0.4772080927200274,-0.6342061698952651,0.8272288722505622,0.699656117260544,0.6573513891819607,0.818197499886071,0.7865882282118739,0.7484274993798097,-0.4871292515218213,-0.485446140772895,-0.5419770421206211,-0.627881714004165,-0.3341309582701563,0.24227455277913695,-0.5050945228680359,0.7090667470404295,0.15720984432121116,0.19474738063612404,-0.3742849598031438,0.3939281176974273,0.7917186013485191,0.8257574939115248,0.6885620882559125,0.7661005002620266,-0.06063043611968744,0.5096389980780648,-0.5652600659305769,-0.11646893581380388,-0.14540266856419543,-0.5084741640220487,-0.5376387990284847,-0.1713207496011693,-0.627747921475668,-0.5810312460861901,0.2766562190723638,-0.2946808872201778,0.3051120905479858,0.1645683118138792,0.5628776775559131,0.15774807400599317,0.5332803135416493,0.4930314338835773,0.5095533684003446,0.6555121845050504,0.6410663774800923,0.37746084574476696,0.6716672441427058,0.22300960223107608,0.7708556947088104,0.7406077819049752,0.8305155159669316,0.8053015978357024,0.6130567973105677,-0.4365583541489051,0.23359504144507381,0.4170888054014688
Frontal_Med_Orb_R,0.33948218174850786,0.5686620106456616,0.3928359197655428,0.2058977120248355,-0.14865283881410873,-0.2255502874257922,0.29122663055483494,0.4930046285975911,0.5487845951763113,1.0,0.5181368512817105,0.09025864951127127,0.09784705444294016,-0.36032954996922834,-0.3177893466480171,0.3541660943352552,0.35181390725211537,0.4111032806506818,0.46067627818991286,0.4495882863945317,0.3812714015397217,-0.41926053878065916,-0.37202339835434095,-0.45477836308273506,-0.4550129857127141,-0.21788923337598642,0.06908972354287558,-0.4209051059492402,0.3680006608343104,0.050516805217906365,-0.04161357117215836,-0.31283826618066335,0.20098191966388593,0.4097596655847483,0.4558308829037367,0.47350897755110166,0.42741331398735344,-0.22102127353468845,0.26500181867841865,-0.47720486362447595,0.028913054692709814,-0.19774846162934712,-0.4218811550074801,-0.4035563659467257,-0.27263826500469535,-0.480204327116432,-0.46477896194759216,0.06438006954666746,-0.3050716495558993,-0.008952961863275384,-0.00233852959163722,0.21621520356670393,0.09075170909384968,0.22248204126761834,0.2990069932319632,0.22317690674891194,0.3641478723002262,0.3243638634636478,0.0875609823746383,0.3213597577481886,0.16964909090184524,0.48401207668102464,0.4848586058668237,0.5007421446802006,0.48415653070449727,0.3470125434225564,-0.35002749109669695,0.031834272356875644,0.04015328350280764
Rectus_R,0.5676039653044715,0.7598824194074038,0.6424233195830749,0.3581684849594147,-0.06913383271743342,-0.50168992745986,0.5699861374216862,0.8663268039902278,0.7355245473783995,0.5181368512817105,1.0,0.12616231522719365,0.59213742341275,-0.6318105964285845,-0.6453634281038098,0.729084586668183,0.6393299543601245,0.7279413082026804,0.7911986202801189,0.7994912511623071,0.7612795532644318,-0.49532962239066214,-0.6561367671953214,-0.43014540463890477,-0.7155826818961462,-0.29810424135296737,0.16771069153145035,-0.44444107808263084,0.555386777672401,0.08908915664906339,-0.039325442777273636,-0.6038268757696267,0.3611880050769757,0.7104143102801919,0.7874361297532213,0.5361404860833443,0.5316053426768468,-0.06915215646103134,0.5843180780570408,-0.6157709053077994,-0.3100135953404008,-0.3629974416005355,-0.6832173410635084,-0.6543746296771336,-0.2645367040404526,-0.5801333640168729,-0.7068248213641227,0.11693842187604793,-0.47088521648116943,-0.04782667726514821,0.20025126667437385,0.2745688506170471,0.0681716791246311,0.4615445832660721,0.39985698962243416,0.2832536604884933,0.4633365986090473,0.5479298112257155,0.014677490997112597,0.5478696679534557,0.04947631460831412,0.7585483250176458,0.6440574996757149,0.6905622608092727,0.8175419434917366,0.6873547174484675,-0.5927397928329516,0.17609334187432737,0.36851746716429
OFCmed_R,0.12453780892595472,0.2843666727074052,0.1220197213745892,0.012559860401871781,-0.20405420702577381,-0.1896603679954022,0.0849202583777408,0.2653895593312291,0.3361709974384815,0.09025864951127127,0.12616231522719365,1.0,0.004219750742223614,-0.013091011260331572,-0.3035545223454408,0.29112936389565325,0.09582458155898467,0.11079589546665915,0.2642001950449091,0.28569238125949625,0.2949620976097909,-0.3934229820723156,-0.3060776337490856,-0.4167738915090971,-0.3124312130704595,-0.25331453693305056,0.02953668796751245,-0.349686592447597,0.241192441838337,0.02176969938756137,-0.004574320197539534,-0.14930861038156923,-0.018445994898312005,0.30231961358942777,0.05893862909379632,0.2809375138044666,0.34186616639591705,-0.22256788172927108,0.18250463631451225,-0.31953224986417905,-0.10099895516775366,0.019530764083779528,-0.2287827310614022,-0.3167034275301097,-0.2202495174461158,-0.40898789284389225,-0.3307270740120544,0.006996474306357574,-0.16342456674169187,0.3652153389172664,-0.16095426777449473,0.16850340590780202,-0.29273306082424116,0.043661495896669664,-0.12313035455830418,0.05886067880770258,0.038903540371876544,0.17538996346707222,0.0256182318520027,0.19389166792298973,0.01242606896293473,0.2684770156994277,0.38882526667293615,0.3953495206613197,0.23039634022622968,0.10983577992058544,-0.3069637248111922,0.10682037979239314,0.09507089753670539
OFCant_R,0.4662434213331146,0.4095321634342653,0.3957859678892651,0.14853529050174805,0.03741157378800679,-0.5262661069410478,0.28985726522949645,0.40628577613883204,0.3036997403317178,0.09784705444294016,0.59213742341275,0.004219750742223614,1.0,-0.40328421931171904,-0.30234789954253566,0.41741349548445217,0.4899368530243982,0.5240817600055347,0.5442656140165925,0.49316591127305653,0.48976444129887814,-0.268740124650666,-0.35961795398623514,-0.09038712214803224,-0.3880132351262341,-0.2366082081474389,0.15637733750804186,-0.15373698184464676,0.43952767964891826,0.20852718812914564,0.1038626777987764,-0.3444848401510663,0.42024668663318415,0.4476049637148317,0.48715092259560505,0.3608588903044734,0.2389014905189936,0.08830561703344851,0.4940198333368245,-0.36110725013691597,-0.28794017982271297,-0.28618661396912115,-0.4426874015666526,-0.39564978343879353,-0.023916171587093634,-0.24395720120171874,-0.41734190831565676,0.27809250732256796,-0.22253553038035057,-0.05725762996439585,0.39699119397208793,0.28276311086337336,0.036487800688448285,0.4529092699597992,0.376528927316826,0.20380922205698562,0.3790731801631032,0.45702219271879496,0.02964646665398032,0.3688685624603209,-0.05644518152679988,0.46858687741259175,0.23344920317275253,0.24461242323570462,0.43678378352329944,0.5022547460582316,-0.31884812733029994,0.18556005819900426,0.47912496229148993
OFCpost_R,-0.30162156441747234,-0.573504349535563,-0.35634695294302315,-0.09561796050821791,0.339113441639539,0.5185543997559613,-0.24336699937989278,-0.5982249314348976,-0.4772080927200274,-0.36032954996922834,-0.6318105964285845,-0.013091011260331572,-0.40328421931171904,1.0,0.37012074861674227,-0.4438658119251313,-0.35655546524110265,-0.4393453637965303,-0.5964357913976822,-0.5241967167449918,-0.48056867000116704,0.5977959064174091,0.5475810835984587,0.5551442904129276,0.6032832870294617,0.3292468426453709,-0.28516431904556827,0.5239018834796498,-0.5133150916449274,-0.206187820807298,-0.021772975846764502,0.3148349442013365,-0.18531587570121755,-0.30432759460840797,-0.5683319805666622,-0.146616821330783,-0.32059552699482385,0.31610107463006154,-0.22000690542043005,0.6022290798631439,0.3471939645108021,0.46002070131064193,0.662120429401136,0.6475931320456015,0.43516325264161837,0.6183087293608922,0.6647267352093779,0.018463269348030185,0.4575817917867566,-0.05080693731234362,-0.47659287330240324,-0.28681229269257325,0.1462629423712121,-0.2492200026918394,-0.28261572664861556,0.08371419893286816,-0.21130858299344144,-0.44378483731327706,-0.053566585426771826,-0.24049243741589785,0.40635952353138916,-0.42759385915122333,-0.36269703600481695,-0.6737203745666935,-0.5211949407249572,-0.7197975115209143,0.48455929084115285,-0.07358777857266491,-0.18608340871068657
OFClat_R,-0.4531043510914556,-0.6797055375230767,-0.5137329825660971,-0.36080365773091083,0.07538301512596338,0.2785785841906906,-0.4692218817800405,-0.5940039652470173,-0.6342061698952651,-0.3177893466480171,-0.6453634281038098,-0.3035545223454408,-0.30234789954253566,0.37012074861674227,1.0,-0.6137906411776265,-0.4481573458775777,-0.5003119271157708,-0.5455227735507027,-0.5802212535981901,-0.5410979096797724,0.3902146954366063,0.4745198649413976,0.4100914730826838,0.555544864149949,0.22368423935687842,0.015852938171036505,0.42382466038246086,-0.3881919941513002,0.05273039741316928,0.049882477173575517,0.4689655947159283,-0.259788919537385,-0.5444035036284028,-0.5731779895433213,-0.4486429257093543,-0.44488811723991656,0.06272711693816203,-0.3909020073444166,0.43693425755729204,0.29005955094699337,0.1566069159312768,0.4780432983984864,0.4604966130524994,0.22152594804400133,0.5267864340094159,0.5743121348986583,-0.10353208232545318,0.27747500868659153,-0.018458057981594098,-0.049429972309357584,-0.2606098280746574,0.07210944328522315,-0.3239758178207279,-0.17398589508743578,-0.2514895879789026,-0.35579765211216496,-0.4086185543978698,-0.04962642160524528,-0.3695466576020763,-0.0016751575749654728,-0.6356223148040453,-0.4743367939885826,-0.5897485303798815,-0.61442414751814,-0.5003488884642993,0.5556206347508321,-0.06254955646519031,-0.2584941488927575
Insula_R,0.7665506605334937,0.8177118209701821,0.840881699989992,0.6740779566693131,0.24220058312492457,-0.18042975980480086,0.7778835815345145,0.752449425966276,0.8272288722505622,0.3541660943352552,0.729084586668183,0.29112936389565325,0.41741349548445217,-0.4438658119251313,-0.6137906411776265,1.0,0.8012951823360962,0.7087758762477883,0.8624056533075114,0.8553655813398292,0.822574382574582,-0.3465348851061121,-0.4352140788024945,-0.3175688964849343,-0.5178547695412898,-0.2807555699577875,0.17022191372717557,-0.25016361331313425,0.662303177593775,0.21632616351496786,0.26673363904032465,-0.32743900166660966,0.4994039153054815,0.825185327577717,0.8866644150934533,0.6721273441112493,0.772832928199044,0.26405520964901014,0.5749177906779995,-0.33404303603535734,-0.24204766812974085,0.022265352887419192,-0.4026019532872058,-0.46875450425397275,-0.06111947464936618,-0.46401923919658383,-0.5053732082231923,0.2031402549908406,-0.20938990967599472,0.34975261299980437,0.2430714875901149,0.6098375093885143,0.163207841786793,0.6619333840115571,0.44266604705357254,0.5458422020602511,0.5453337606978759,0.7282997422160367,0.3916065092954987,0.7510364137656087,0.1560660999305732,0.7659625206086306,0.6502951595211668,0.6974951620681008,0.8220018750678384,0.6399235061896594,-0.3939401315939695,0.4434150823497577,0.6632623904156016
Cingulate_Mid_R,0.9012839726596638,0.7508476001735772,0.8978565913290986,0.7784007338523704,0.46988693050849323,-0.25863336864976477,0.7824010795616356,0.6227436425441402,0.699656117260544,0.35181390725211537,0.6393299543601245,0.09582458155898467,0.4899368530243982,-0.35655546524110265,-0.4481573458775777,0.8012951823360962,1.0,0.8082316950419208,0.8420463154074984,0.8233033958893367,0.7964536374577241,-0.05824284109285455,-0.212375301609512,-0.03895030964068532,-0.30367835085741857,-0.14295211842587394,0.10526954438022365,-0.005649414352382756,0.7026327899922367,0.42995128965321,0.44214641224432494,-0.17876695135122192,0.7506512149594803,0.8668106788467884,0.8450860856948981,0.777554749711198,0.7526249783908145,0.41637320108940207,0.5743909538257491,-0.19969555139503772,-0.16104619609143103,0.07401818263896717,-0.24776044073221862,-0.3156301083314732,0.2058207475206767,-0.1770745223614019,-0.2698178432171979,0.3937889228635843,-0.05574024064945091,0.41005851856163994,0.26944169739313295,0.6779284695052438,0.3973293539469149,0.8152271443165776,0.7310142828023145,0.725085646464807,0.68831851394201,0.7855104519510336,0.5403923671158813,0.8673564479507503,0.3707602002322159,0.689240282715433,0.45565210753061336,0.4895089655125741,0.7929325103953158,0.5653871741073496,-0.12167874752052482,0.5282313341425334,0.780454819565121
Cingulate_Post_R,0.721031201076725,0.7365987040267328,0.7847733014394951,0.6069949747417707,0.2786678780237577,-0.3944503981828855,0.7281111455816129,0.716838486029841,0.6573513891819607,0.4111032806506818,0.7279413082026804,0.11079589546665915,0.5240817600055347,-0.4393453637965303,-0.5003119271157708,0.7087758762477883,0.8082316950419208,1.0,0.8032984619582354,0.8003426608093827,0.7979430761424607,-0.13884445411670807,-0.41766743519482324,-0.0915670778172194,-0.4625168814357855,-0.09155876880380563,0.011301236923928731,-0.14120187524151684,0.5589329005396377,0.21474698441248363,0.12561843049221177,-0.4320440306354012,0.6815907011744297,0.7927582873312407,0.759783089586655,0.6930810062285642,0.6025559645862624,0.22405036019196922,0.5729936331930537,-0.3658055319981072,-0.28374227837667837,-0.21919742838526074,-0.44117048236757567,-0.4900466446967156,0.13476566011417215,-0.2597841269782442,-0.40386088997575964,0.24311317467507298,-0.2106598739087868,0.24970174383424093,0.18874197218107,0.4971926193798068,0.2279191867123805,0.6567958575828945,0.6035661219822953,0.5273230114006788,0.5860811518985726,0.7095035445465628,0.29759995340196654,0.7418528153022006,0.18122295351700987,0.7383481412054755,0.4864061472820278,0.5395046573578967,0.7833983454751371,0.6417352584934387,-0.3784986288650592,0.3458542228760492,0.5757195404862355
Hippocampus_R,0.7702987497375702,0.8400924023840798,0.8152701360743708,0.5433679096913936,0.11457062070369169,-0.45530839894559344,0.6902357683113842,0.7779683907770246,0.818197499886071,0.46067627818991286,0.7911986202801189,0.2642001950449091,0.5442656140165925,-0.5964357913976822,-0.5455227735507027,0.8624056533075114,0.8420463154074984,0.8032984619582354,1.0,0.925662690049132,0.8706468543550626,-0.3852522781191275,-0.49266113079590984,-0.38263892189485316,-0.6016817682165635,-0.23871102893013782,0.18145215223533867,-0.3443178976544874,0.7675019116929286,0.3453987848433575,0.2629328497981318,-0.36086257269990424,0.596106721216989,0.8569851154914138,0.8878766432992057,0.7152363791415695,0.7643665106061489,0.08972557801534721,0.6098061506247102,-0.5370192727831691,-0.26612479091771785,-0.14664193538882406,-0.5429724818888195,-0.6423176804786752,-0.09790095573164131,-0.5227895669096411,-0.591855417019641,0.37625770842444284,-0.35272141386416356,0.34813338616041084,0.3894316320103834,0.6298540171287135,0.16670800750284653,0.7496689251848663,0.6199675602528073,0.5164169530260747,0.6188200880640741,0.7850878816570788,0.40417677147437786,0.7877471975585525,0.12612276754329857,0.7587482799398163,0.6191592650828327,0.752588018650467,0.8559668989603475,0.7233991446753298,-0.38157715631952505,0.460497593783955,0.6650194422542794
ParaHippocampal_R,0.7069875384373692,0.7932845507024985,0.7949853007433845,0.6313309937957915,0.19882624743532856,-0.4236461648564228,0.7826932507713877,0.8118374522326833,0.7865882282118739,0.4495882863945317,0.7994912511623071,0.28569238125949625,0.49316591127305653,-0.5241967167449918,-0.5802212535981901,0.8553655813398292,0.8233033958893367,0.8003426608093827,0.925662690049132,1.0,0.9035073888073395,-0.3503368255837129,-0.5526271302507244,-0.2814052342265655,-0.6076769510476033,-0.2253019470136758,0.09441762955380419,-0.2114544714237171,0.6072066968169216,0.2235896484382646,0.12062503219536401,-0.4801795401270829,0.5294096962604945,0.8827381218337476,0.860516469568749,0.7470175250315929,0.7202161462111784,0.18714340291277454,0.6330389833567478,-0.4251724220849481,-0.2842679334551447,-0.07591980633402975,-0.5213264175510242,-0.6030471372099175,-0.029325095636402905,-0.42306933239694183,-0.5240753989203123,0.2824982889035441,-0.3328024408522621,0.3185320005949701,0.14185323976805497,0.5734090266191115,0.16494995450255315,0.6657288420466495,0.5841782968114874,0.5205339934175823,0.5692121403053966,0.7545749556910479,0.2858528516628857,0.7920631144896991,0.1976250052518483,0.7992564200602628,0.6054274031383694,0.7059394692973333,0.8962428208840728,0.7154218145998493,-0.3803713822041498,0.44448162643419203,0.611650577859215
Amygdala_R,0.7213148158250838,0.7519336088285177,0.8071751723610535,0.6415928694512222,0.26755979411167896,-0.34498024005972616,0.7966600958195306,0.7786290754531852,0.7484274993798097,0.3812714015397217,0.7612795532644318,0.2949620976097909,0.48976444129887814,-0.48056867000116704,-0.5410979096797724,0.822574382574582,0.7964536374577241,0.7979430761424607,0.8706468543550626,0.9035073888073395,1.0,-0.2934450618964662,-0.4906584147100585,-0.22286743434408332,-0.5244925805427302,-0.21478123675845354,0.1224718213270586,-0.15631781760079755,0.6525205633919005,0.313673610799421,0.20263580326911454,-0.4050479519289964,0.5714642186580597,0.8770776744601682,0.8023256647136625,0.7480849092034845,0.6262263259068125,0.24031156736327255,0.6117636945256095,-0.40297812624938145,-0.2354111694049255,-0.1350031789760531,-0.4478719837917572,-0.5255193420805996,0.015465962710513228,-0.3434260240386555,-0.4718737452607404,0.25217135132585167,-0.2765322374232022,0.3970259490017595,0.16527786102501518,0.5919003522177801,0.1634327188844792,0.6175503112056275,0.5708159210687068,0.5254375868719448,0.538618630343685,0.7054679752041668,0.26192467774444894,0.7498797757448736,0.1463354834072889,0.7501115341448017,0.6465311499887414,0.672068110544238,0.9020686930014297,0.653142576276977,-0.389281996993405,0.46012646290821096,0.6269603486237839
Calcarine_R,-0.03524400886590582,-0.4645665372026953,-0.06814156492779792,0.15061222147012587,0.6324772568570346,0.4517888018950526,-0.020648804883195166,-0.48893347620050337,-0.4871292515218213,-0.41926053878065916,-0.49532962239066214,-0.3934229820723156,-0.268740124650666,0.5977959064174091,0.3902146954366063,-0.3465348851061121,-0.05824284109285455,-0.13884445411670807,-0.3852522781191275,-0.3503368255837129,-0.2934450618964662,1.0,0.7285371301869035,0.8745727391589774,0.7541802274971695,0.6648189014679966,-0.3161908364753712,0.8025867852657327,-0.3449841654497986,0.03217469038505672,0.20624215461790554,0.4201745952037137,0.22530154552363202,-0.19822601612705137,-0.32144877408774575,-0.06339396051964712,-0.2624173364938277,0.6316052884689244,-0.12459090761371142,0.7592891085501359,0.298308356502258,0.4659337428630041,0.7268090019173327,0.706295141090459,0.6950131586437136,0.8629773170165848,0.8174716680707074,0.16397537252586517,0.5747201019752194,-0.009253177078311501,-0.13917364094727444,-0.09424104545954337,0.4659804987780566,0.05556018187258675,0.08913557862368754,0.26360773595054776,-0.12079887722668214,-0.23904745882522052,0.1710703733091732,-0.03817422094381526,0.3548017286542985,-0.39660373223441364,-0.529843798731292,-0.6994338594275658,-0.3929105668728162,-0.4223604622260253,0.6549886548151095,0.1445050366784721,0.13782728324927626
Cuneus_R,-0.047064117922216236,-0.5031800134084706,-0.18934149861796185,-0.03810625981930304,0.4505536453193411,0.6428628525157054,-0.30671611698494716,-0.6661789474044999,-0.485446140772895,-0.37202339835434095,-0.6561367671953214,-0.3060776337490856,-0.35961795398623514,0.5475810835984587,0.4745198649413976,-0.4352140788024945,-0.212375301609512,-0.41766743519482324,-0.49266113079590984,-0.5526271302507244,-0.4906584147100585,0.7285371301869035,1.0,0.5866666153204688,0.9447741356758536,0.28561590624734406,-0.08850521843055553,0.5907158752488308,-0.11575547893805789,0.2961989779298217,0.5265316654668317,0.8357116743604468,0.2304609336795815,-0.4230466035120495,-0.4437533929790183,-0.23208017139025938,-0.24760752977504832,0.42283361830557326,-0.2753776921847263,0.7007323518983808,0.37482637559159343,0.5366307204856183,0.8070902330906577,0.8081971956553926,0.46614544993614004,0.6830348806904544,0.7609985467665836,0.11447993673830333,0.6916779620999923,0.07490003806441703,0.10592790895067002,-0.07209274946677674,0.4238177208713178,-0.006209340288290665,-0.036521749754517795,0.18419761849603544,-0.12921629086381778,-0.3659695684807146,0.29632215663675576,-0.1762811853509691,0.31946552335056455,-0.6321220817807739,-0.5150250424410823,-0.6421823089021141,-0.6021641289940285,-0.5675244495186721,0.7482710104532547,0.04812279609167552,0.021923995525612375
Lingual_R,-0.04182912142112064,-0.49076601553452276,-0.07516479969408452,0.21753750206169314,0.6839859401015238,0.34588474313442513,0.06028987914752662,-0.45530803992920305,-0.5419770421206211,-0.45477836308273506,-0.43014540463890477,-0.4167738915090971,-0.09038712214803224,0.5551442904129276,0.4100914730826838,-0.3175688964849343,-0.03895030964068532,-0.0915670778172194,-0.38263892189485316,-0.2814052342265655,-0.22286743434408332,0.8745727391589774,0.5866666153204688,1.0,0.6867243497367584,0.411422616704726,-0.2890702891629197,0.9339635508166716,-0.44669384238542675,-0.06418280090718737,0.07492711146488212,0.23451991507066763,0.1716617774453786,-0.17318627426585664,-0.3127587666296427,-0.048175888403435396,-0.3222785137340964,0.7418587508294926,-0.07028772257672752,0.8247495060146904,0.19935760415430245,0.41178178047368746,0.6929128451111423,0.704607769944551,0.8100286956274413,0.9502989225827069,0.8222965126163916,0.08948176647081761,0.5566263623243484,-0.07089816864461161,-0.20373187879744692,-0.1266198318660651,0.4434709809478387,0.059111392543797776,0.10604785984452596,0.2414388659626203,-0.07850435299729022,-0.14106377847184903,0.10092224348082098,-0.00994435612487741,0.33392898273617183,-0.3361038250243127,-0.5830626268695034,-0.7692969871032608,-0.3554553877716111,-0.3508541946466032,0.61240047612253,0.14849987869561412,0.1684514423201748
Occipital_Sup_R,-0.18851966431658487,-0.6461226045953273,-0.31261573564422757,-0.07227444083398504,0.4728924355076327,0.6470275102960314,-0.3056594439311623,-0.7076228433107644,-0.627881714004165,-0.4550129857127141,-0.7155826818961462,-0.3124312130704595,-0.3880132351262341,0.6032832870294617,0.555544864149949,-0.5178547695412898,-0.30367835085741857,-0.4625168814357855,-0.6016817682165635,-0.6076769510476033,-0.5244925805427302,0.7541802274971695,0.9447741356758536,0.6867243497367584,1.0,0.2979757982069862,-0.1750791663807604,0.7121551697903263,-0.27249105971890253,0.2611025763525579,0.4222861853268047,0.7945761115806627,0.13407975598542082,-0.4780987399717101,-0.5591091851263348,-0.30255931617551546,-0.39268835482256687,0.46133828140609745,-0.3017175655145196,0.7845093659893846,0.34546911775949857,0.5233936682950444,0.8408435240500827,0.8487085913401635,0.5068602541816245,0.794154836486019,0.8156362560371283,-0.011862541232991733,0.6838085437755409,0.026842918149418898,0.006447806325507348,-0.18806154667401648,0.3706677754632398,-0.11280850056372728,-0.1419173485771273,0.08880452152728255,-0.24341348722237882,-0.43043271474686834,0.15033549078337577,-0.2657644980993361,0.27587311317362395,-0.6925637202740862,-0.5443881173671928,-0.7427011753331638,-0.6504224451439329,-0.6316863998725155,0.7336058738829659,0.02693204892797287,-0.044930258699409586
Occipital_Mid_R,-0.19608178053489186,-0.3080451017844854,-0.15940133988163163,-0.07069929503755883,0.21260455959923633,0.20545267534048464,-0.09969422596356035,-0.25771461599585976,-0.3341309582701563,-0.21788923337598642,-0.29810424135296737,-0.25331453693305056,-0.2366082081474389,0.3292468426453709,0.22368423935687842,-0.2807555699577875,-0.14295211842587394,-0.09155876880380563,-0.23871102893013782,-0.2253019470136758,-0.21478123675845354,0.6648189014679966,0.28561590624734406,0.411422616704726,0.2979757982069862,1.0,-0.1790932234120645,0.3294054646194165,-0.28937560969495146,-0.06976373680572645,-0.023702262768418775,0.18027689005220388,0.02554482798922006,-0.17699643137435717,-0.21906632983366336,-0.10424057294959842,-0.24190345387290932,0.20515979650785776,-0.12568573196398555,0.3112561576382313,0.218513270365187,0.19427437980846948,0.2927279380567076,0.2524840325944885,0.24979532332011023,0.3870016079767293,0.38484316195123996,0.11566212602685688,0.16482171038373436,-0.049204191814161476,-0.1392712846415302,-0.12724299319164598,0.09257816797944671,-0.11568663110188379,-0.025405142677552135,0.002452110880992156,-0.24366956051265823,-0.2539408367209202,-0.08296800849408799,-0.165132929651074,0.028996536270946532,-0.23421540688604656,-0.2793748696501113,-0.3533675484396393,-0.22989762928987137,-0.22886922558649847,0.26573764576706993,0.034346115290443,-0.03042346312102369
Occipital_Inf_R,0.1617803957634532,0.22549807799325267,0.11549090531460098,-0.08778520305952243,-0.16783391941651887,-0.09816170587470778,-0.09590444389539814,0.1419736606413048,0.24227455277913695,0.06908972354287558,0.16771069153145035,0.02953668796751245,0.15637733750804186,-0.28516431904556827,0.015852938171036505,0.17022191372717557,0.10526954438022365,0.011301236923928731,0.18145215223533867,0.09441762955380419,0.1224718213270586,-0.3161908364753712,-0.08850521843055553,-0.2890702891629197,-0.1750791663807604,-0.1790932234120645,1.0,-0.31799342538940284,0.3491074456495851,0.18312791284952962,0.21053819904518375,0.06985538165638418,0.0802357576964455,0.03338327038664887,0.2109560504533365,0.06784245682879139,0.1919232770024844,-0.19149012228456977,0.15228807226118676,-0.2971511097772458,0.048814095169578395,-0.09006912399983179,-0.2008996995951415,-0.1710848052629612,-0.24143893165598748,-0.3106320280317581,-0.2444567612155503,0.03735092592575382,-0.09608874314201908,0.0925454014575352,0.30070929207477504,0.18671938639398136,-0.05316516187142754,0.039717613699543304,0.15215432985950675,0.0312788226077531,0.19407285905781535,0.1513646734234915,0.16210341881007087,0.025251891126384058,-0.1317905947041069,0.11815569748420067,0.18244049561606374,0.2865497341190105,0.1345533646824501,0.16496520071110268,-0.09906167125402979,-0.017235446483565894,0.019497874913332148
Fusiform_R,-0.03936555235776457,-0.5060442932568966,-0.05548095644978757,0.29766072919684466,0.7454714786004155,0.45297036198946744,0.16590969874491926,-0.4502209821191456,-0.5050945228680359,-0.4209051059492402,-0.44444107808263084,-0.349686592447597,-0.15373698184464676,0.5239018834796498,0.42382466038246086,-0.25016361331313425,-0.005649414352382756,-0.14120187524151684,-0.3443178976544874,-0.2114544714237171,-0.15631781760079755,0.8025867852657327,0.5907158752488308,0.9339635508166716,0.7121551697903263,0.3294054646194165,-0.31799342538940284,1.0,-0.39316440327357366,0.07857982699308548,0.16503013605338068,0.31903763252929596,0.15793376118342226,-0.12102941549462717,-0.29166193617935793,0.0054567376038300594,-0.3007204495389026,0.777953308840837,-0.07784083748016248,0.8508389356729643,0.22559381628507155,0.492207296381177,0.7352615284283707,0.7174933183080223,0.7946431551337186,0.9464957591617983,0.8291708788509213,0.08158984474393223,0.5573954357745807,0.03245331976832697,-0.21141209560995478,-0.04254742626296757,0.4862375363229145,0.05496945405302243,0.09615701980773124,0.283019135721059,-0.10561540017268473,-0.12395468594260672,0.1271845659300723,0.021116303027013467,0.36711301106484195,-0.36840721934679177,-0.5049426853549882,-0.7085139990118924,-0.3102747792192728,-0.37549949197507915,0.6815798030425623,0.2503743725501121,0.20816243522524902
Postcentral_R,0.7985906807826891,0.6876186115158864,0.7102743402564713,0.3858615392522827,0.11360884747151935,-0.23214303420833904,0.43681272336759575,0.5258948091664509,0.7090667470404295,0.3680006608343104,0.555386777672401,0.241192441838337,0.43952767964891826,-0.5133150916449274,-0.3881919941513002,0.662303177593775,0.7026327899922367,0.5589329005396377,0.7675019116929286,0.6072066968169216,0.6525205633919005,-0.3449841654497986,-0.11575547893805789,-0.44669384238542675,-0.27249105971890253,-0.28937560969495146,0.3491074456495851,-0.39316440327357366,1.0,0.7094032722694533,0.6823314210422677,0.1438347546772371,0.6956197599950171,0.6088562108970117,0.6934312315894328,0.5331228756656029,0.6486527028011096,0.019197556949070334,0.48051135726402927,-0.4872498861755931,-0.09910262105856742,-0.11644203563483507,-0.3801577252305476,-0.412745699302751,-0.1907269349041178,-0.4928997097168186,-0.4974805189043692,0.3242053714814503,-0.16924507984963577,0.43443491552182095,0.5678769654233157,0.6151748543022424,0.2186177083867682,0.6489912182066477,0.5305908183078271,0.48275355764915395,0.5800380636287286,0.5771205966535735,0.47644674230742684,0.6084308831632749,0.12112184225433961,0.46477843687270837,0.5968678642322829,0.6650127894046536,0.6278365069553115,0.5080929833144052,-0.2180485661706183,0.3631098889604462,0.5883665483643421
Parietal_Inf_R,0.438796838396136,0.10737299775764546,0.3059526836065675,0.23477514300406174,0.3088070564849068,0.08112407067393117,0.26754437252790886,0.08629199244595817,0.15720984432121116,0.050516805217906365,0.08908915664906339,0.02176969938756137,0.20852718812914564,-0.206187820807298,0.05273039741316928,0.21632616351496786,0.42995128965321,0.21474698441248363,0.3453987848433575,0.2235896484382646,0.313673610799421,0.03217469038505672,0.2961989779298217,-0.06418280090718737,0.2611025763525579,-0.06976373680572645,0.18312791284952962,0.07857982699308548,0.7094032722694533,1.0,0.8066210720067554,0.579278121279008,0.6363614798740289,0.2728763311988189,0.23803004740722783,0.2730332776311394,0.19800975140740695,0.18772907702760266,0.22096143924999442,-0.0889860745742747,0.03531617941070803,0.04282293581910176,0.018350443823169176,-0.051483897781838435,-0.010549973609598908,0.00201798988025159,-0.07046075653301538,0.19981363813832345,0.03621567274871423,0.3938347814954704,0.5348815621705084,0.37847650110993,0.2659125408580658,0.4234568116118697,0.34438826690743074,0.33783120032231123,0.22340473630629504,0.27163920398307745,0.3150020391323495,0.29577282611690103,0.10769671515033838,-0.037101364938256116,0.2532488160306091,0.1988199354240188,0.23642817600000357,0.12936459564117503,0.1709800617651309,0.40611680130020383,0.4536950416448565
SupraMarginal_R,0.5867326872594705,0.15983878903287457,0.3979544311875627,0.3393727596183129,0.4653550751044005,0.24634522052431218,0.20426932947934898,-0.07087392237539578,0.19474738063612404,-0.04161357117215836,-0.039325442777273636,-0.004574320197539534,0.1038626777987764,-0.021772975846764502,0.049882477173575517,0.26673363904032465,0.44214641224432494,0.12561843049221177,0.2629328497981318,0.12062503219536401,0.20263580326911454,0.20624215461790554,0.5265316654668317,0.07492711146488212,0.4222861853268047,-0.023702262768418775,0.21053819904518375,0.16503013605338068,0.6823314210422677,0.8066210720067554,1.0,0.7189946460597471,0.6585815481735482,0.2052555748848975,0.2562998451330359,0.28135794639118766,0.33142170860690107,0.42030928929538325,0.2163176262903387,0.18954791160864407,0.18075963476193715,0.37898950122867997,0.2507242344725358,0.2547812432929625,0.13482887392670745,0.09495332353828886,0.13663061036034335,0.21867581534667144,0.3192267803748532,0.3844624091988471,0.4632428309726823,0.445535655851633,0.4269867914597182,0.4996155095745346,0.3257737117741882,0.4796882152762263,0.34275893258070866,0.23954025690114145,0.5286089872312297,0.3461254957071313,0.2804428904086348,-0.03899176853265156,0.13063402560159995,0.05641608398109106,0.1161624947685157,-0.00753086946940243,0.37710849631448234,0.4629064344288084,0.5465048518858848
Angular_R,-0.041367952771803204,-0.41707853725805,-0.20584950171287225,-0.12042472493719691,0.25934826331181,0.5566175113860634,-0.3234530985266401,-0.5595762895530345,-0.3742849598031438,-0.31283826618066335,-0.6038268757696267,-0.14930861038156923,-0.3444848401510663,0.3148349442013365,0.4689655947159283,-0.32743900166660966,-0.17876695135122192,-0.4320440306354012,-0.36086257269990424,-0.4801795401270829,-0.4050479519289964,0.4201745952037137,0.8357116743604468,0.23451991507066763,0.7945761115806627,0.18027689005220388,0.06985538165638418,0.31903763252929596,0.1438347546772371,0.579278121279008,0.7189946460597471,1.0,0.2294000041912973,-0.4038619353222396,-0.3578264345370513,-0.2623351913655037,-0.1538157857156779,0.2346645931751489,-0.26438713136718445,0.4817477220032699,0.3065829980946285,0.4674776324873188,0.6004139594215829,0.5759749321782619,0.11529785260334184,0.3721308014612022,0.49627226085712045,-0.01890149113525891,0.5105102985405504,0.22531653323628859,0.2970362102341375,0.024360850380199937,0.23363574619791372,-0.01262777405285035,-0.12083975515329229,0.054874061796112414,-0.18523284523169256,-0.3073559863725196,0.29244984473004865,-0.1896774502433087,0.1097439902627487,-0.5996123128827128,-0.28214018704212024,-0.366724180576283,-0.4938087122711653,-0.4811013361895055,0.6116279134781584,0.13515902182126088,0.04810212522479387
Precuneus_R,0.8013809533694125,0.4728833161526286,0.7126974850830218,0.568860266054269,0.553620971563585,-0.04996877476325519,0.5313405223016914,0.3143842569341428,0.3939281176974273,0.20098191966388593,0.3611880050769757,-0.018445994898312005,0.42024668663318415,-0.18531587570121755,-0.259788919537385,0.4994039153054815,0.7506512149594803,0.6815907011744297,0.596106721216989,0.5294096962604945,0.5714642186580597,0.22530154552363202,0.2304609336795815,0.1716617774453786,0.13407975598542082,0.02554482798922006,0.0802357576964455,0.15793376118342226,0.6956197599950171,0.6363614798740289,0.6585815481735482,0.2294000041912973,1.0,0.5599507578004708,0.5516269580937734,0.6132539193407862,0.5184058788813894,0.5088692271634344,0.5032550634882864,0.005859934127398631,-0.047179690343290524,0.16548508225176828,-0.007235038199886031,-0.0425833004322587,0.28631282383167506,0.07140674300474154,-0.030817804903833994,0.3458535765624404,0.20445669964058522,0.3284468540347747,0.42819238887095296,0.530581929377805,0.45456424604698176,0.7665204358347285,0.6293333085686483,0.6346941679997196,0.5483642739978457,0.5437505997220394,0.5100908632706455,0.6481789409060456,0.343390528844529,0.3671464816441275,0.22474181959933764,0.21411184776563086,0.47031037579854434,0.35143709813242757,0.09724902198722189,0.4582394372370614,0.6932296959870818
Caudate_R,0.7662472404783371,0.7676169121658137,0.8439204622406342,0.7054088742661855,0.3519695665313722,-0.29428255041815177,0.8153511395618998,0.7436017095198465,0.7917186013485191,0.4097596655847483,0.7104143102801919,0.30231961358942777,0.4476049637148317,-0.30432759460840797,-0.5444035036284028,0.825185327577717,0.8668106788467884,0.7927582873312407,0.8569851154914138,0.8827381218337476,0.8770776744601682,-0.19822601612705137,-0.4230466035120495,-0.17318627426585664,-0.4780987399717101,-0.17699643137435717,0.03338327038664887,-0.12102941549462717,0.6088562108970117,0.2728763311988189,0.2052555748848975,-0.4038619353222396,0.5599507578004708,1.0,0.8273631001753502,0.840828416501104,0.7094533872113766,0.24354680008644333,0.6004902293686354,-0.3674860431681021,-0.15187320494649276,-0.03186743443336252,-0.3568328511200688,-0.4507234211688403,0.1151011420780268,-0.29372045872136965,-0.3995372934070363,0.39264515948810513,-0.19939699884259396,0.3808550685799234,0.1164398007330409,0.6102959668745279,0.31912810989048856,0.6827699780670256,0.6123961614384944,0.6903351931741437,0.6407584084273904,0.7139450394045644,0.3681601430871127,0.8126806354057713,0.39513896989882746,0.7641040222570844,0.602788291897454,0.6053223920613963,0.8570734781882852,0.564727109855452,-0.3202536123214197,0.4632760513076654,0.6356699657544838
Putamen_R,0.7981018915242427,0.8566459650151578,0.8647274814639069,0.622070495960856,0.20247485886618982,-0.3498518487421047,0.7139786689797754,0.7725763273468856,0.8257574939115248,0.4558308829037367,0.7874361297532213,0.05893862909379632,0.48715092259560505,-0.5683319805666622,-0.5731779895433213,0.8866644150934533,0.8450860856948981,0.759783089586655,0.8878766432992057,0.860516469568749,0.8023256647136625,-0.32144877408774575,-0.4437533929790183,-0.3127587666296427,-0.5591091851263348,-0.21906632983366336,0.2109560504533365,-0.29166193617935793,0.6934312315894328,0.23803004740722783,0.2562998451330359,-0.3578264345370513,0.5516269580937734,0.8273631001753502,1.0,0.6740593351737161,0.7560633439739098,0.1851422661139808,0.5879589343532242,-0.4093063413806052,-0.19672017751291107,-0.06343669562647289,-0.48789353287945436,-0.5059005365868304,-0.08473046970456061,-0.4673044565873696,-0.5195376637661546,0.2501403869053275,-0.2606724839337148,0.2530789626531763,0.32421773991014546,0.6182964169540989,0.28373274611368177,0.713250676346954,0.5958397912901106,0.5632486115043223,0.6243187141742443,0.7397632126829006,0.414109721012173,0.7613444383435333,0.19905247777175844,0.7609857190800267,0.5504053750959549,0.6933381580603681,0.8358316998477956,0.7054108339827274,-0.35057761214740574,0.420207463404966,0.6517447910845272
Pallidum_R,0.7314437032591856,0.6778207239529033,0.7840216543154036,0.6786412787192444,0.4358521060986368,-0.15900039459676724,0.7104649673778853,0.507787809051843,0.6885620882559125,0.47350897755110166,0.5361404860833443,0.2809375138044666,0.3608588903044734,-0.146616821330783,-0.4486429257093543,0.6721273441112493,0.777554749711198,0.6930810062285642,0.7152363791415695,0.7470175250315929,0.7480849092034845,-0.06339396051964712,-0.23208017139025938,-0.048175888403435396,-0.30255931617551546,-0.10424057294959842,0.06784245682879139,0.0054567376038300594,0.5331228756656029,0.2730332776311394,0.28135794639118766,-0.2623351913655037,0.6132539193407862,0.840828416501104,0.6740593351737161,1.0,0.6334108648550285,0.34098089606063464,0.6099024391708863,-0.22387587499298697,0.11944765611063618,0.10292604382641667,-0.20542585086508003,-0.2589861305338821,0.23328025831451682,-0.13567231986358366,-0.21028122181019956,0.41114090267167297,-0.05445087677055496,0.26695983435118514,0.017582599916445018,0.604134413790922,0.38590590746596687,0.6104896461161141,0.626109811489476,0.70308035009833,0.659311675565082,0.6293226756139538,0.36593916917608504,0.6660495367153078,0.4513650010269836,0.7011326117193009,0.47682558351869475,0.40211459500986496,0.7062110858666483,0.44373202390274913,-0.128669540402349,0.4974651903272891,0.590191067751908
Heschl_R,0.7595223762793648,0.7993078636398091,0.7750515428579896,0.5536861940137066,0.13855853438976315,-0.24324225133482083,0.5326641153765153,0.5730738930766096,0.7661005002620266,0.42741331398735344,0.5316053426768468,0.34186616639591705,0.2389014905189936,-0.32059552699482385,-0.44488811723991656,0.772832928199044,0.7526249783908145,0.6025559645862624,0.7643665106061489,0.7202161462111784,0.6262263259068125,-0.2624173364938277,-0.24760752977504832,-0.3222785137340964,-0.39268835482256687,-0.24190345387290932,0.1919232770024844,-0.3007204495389026,0.6486527028011096,0.19800975140740695,0.33142170860690107,-0.1538157857156779,0.5184058788813894,0.7094533872113766,0.7560633439739098,0.6334108648550285,1.0,0.14995020524196379,0.49835370309562127,-0.2921045408018132,-0.13188088919095187,0.1712457261223316,-0.24750038516323716,-0.33561734345406796,-0.03117858471732016,-0.42859319983344013,-0.3382179372023723,0.32440196161294965,-0.10405055707989885,0.40301871346459894,0.16568547695870073,0.5990578792838738,0.284290613423117,0.6803690450359963,0.503564091926369,0.5717953747823774,0.6308403704993111,0.6525653107560159,0.5652777535091831,0.7704441233332813,0.3291923039517941,0.6477053060107132,0.46400175095129625,0.6074124996190894,0.6439748374280639,0.4654139576373328,-0.17220471087917272,0.3294736151772108,0.5272797263682383
Temporal_Sup_R,0.43905566620822967,-0.03017412992833988,0.4057060082614372,0.6068942861717785,0.861601080225141,0.31723768981688266,0.4960339296580568,-0.0915682853806328,-0.06063043611968744,-0.22102127353468845,-0.06915215646103134,-0.22256788172927108,0.08830561703344851,0.31610107463006154,0.06272711693816203,0.26405520964901014,0.41637320108940207,0.22405036019196922,0.08972557801534721,0.18714340291277454,0.24031156736327255,0.6316052884689244,0.42283361830557326,0.7418587508294926,0.46133828140609745,0.20515979650785776,-0.19149012228456977,0.777953308840837,0.019197556949070334,0.18772907702760266,0.42030928929538325,0.2346645931751489,0.5088692271634344,0.24354680008644333,0.1851422661139808,0.34098089606063464,0.14995020524196379,1.0,0.24485333408955168,0.71749025999248,0.12831971928008892,0.58023654624629,0.5096560667588645,0.5135381912014474,0.6491708573578074,0.6420791372490458,0.5352706699427373,0.1115514247468673,0.49858452403172243,0.11579802055762006,-0.07691576040914526,0.23835688735196264,0.5482912951466392,0.45082424954671535,0.2842836824249647,0.5275556782235155,0.2034296024665703,0.24595339425258347,0.32939814254038396,0.38983712762401274,0.4310515312734218,0.06580721651286474,-0.1804086208625438,-0.3634116352940361,0.09804145570075315,-0.03980407596086328,0.4871613666809896,0.4734835257939019,0.5725204253588858
Temporal_Pole_Sup_R,0.5751589294328925,0.5129437387495301,0.5750554104477942,0.3918541433013981,0.25071291122701184,-0.2962922223255745,0.5146046935256445,0.4838629485739802,0.5096389980780648,0.26500181867841865,0.5843180780570408,0.18250463631451225,0.4940198333368245,-0.22000690542043005,-0.3909020073444166,0.5749177906779995,0.5743909538257491,0.5729936331930537,0.6098061506247102,0.6330389833567478,0.6117636945256095,-0.12459090761371142,-0.2753776921847263,-0.07028772257672752,-0.3017175655145196,-0.12568573196398555,0.15228807226118676,-0.07784083748016248,0.48051135726402927,0.22096143924999442,0.2163176262903387,-0.26438713136718445,0.5032550634882864,0.6004902293686354,0.5879589343532242,0.6099024391708863,0.49835370309562127,0.24485333408955168,1.0,-0.2595037878711585,-0.16115597233239273,0.0006078366576905362,-0.3703327617878232,-0.3390095524787971,0.02894753789490501,-0.20178021399634818,-0.3246897076846882,0.1527997279617452,-0.17040143829989243,0.05139608805981548,0.1797003593056352,0.3762138086942366,0.28926215643191383,0.5024532872194409,0.37357542326825605,0.4615821903229637,0.48728421817294804,0.5167291866537176,0.14510709776872055,0.5098620902771867,0.23748783510217014,0.5842039351571249,0.3923285778997838,0.38693490807747427,0.5794863639330814,0.4686706154337424,-0.19296847571808828,0.3781967509294842,0.5135006771447517
Temporal_Mid_R,-0.1505155872177627,-0.5356583243952705,-0.1986217112741045,0.15546341878018657,0.5804555946228728,0.5600961649848404,-0.08205095070688398,-0.5875737992087966,-0.5652600659305769,-0.47720486362447595,-0.6157709053077994,-0.31953224986417905,-0.36110725013691597,0.6022290798631439,0.43693425755729204,-0.33404303603535734,-0.19969555139503772,-0.3658055319981072,-0.5370192727831691,-0.4251724220849481,-0.40297812624938145,0.7592891085501359,0.7007323518983808,0.8247495060146904,0.7845093659893846,0.3112561576382313,-0.2971511097772458,0.8508389356729643,-0.4872498861755931,-0.0889860745742747,0.18954791160864407,0.4817477220032699,0.005859934127398631,-0.3674860431681021,-0.4093063413806052,-0.22387587499298697,-0.2921045408018132,0.71749025999248,-0.2595037878711585,1.0,0.2532365004925065,0.6792538481562889,0.8361127895839278,0.8626495674594183,0.6084778311418868,0.8356626881871086,0.8612911696645987,-0.10704450916395038,0.6912997112527227,-0.025389909003606236,-0.2653136590768401,-0.1634473766576356,0.3714668053983611,-0.05957982392698397,-0.14476512702755256,0.12330170727906964,-0.22065196129542014,-0.28718300639297983,0.16025437875867904,-0.10636298139045548,0.3024961012860909,-0.48014128854853483,-0.5731837961918339,-0.7510411897226843,-0.5257992472468711,-0.5350680287091638,0.7291670750124406,0.11541030700878126,0.05487502430936256
Temporal_Pole_Mid_R,-0.08760376771645534,-0.23090430253557812,-0.07630046780509035,-0.08834386693352513,0.24156769832894567,0.3476392651735806,-0.1997923597357139,-0.34782389238266037,-0.11646893581380388,0.028913054692709814,-0.3100135953404008,-0.10099895516775366,-0.28794017982271297,0.3471939645108021,0.29005955094699337,-0.24204766812974085,-0.16104619609143103,-0.28374227837667837,-0.26612479091771785,-0.2842679334551447,-0.2354111694049255,0.298308356502258,0.37482637559159343,0.19935760415430245,0.34546911775949857,0.218513270365187,0.048814095169578395,0.22559381628507155,-0.09910262105856742,0.03531617941070803,0.18075963476193715,0.3065829980946285,-0.047179690343290524,-0.15187320494649276,-0.19672017751291107,0.11944765611063618,-0.13188088919095187,0.12831971928008892,-0.16115597233239273,0.2532365004925065,1.0,0.2636181757816644,0.36302459390530656,0.4189282469472103,0.1679509675763388,0.28563959912359926,0.37850045791573583,0.08318832006588629,0.30377819121110033,-0.10763024141533553,-0.17191948509966457,-0.07346620374308513,0.2648347083178899,-0.16131597182935875,0.031226101370436077,0.11857229795358135,-0.03343258526589418,-0.27158704364295494,0.023738726308459804,-0.21080573980430872,0.29419898471965344,-0.2368326423894183,-0.12091200569369348,-0.3269747123602483,-0.2805662349612605,-0.34729464008710936,0.37203331941524626,0.06649735584634038,-0.10344455832768183
Temporal_Inf_R,0.12330678592873845,-0.14952968317971604,0.05632719166320891,0.20916646576252945,0.44835751080839525,0.3523819553035983,0.018710478079770273,-0.3263096474333459,-0.14540266856419543,-0.19774846162934712,-0.3629974416005355,0.019530764083779528,-0.28618661396912115,0.46002070131064193,0.1566069159312768,0.022265352887419192,0.07401818263896717,-0.21919742838526074,-0.14664193538882406,-0.07591980633402975,-0.1350031789760531,0.4659337428630041,0.5366307204856183,0.41178178047368746,0.5233936682950444,0.19427437980846948,-0.09006912399983179,0.492207296381177,-0.11644203563483507,0.04282293581910176,0.37898950122867997,0.4674776324873188,0.16548508225176828,-0.03186743443336252,-0.06343669562647289,0.10292604382641667,0.1712457261223316,0.58023654624629,0.0006078366576905362,0.6792538481562889,0.2636181757816644,1.0,0.6426145687694783,0.6274929165483908,0.2822293800058964,0.40629875969466084,0.5256821586955095,0.06574771956449671,0.5657927700201151,0.13456381640164333,-0.18027073209233377,0.08949600172386749,0.3813972190534021,0.20135831694993353,-0.03129495449435703,0.3422162986727164,0.00877843060560584,-0.08612403544361776,0.34883065873156616,0.16385908948833025,0.4682499555958722,-0.1630832985533059,-0.23326543301459768,-0.35906051858100474,-0.21293448968367523,-0.39420558595214306,0.6142246137065857,0.3503472449600676,0.2465757885167446
Cerebellum_Crus1_R,-0.15553902249007226,-0.5323150414535965,-0.20341121223955214,0.0643099587049216,0.5086589822868502,0.6567325427659662,-0.19904691482190937,-0.6338401586824649,-0.5084741640220487,-0.4218811550074801,-0.6832173410635084,-0.2287827310614022,-0.4426874015666526,0.662120429401136,0.4780432983984864,-0.4026019532872058,-0.24776044073221862,-0.44117048236757567,-0.5429724818888195,-0.5213264175510242,-0.4478719837917572,0.7268090019173327,0.8070902330906577,0.6929128451111423,0.8408435240500827,0.2927279380567076,-0.2008996995951415,0.7352615284283707,-0.3801577252305476,0.018350443823169176,0.2507242344725358,0.6004139594215829,-0.007235038199886031,-0.3568328511200688,-0.48789353287945436,-0.20542585086508003,-0.24750038516323716,0.5096560667588645,-0.3703327617878232,0.8361127895839278,0.36302459390530656,0.6426145687694783,1.0,0.8944231814822485,0.6094748242799938,0.7845935107153762,0.8769053103878234,0.18261075295090248,0.7302591481429757,0.10313853045518612,-0.17300725016061058,-0.12118714511795885,0.41563862581770855,-0.11282502368825004,-0.1305708412689908,0.15628377221561943,-0.18084561466875948,-0.36953301247679865,0.25895115276093356,-0.15508188742844056,0.38462605335645395,-0.596558599964568,-0.5125526459545692,-0.7138773373750604,-0.5850068066734179,-0.6484627381060308,0.7441076701815639,0.04635129235008021,-0.020345683424624644
Cerebellum_Crus2_R,-0.16237366270650247,-0.5403626103238739,-0.25074341905054204,-0.022136693172872056,0.4693330199773254,0.6126113247826956,-0.27921218062332864,-0.6883906920644418,-0.5376387990284847,-0.4035563659467257,-0.6543746296771336,-0.3167034275301097,-0.39564978343879353,0.6475931320456015,0.4604966130524994,-0.46875450425397275,-0.3156301083314732,-0.4900466446967156,-0.6423176804786752,-0.6030471372099175,-0.5255193420805996,0.706295141090459,0.8081971956553926,0.704607769944551,0.8487085913401635,0.2524840325944885,-0.1710848052629612,0.7174933183080223,-0.412745699302751,-0.051483897781838435,0.2547812432929625,0.5759749321782619,-0.0425833004322587,-0.4507234211688403,-0.5059005365868304,-0.2589861305338821,-0.33561734345406796,0.5135381912014474,-0.3390095524787971,0.8626495674594183,0.4189282469472103,0.6274929165483908,0.8944231814822485,1.0,0.5516750364996877,0.7839768616421068,0.8719111303788074,-0.039840283910965966,0.744551681861893,-0.12058465308378595,-0.24060631606825844,-0.23682228717345305,0.4255161522277608,-0.16541819352054662,-0.1632378904864768,0.1277219056120894,-0.1534597174110546,-0.4241218200026087,0.16864512289525757,-0.2387529415063214,0.3832233979561453,-0.5793129330367068,-0.5472504021893467,-0.7699044246883167,-0.627677859140867,-0.6471757871919865,0.7562037833024553,-0.02451654460342082,-0.09882568838024315
Cerebellum_3_R,0.230750165959349,-0.16056413951172405,0.2251027769864369,0.47158667805672405,0.7207353880012851,0.3555463069747761,0.2758922572451274,-0.2550141538458811,-0.1713207496011693,-0.27263826500469535,-0.2645367040404526,-0.2202495174461158,-0.023916171587093634,0.43516325264161837,0.22152594804400133,-0.06111947464936618,0.2058207475206767,0.13476566011417215,-0.09790095573164131,-0.029325095636402905,0.015465962710513228,0.6950131586437136,0.46614544993614004,0.8100286956274413,0.5068602541816245,0.24979532332011023,-0.24143893165598748,0.7946431551337186,-0.1907269349041178,-0.010549973609598908,0.13482887392670745,0.11529785260334184,0.28631282383167506,0.1151011420780268,-0.08473046970456061,0.23328025831451682,-0.03117858471732016,0.6491708573578074,0.02894753789490501,0.6084778311418868,0.1679509675763388,0.2822293800058964,0.6094748242799938,0.5516750364996877,1.0,0.7904351858450198,0.7066257978721642,0.3654894205125033,0.5171816928735539,0.19666007269681526,-0.14421177392573553,0.1663027299387899,0.5284763077365252,0.2374475878746702,0.3898543000375017,0.5017194612219457,0.24224029730606794,0.11851994949811953,0.3789984496428182,0.24663391720082228,0.44434031029418464,-0.1283075868474571,-0.34586859168011636,-0.4893881964645338,-0.14011296290043024,-0.18571372613137055,0.5194910389438973,0.15267420300749357,0.3046889307065517
Cerebellum_4_5_R,-0.1718806243475009,-0.6243263833397249,-0.20265685488655324,0.12455827209421808,0.6509058012879549,0.4795911718201615,-0.04696120310222945,-0.5744610130520383,-0.627747921475668,-0.480204327116432,-0.5801333640168729,-0.40898789284389225,-0.24395720120171874,0.6183087293608922,0.5267864340094159,-0.46401923919658383,-0.1770745223614019,-0.2597841269782442,-0.5227895669096411,-0.42306933239694183,-0.3434260240386555,0.8629773170165848,0.6830348806904544,0.9502989225827069,0.794154836486019,0.3870016079767293,-0.3106320280317581,0.9464957591617983,-0.4928997097168186,0.00201798988025159,0.09495332353828886,0.3721308014612022,0.07140674300474154,-0.29372045872136965,-0.4673044565873696,-0.13567231986358366,-0.42859319983344013,0.6420791372490458,-0.20178021399634818,0.8356626881871086,0.28563959912359926,0.40629875969466084,0.7845935107153762,0.7839768616421068,0.7904351858450198,1.0,0.9069728229204318,0.06067429212703739,0.5926328474445608,-0.05039751622890837,-0.24149430500992755,-0.18400851889323394,0.4224153758817923,-0.085530508061018,0.03122311002389647,0.17055359223646546,-0.17847181672500123,-0.28518267713278994,0.0647200093234756,-0.14300718744902802,0.33246849288160935,-0.505178739830306,-0.6189204971838214,-0.8204031652501683,-0.4781775192356775,-0.47660806709362347,0.7066459358099999,0.08197745395846259,0.02744206820034706
Cerebellum_6_R,-0.21730843774603725,-0.5978333396347381,-0.2368347275061845,0.05498534669187858,0.5469885647122873,0.5908476979711443,-0.20054876369892263,-0.6742958491092724,-0.5810312460861901,-0.46477896194759216,-0.7068248213641227,-0.3307270740120544,-0.41734190831565676,0.6647267352093779,0.5743121348986583,-0.5053732082231923,-0.2698178432171979,-0.40386088997575964,-0.591855417019641,-0.5240753989203123,-0.4718737452607404,0.8174716680707074,0.7609985467665836,0.8222965126163916,0.8156362560371283,0.38484316195123996,-0.2444567612155503,0.8291708788509213,-0.4974805189043692,-0.07046075653301538,0.13663061036034335,0.49627226085712045,-0.030817804903833994,-0.3995372934070363,-0.5195376637661546,-0.21028122181019956,-0.3382179372023723,0.5352706699427373,-0.3246897076846882,0.8612911696645987,0.37850045791573583,0.5256821586955095,0.8769053103878234,0.8719111303788074,0.7066257978721642,0.9069728229204318,1.0,0.06390226912363904,0.7094915768668965,0.0246964533654097,-0.27478648333052136,-0.14907961701219274,0.4172252342092147,-0.16436628491257546,-0.048224899939946116,0.13528253400399295,-0.19452890308144202,-0.3777662003748644,0.18629777271766054,-0.1753434418094031,0.3636882803934744,-0.5834826667413862,-0.6391387687530448,-0.7828203969780086,-0.5939486961718091,-0.5797744897034726,0.8068494863349555,0.034396018251770154,-0.07215472585803044
Cerebellum_8_R,0.39920121187721314,0.2646456266642576,0.39457777625716833,0.3116999481083953,0.25296324805544196,-0.059583487757489575,0.21737071460414176,0.06574430168024023,0.2766562190723638,0.06438006954666746,0.11693842187604793,0.006996474306357574,0.27809250732256796,0.018463269348030185,-0.10353208232545318,0.2031402549908406,0.3937889228635843,0.24311317467507298,0.37625770842444284,0.2824982889035441,0.25217135132585167,0.16397537252586517,0.11447993673830333,0.08948176647081761,-0.011862541232991733,0.11566212602685688,0.03735092592575382,0.08158984474393223,0.3242053714814503,0.19981363813832345,0.21867581534667144,-0.01890149113525891,0.3458535765624404,0.39264515948810513,0.2501403869053275,0.41114090267167297,0.32440196161294965,0.1115514247468673,0.1527997279617452,-0.10704450916395038,0.08318832006588629,0.06574771956449671,0.18261075295090248,-0.039840283910965966,0.3654894205125033,0.06067429212703739,0.06390226912363904,1.0,0.10367931552304285,0.31037943129445944,0.24434027582559797,0.4206595371115631,0.35663670090715827,0.40592934566838607,0.4881683889456246,0.4128250268523151,0.44491281928206017,0.2609823782889607,0.38900731885952267,0.3778285935853294,0.3391633708559735,0.13009878496995733,0.04409697755639039,0.06819754507694172,0.18161566549182556,0.11079458683925214,0.13106927829153955,0.15236556792877687,0.3872320435186152
Cerebellum_9_R,0.07814303645716988,-0.25704284609148004,0.02636572650609459,0.1814628346859052,0.5021180022539241,0.5331654666933223,-0.09590889758891624,-0.4427406184835354,-0.2946808872201778,-0.3050716495558993,-0.47088521648116943,-0.16342456674169187,-0.22253553038035057,0.4575817917867566,0.27747500868659153,-0.20938990967599472,-0.05574024064945091,-0.2106598739087868,-0.35272141386416356,-0.3328024408522621,-0.2765322374232022,0.5747201019752194,0.6916779620999923,0.5566263623243484,0.6838085437755409,0.16482171038373436,-0.09608874314201908,0.5573954357745807,-0.16924507984963577,0.03621567274871423,0.3192267803748532,0.5105102985405504,0.20445669964058522,-0.19939699884259396,-0.2606724839337148,-0.05445087677055496,-0.10405055707989885,0.49858452403172243,-0.17040143829989243,0.6912997112527227,0.30377819121110033,0.5657927700201151,0.7302591481429757,0.744551681861893,0.5171816928735539,0.5926328474445608,0.7094915768668965,0.10367931552304285,1.0,0.11074701492901254,-0.06876117364469284,0.0037067631290583396,0.3799604342358898,0.011048817927424745,0.024260951070601926,0.2368424905050359,-0.03565481502922754,-0.19674939329688632,0.35399584382203475,-0.001879559130416741,0.34132377828909843,-0.3600408065880123,-0.3937803314586022,-0.49768867675201167,-0.41319605137368004,-0.36190466611804484,0.6179964895376433,0.10981597800401031,0.10199809573222864
Thal_AV_R,0.3805179202316177,0.28494670942325356,0.3956596215658097,0.4538233284606127,0.25642610489349243,0.10275207989840085,0.34762794388308604,0.21787398643821707,0.3051120905479858,-0.008952961863275384,-0.04782667726514821,0.3652153389172664,-0.05725762996439585,-0.05080693731234362,-0.018458057981594098,0.34975261299980437,0.41005851856163994,0.24970174383424093,0.34813338616041084,0.3185320005949701,0.3970259490017595,-0.009253177078311501,0.07490003806441703,-0.07089816864461161,0.026842918149418898,-0.049204191814161476,0.0925454014575352,0.03245331976832697,0.43443491552182095,0.3938347814954704,0.3844624091988471,0.22531653323628859,0.3284468540347747,0.3808550685799234,0.2530789626531763,0.26695983435118514,0.40301871346459894,0.11579802055762006,0.05139608805981548,-0.025389909003606236,-0.10763024141533553,0.13456381640164333,0.10313853045518612,-0.12058465308378595,0.19666007269681526,-0.05039751622890837,0.0246964533654097,0.31037943129445944,0.11074701492901254,1.0,0.20156913283968458,0.6934273667172244,0.08064222968537521,0.322310210612003,0.36046757067735774,0.4048035542746357,0.23260360002735117,0.39116331824629597,0.5613969452312292,0.5169389300401248,0.10333582062487949,0.1031703709180189,0.2728464531041171,0.35212268520578494,0.293714284962382,0.0967621040440835,0.03894829317259579,0.24718504280266923,0.36919132411530864
Thal_LP_R,0.32300498843905007,0.23752023555698973,0.24160117588939797,0.01109947996447191,-0.045247716233441086,-0.12224705099139196,0.015269289026770425,0.14346348288768096,0.1645683118138792,-0.00233852959163722,0.20025126667437385,-0.16095426777449473,0.39699119397208793,-0.47659287330240324,-0.049429972309357584,0.2430714875901149,0.26944169739313295,0.18874197218107,0.3894316320103834,0.14185323976805497,0.16527786102501518,-0.13917364094727444,0.10592790895067002,-0.20373187879744692,0.006447806325507348,-0.1392712846415302,0.30070929207477504,-0.21141209560995478,0.5678769654233157,0.5348815621705084,0.4632428309726823,0.2970362102341375,0.42819238887095296,0.1164398007330409,0.32421773991014546,0.017582599916445018,0.16568547695870073,-0.07691576040914526,0.1797003593056352,-0.2653136590768401,-0.17191948509966457,-0.18027073209233377,-0.17300725016061058,-0.24060631606825844,-0.14421177392573553,-0.24149430500992755,-0.27478648333052136,0.24434027582559797,-0.06876117364469284,0.20156913283968458,1.0,0.3195177686874357,0.11469965725381058,0.4225093169695748,0.3039992336924877,0.09214096013019324,0.2031923382174927,0.27684942457599476,0.36019585727419723,0.18397113359522826,-0.20443421796972294,0.0027606813048297284,0.07976422563391246,0.2791539497146008,0.09818161048021239,0.3048006087515186,-0.03988753498875828,0.16783232075449075,0.37015756947484935
Thal_VA_R,0.6716674784625514,0.5884181643759209,0.7163728951006212,0.647195589118456,0.35988252237886115,-0.05368189378965236,0.5503206934000199,0.3245801672741491,0.5628776775559131,0.21621520356670393,0.2745688506170471,0.16850340590780202,0.28276311086337336,-0.28681229269257325,-0.2606098280746574,0.6098375093885143,0.6779284695052438,0.4971926193798068,0.6298540171287135,0.5734090266191115,0.5919003522177801,-0.09424104545954337,-0.07209274946677674,-0.1266198318660651,-0.18806154667401648,-0.12724299319164598,0.18671938639398136,-0.04254742626296757,0.6151748543022424,0.37847650110993,0.445535655851633,0.024360850380199937,0.530581929377805,0.6102959668745279,0.6182964169540989,0.604134413790922,0.5990578792838738,0.23835688735196264,0.3762138086942366,-0.1634473766576356,-0.07346620374308513,0.08949600172386749,-0.12118714511795885,-0.23682228717345305,0.1663027299387899,-0.18400851889323394,-0.14907961701219274,0.4206595371115631,0.0037067631290583396,0.6934273667172244,0.3195177686874357,1.0,0.3418643980992837,0.5485716905709351,0.5151181511430473,0.5329351575360143,0.5268186221701678,0.6108654396008676,0.5838304565442257,0.6042269515793457,0.1457314382535353,0.43060659395611595,0.3040969615674811,0.4701621731433894,0.5577439402962012,0.4122642435865621,-0.051366181074410266,0.3716977330960567,0.5925106599526971
Thal_VL_R,0.4706851404424106,0.12372424554782323,0.47342497883969353,0.4542932267160795,0.6353568705497713,0.22612235339308687,0.3229440201120384,-0.02806125828743697,0.15774807400599317,0.09075170909384968,0.0681716791246311,-0.29273306082424116,0.036487800688448285,0.1462629423712121,0.07210944328522315,0.163207841786793,0.3973293539469149,0.2279191867123805,0.16670800750284653,0.16494995450255315,0.1634327188844792,0.4659804987780566,0.4238177208713178,0.4434709809478387,0.3706677754632398,0.09257816797944671,-0.05316516187142754,0.4862375363229145,0.2186177083867682,0.2659125408580658,0.4269867914597182,0.23363574619791372,0.45456424604698176,0.31912810989048856,0.28373274611368177,0.38590590746596687,0.284290613423117,0.5482912951466392,0.28926215643191383,0.3714668053983611,0.2648347083178899,0.3813972190534021,0.41563862581770855,0.4255161522277608,0.5284763077365252,0.4224153758817923,0.4172252342092147,0.35663670090715827,0.3799604342358898,0.08064222968537521,0.11469965725381058,0.3418643980992837,1.0,0.4827937545680658,0.4364065550856656,0.6539322896209537,0.4698149351919548,0.1544276603686451,0.4342701393107169,0.4237882066499344,0.7107459193526865,0.017781810540414878,-0.09458888666609651,-0.16257217012018638,0.08921872699301106,-0.0787692874219898,0.5254749895283677,0.3332457122361935,0.40612266340318703
Thal_VPL_R,0.8198311529030052,0.6122854243172192,0.7468834856641167,0.5902221125532306,0.40655247538544137,-0.24756669027564918,0.5717725296274346,0.4321021139925226,0.5332803135416493,0.22248204126761834,0.4615445832660721,0.043661495896669664,0.4529092699597992,-0.2492200026918394,-0.3239758178207279,0.6619333840115571,0.8152271443165776,0.6567958575828945,0.7496689251848663,0.6657288420466495,0.6175503112056275,0.05556018187258675,-0.006209340288290665,0.059111392543797776,-0.11280850056372728,-0.11568663110188379,0.039717613699543304,0.05496945405302243,0.6489912182066477,0.4234568116118697,0.4996155095745346,-0.01262777405285035,0.7665204358347285,0.6827699780670256,0.713250676346954,0.6104896461161141,0.6803690450359963,0.45082424954671535,0.5024532872194409,-0.05957982392698397,-0.16131597182935875,0.20135831694993353,-0.11282502368825004,-0.16541819352054662,0.2374475878746702,-0.085530508061018,-0.16436628491257546,0.40592934566838607,0.011048817927424745,0.322310210612003,0.4225093169695748,0.5485716905709351,0.4827937545680658,1.0,0.7193896855733354,0.7130796884015981,0.691021403115277,0.7150018606144666,0.6363049452540701,0.8283667416314252,0.42697163383291337,0.5100613340273268,0.23502961808362674,0.3370728318885541,0.5572762028949443,0.4055181753393236,0.0705465470614741,0.5075794002701722,0.7561714467116538
Thal_IL_R,0.7058993758198921,0.567401497735106,0.6906004541752122,0.5729858515175477,0.3735129364912172,-0.24099788032224204,0.5164603877279573,0.39568725973464375,0.4930314338835773,0.2990069932319632,0.39985698962243416,-0.12313035455830418,0.376528927316826,-0.28261572664861556,-0.17398589508743578,0.44266604705357254,0.7310142828023145,0.6035661219822953,0.6199675602528073,0.5841782968114874,0.5708159210687068,0.08913557862368754,-0.036521749754517795,0.10604785984452596,-0.1419173485771273,-0.025405142677552135,0.15215432985950675,0.09615701980773124,0.5305908183078271,0.34438826690743074,0.3257737117741882,-0.12083975515329229,0.6293333085686483,0.6123961614384944,0.5958397912901106,0.626109811489476,0.503564091926369,0.2842836824249647,0.37357542326825605,-0.14476512702755256,0.031226101370436077,-0.03129495449435703,-0.1305708412689908,-0.1632378904864768,0.3898543000375017,0.03122311002389647,-0.048224899939946116,0.4881683889456246,0.024260951070601926,0.36046757067735774,0.3039992336924877,0.5151181511430473,0.4364065550856656,0.7193896855733354,1.0,0.684179773828938,0.7243224829797344,0.6359711730791131,0.5771066964413268,0.7041286586795442,0.3546326145541497,0.4662505822206083,0.2004197518387042,0.316327255227969,0.5241972798275355,0.43769161732963735,0.11034906361643203,0.35816054995301677,0.5409722799050499
Thal_MDm_R,0.7445970647473248,0.47826112728463155,0.7164342005323907,0.6729170975459611,0.6085341978403014,0.09585930513107596,0.6140965032429012,0.3023777150547406,0.5095533684003446,0.22317690674891194,0.2832536604884933,0.05886067880770258,0.20380922205698562,0.08371419893286816,-0.2514895879789026,0.5458422020602511,0.725085646464807,0.5273230114006788,0.5164169530260747,0.5205339934175823,0.5254375868719448,0.26360773595054776,0.18419761849603544,0.2414388659626203,0.08880452152728255,0.002452110880992156,0.0312788226077531,0.283019135721059,0.48275355764915395,0.33783120032231123,0.4796882152762263,0.054874061796112414,0.6346941679997196,0.6903351931741437,0.5632486115043223,0.70308035009833,0.5717953747823774,0.5275556782235155,0.4615821903229637,0.12330170727906964,0.11857229795358135,0.3422162986727164,0.15628377221561943,0.1277219056120894,0.5017194612219457,0.17055359223646546,0.13528253400399295,0.4128250268523151,0.2368424905050359,0.4048035542746357,0.09214096013019324,0.5329351575360143,0.6539322896209537,0.7130796884015981,0.684179773828938,1.0,0.7178809237282063,0.5304771024484393,0.6233520666016443,0.7621176799287376,0.7043577818345402,0.39645540335697094,0.2835979580572908,0.16922108659685153,0.43954165211869906,0.1550277273781303,0.21155537985714756,0.4569227539522947,0.6369936507433526
Thal_MDl_R,0.7545287800229168,0.6864640089486148,0.6995433663195423,0.5398236561070419,0.2498054710345742,-0.25678134370618744,0.4603125847156801,0.38453552853842426,0.6555121845050504,0.3641478723002262,0.4633365986090473,0.038903540371876544,0.3790731801631032,-0.21130858299344144,-0.35579765211216496,0.5453337606978759,0.68831851394201,0.5860811518985726,0.6188200880640741,0.5692121403053966,0.538618630343685,-0.12079887722668214,-0.12921629086381778,-0.07850435299729022,-0.24341348722237882,-0.24366956051265823,0.19407285905781535,-0.10561540017268473,0.5800380636287286,0.22340473630629504,0.34275893258070866,-0.18523284523169256,0.5483642739978457,0.6407584084273904,0.6243187141742443,0.659311675565082,0.6308403704993111,0.2034296024665703,0.48728421817294804,-0.22065196129542014,-0.03343258526589418,0.00877843060560584,-0.18084561466875948,-0.1534597174110546,0.24224029730606794,-0.17847181672500123,-0.19452890308144202,0.44491281928206017,-0.03565481502922754,0.23260360002735117,0.2031923382174927,0.5268186221701678,0.4698149351919548,0.691021403115277,0.7243224829797344,0.7178809237282063,1.0,0.6102769037879529,0.5225107219753373,0.6807547893534968,0.474000808543435,0.5760271877179187,0.3240396589617475,0.38328609683094944,0.5540987954061628,0.388937031328859,-0.025628266708131058,0.3044567861490089,0.5038920721542232
Thal_LGN_R,0.7230886449331793,0.7212731037510546,0.7091341119672346,0.6144950104515149,0.22299193340933957,-0.34679790786483894,0.674222250000324,0.5500143999003738,0.6410663774800923,0.3243638634636478,0.5479298112257155,0.17538996346707222,0.45702219271879496,-0.44378483731327706,-0.4086185543978698,0.7282997422160367,0.7855104519510336,0.7095035445465628,0.7850878816570788,0.7545749556910479,0.7054679752041668,-0.23904745882522052,-0.3659695684807146,-0.14106377847184903,-0.43043271474686834,-0.2539408367209202,0.1513646734234915,-0.12395468594260672,0.5771205966535735,0.27163920398307745,0.23954025690114145,-0.3073559863725196,0.5437505997220394,0.7139450394045644,0.7397632126829006,0.6293226756139538,0.6525653107560159,0.24595339425258347,0.5167291866537176,-0.28718300639297983,-0.27158704364295494,-0.08612403544361776,-0.36953301247679865,-0.4241218200026087,0.11851994949811953,-0.28518267713278994,-0.3777662003748644,0.2609823782889607,-0.19674939329688632,0.39116331824629597,0.27684942457599476,0.6108654396008676,0.1544276603686451,0.7150018606144666,0.6359711730791131,0.5304771024484393,0.6102769037879529,1.0,0.4828312752114188,0.7041591740363291,0.0714271066311626,0.6733614661369521,0.4060012608970065,0.5562402093861293,0.7080793628497845,0.6098628405798595,-0.2511921200085004,0.3705644909176107,0.6051593939681438
Thal_PuI_R,0.634557493041624,0.43173227208610654,0.5730326064224647,0.5215514038967873,0.36914348140022296,0.13314213384740178,0.31843314167252534,0.08171856652129342,0.37746084574476696,0.0875609823746383,0.014677490997112597,0.0256182318520027,0.02964646665398032,-0.053566585426771826,-0.04962642160524528,0.3916065092954987,0.5403923671158813,0.29759995340196654,0.40417677147437786,0.2858528516628857,0.26192467774444894,0.1710703733091732,0.29632215663675576,0.10092224348082098,0.15033549078337577,-0.08296800849408799,0.16210341881007087,0.1271845659300723,0.47644674230742684,0.3150020391323495,0.5286089872312297,0.29244984473004865,0.5100908632706455,0.3681601430871127,0.414109721012173,0.36593916917608504,0.5652777535091831,0.32939814254038396,0.14510709776872055,0.16025437875867904,0.023738726308459804,0.34883065873156616,0.25895115276093356,0.16864512289525757,0.3789984496428182,0.0647200093234756,0.18629777271766054,0.38900731885952267,0.35399584382203475,0.5613969452312292,0.36019585727419723,0.5838304565442257,0.4342701393107169,0.6363049452540701,0.5771066964413268,0.6233520666016443,0.5225107219753373,0.4828312752114188,1.0,0.6331049609499001,0.35491457855451897,0.13139940305210887,0.07583692053947168,0.20464193692768926,0.17892905547384133,0.13319569108203227,0.33779432920334984,0.3522036598782751,0.5134088605239657
Thal_PuM_R,0.8214348207062299,0.6999462337159496,0.8324444833115219,0.7091319086293472,0.4016718163054885,-0.24830981088094012,0.7110167067339089,0.6157876382116367,0.6716672441427058,0.3213597577481886,0.5478696679534557,0.19389166792298973,0.3688685624603209,-0.24049243741589785,-0.3695466576020763,0.7510364137656087,0.8673564479507503,0.7418528153022006,0.7877471975585525,0.7920631144896991,0.7498797757448736,-0.03817422094381526,-0.1762811853509691,-0.00994435612487741,-0.2657644980993361,-0.165132929651074,0.025251891126384058,0.021116303027013467,0.6084308831632749,0.29577282611690103,0.3461254957071313,-0.1896774502433087,0.6481789409060456,0.8126806354057713,0.7613444383435333,0.6660495367153078,0.7704441233332813,0.38983712762401274,0.5098620902771867,-0.10636298139045548,-0.21080573980430872,0.16385908948833025,-0.15508188742844056,-0.2387529415063214,0.24663391720082228,-0.14300718744902802,-0.1753434418094031,0.3778285935853294,-0.001879559130416741,0.5169389300401248,0.18397113359522826,0.6042269515793457,0.4237882066499344,0.8283667416314252,0.7041286586795442,0.7621176799287376,0.6807547893534968,0.7041591740363291,0.6331049609499001,1.0,0.4945976737155631,0.6059137969637025,0.42304949196094527,0.48291339368312386,0.6948449940005248,0.47403607898011385,-0.04228800092387223,0.46841099226973026,0.6952735724235398
Thal_PuA_R,0.4032680414398674,0.12656960478033374,0.3801265546054936,0.39122564621836964,0.5489410623695277,0.21736816367727926,0.2753698927282982,0.062296321114964276,0.22300960223107608,0.16964909090184524,0.04947631460831412,0.01242606896293473,-0.05644518152679988,0.40635952353138916,-0.0016751575749654728,0.1560660999305732,0.3707602002322159,0.18122295351700987,0.12612276754329857,0.1976250052518483,0.1463354834072889,0.3548017286542985,0.31946552335056455,0.33392898273617183,0.27587311317362395,0.028996536270946532,-0.1317905947041069,0.36711301106484195,0.12112184225433961,0.10769671515033838,0.2804428904086348,0.1097439902627487,0.343390528844529,0.39513896989882746,0.19905247777175844,0.4513650010269836,0.3291923039517941,0.4310515312734218,0.23748783510217014,0.3024961012860909,0.29419898471965344,0.4682499555958722,0.38462605335645395,0.3832233979561453,0.44434031029418464,0.33246849288160935,0.3636882803934744,0.3391633708559735,0.34132377828909843,0.10333582062487949,-0.20443421796972294,0.1457314382535353,0.7107459193526865,0.42697163383291337,0.3546326145541497,0.7043577818345402,0.474000808543435,0.0714271066311626,0.35491457855451897,0.4945976737155631,1.0,0.10384444748816649,0.037482353671735594,-0.18097578294891709,0.1046842134876519,-0.2033424297175806,0.41804096050406125,0.2594963634257708,0.29396623896503216
Thal_PuL_R,0.6106777856452656,0.8061319533703442,0.6852169211579829,0.5284063455848126,0.05395753278289813,-0.44896862652560054,0.6150004722811463,0.7162628881279264,0.7708556947088104,0.48401207668102464,0.7585483250176458,0.2684770156994277,0.46858687741259175,-0.42759385915122333,-0.6356223148040453,0.7659625206086306,0.689240282715433,0.7383481412054755,0.7587482799398163,0.7992564200602628,0.7501115341448017,-0.39660373223441364,-0.6321220817807739,-0.3361038250243127,-0.6925637202740862,-0.23421540688604656,0.11815569748420067,-0.36840721934679177,0.46477843687270837,-0.037101364938256116,-0.03899176853265156,-0.5996123128827128,0.3671464816441275,0.7641040222570844,0.7609857190800267,0.7011326117193009,0.6477053060107132,0.06580721651286474,0.5842039351571249,-0.48014128854853483,-0.2368326423894183,-0.1630832985533059,-0.596558599964568,-0.5793129330367068,-0.1283075868474571,-0.505178739830306,-0.5834826667413862,0.13009878496995733,-0.3600408065880123,0.1031703709180189,0.0027606813048297284,0.43060659395611595,0.017781810540414878,0.5100613340273268,0.4662505822206083,0.39645540335697094,0.5760271877179187,0.6733614661369521,0.13139940305210887,0.6059137969637025,0.10384444748816649,1.0,0.5701189380938814,0.6334589214697149,0.8307230098085978,0.6615436399913112,-0.5354766971576475,0.26298806266212277,0.39617347158233723
ACC_sub_R,0.423864352118696,0.6116440407810532,0.47640598016727914,0.2847518176009451,-0.08992030768719472,-0.1719785089530026,0.4843148961205327,0.6659922550729444,0.7406077819049752,0.4848586058668237,0.6440574996757149,0.38882526667293615,0.23344920317275253,-0.36269703600481695,-0.4743367939885826,0.6502951595211668,0.45565210753061336,0.4864061472820278,0.6191592650828327,0.6054274031383694,0.6465311499887414,-0.529843798731292,-0.5150250424410823,-0.5830626268695034,-0.5443881173671928,-0.2793748696501113,0.18244049561606374,-0.5049426853549882,0.5968678642322829,0.2532488160306091,0.13063402560159995,-0.28214018704212024,0.22474181959933764,0.602788291897454,0.5504053750959549,0.47682558351869475,0.46400175095129625,-0.1804086208625438,0.3923285778997838,-0.5731837961918339,-0.12091200569369348,-0.23326543301459768,-0.5125526459545692,-0.5472504021893467,-0.34586859168011636,-0.6189204971838214,-0.6391387687530448,0.04409697755639039,-0.3937803314586022,0.2728464531041171,0.07976422563391246,0.3040969615674811,-0.09458888666609651,0.23502961808362674,0.2004197518387042,0.2835979580572908,0.3240396589617475,0.4060012608970065,0.07583692053947168,0.42304949196094527,0.037482353671735594,0.5701189380938814,1.0,0.7293425701838471,0.6734768436558178,0.3681602878879389,-0.542303210797376,0.15746636105542727,0.25758568101836143
ACC_pre_R,0.4480166905392185,0.8081179464564409,0.543779252855808,0.2811345942288793,-0.3085478682553313,-0.39103517467569276,0.43944862962840336,0.7575937623727634,0.8305155159669316,0.5007421446802006,0.6905622608092727,0.3953495206613197,0.24461242323570462,-0.6737203745666935,-0.5897485303798815,0.6974951620681008,0.4895089655125741,0.5395046573578967,0.752588018650467,0.7059394692973333,0.672068110544238,-0.6994338594275658,-0.6421823089021141,-0.7692969871032608,-0.7427011753331638,-0.3533675484396393,0.2865497341190105,-0.7085139990118924,0.6650127894046536,0.1988199354240188,0.05641608398109106,-0.366724180576283,0.21411184776563086,0.6053223920613963,0.6933381580603681,0.40211459500986496,0.6074124996190894,-0.3634116352940361,0.38693490807747427,-0.7510411897226843,-0.3269747123602483,-0.35906051858100474,-0.7138773373750604,-0.7699044246883167,-0.4893881964645338,-0.8204031652501683,-0.7828203969780086,0.06819754507694172,-0.49768867675201167,0.35212268520578494,0.2791539497146008,0.4701621731433894,-0.16257217012018638,0.3370728318885541,0.316327255227969,0.16922108659685153,0.38328609683094944,0.5562402093861293,0.20464193692768926,0.48291339368312386,-0.18097578294891709,0.6334589214697149,0.7293425701838471,1.0,0.7547685874303144,0.6666380818652888,-0.621102909490981,0.10075736527502663,0.21888727824290016
ACC_sup_R,0.6805059656530029,0.8009542203568456,0.7762813403921555,0.6230983726295084,0.14591997385986924,-0.4128129984386694,0.7771494888821248,0.8232843799630714,0.8053015978357024,0.48415653070449727,0.8175419434917366,0.23039634022622968,0.43678378352329944,-0.5211949407249572,-0.61442414751814,0.8220018750678384,0.7929325103953158,0.7833983454751371,0.8559668989603475,0.8962428208840728,0.9020686930014297,-0.3929105668728162,-0.6021641289940285,-0.3554553877716111,-0.6504224451439329,-0.22989762928987137,0.1345533646824501,-0.3102747792192728,0.6278365069553115,0.23642817600000357,0.1161624947685157,-0.4938087122711653,0.47031037579854434,0.8570734781882852,0.8358316998477956,0.7062110858666483,0.6439748374280639,0.09804145570075315,0.5794863639330814,-0.5257992472468711,-0.2805662349612605,-0.21293448968367523,-0.5850068066734179,-0.627677859140867,-0.14011296290043024,-0.4781775192356775,-0.5939486961718091,0.18161566549182556,-0.41319605137368004,0.293714284962382,0.09818161048021239,0.5577439402962012,0.08921872699301106,0.5572762028949443,0.5241972798275355,0.43954165211869906,0.5540987954061628,0.7080793628497845,0.17892905547384133,0.6948449940005248,0.1046842134876519,0.8307230098085978,0.6734768436558178,0.7547685874303144,1.0,0.7163231822929784,-0.4851009128449271,0.3550982759881474,0.5132802321966998
N_Acc_R,0.5210444670129736,0.6934136995233958,0.6093315142421295,0.41087278347717493,-0.0543469543514952,-0.47882305196369257,0.5265909909209794,0.6989651759769674,0.6130567973105677,0.3470125434225564,0.6873547174484675,0.10983577992058544,0.5022547460582316,-0.7197975115209143,-0.5003488884642993,0.6399235061896594,0.5653871741073496,0.6417352584934387,0.7233991446753298,0.7154218145998493,0.653142576276977,-0.4223604622260253,-0.5675244495186721,-0.3508541946466032,-0.6316863998725155,-0.22886922558649847,0.16496520071110268,-0.37549949197507915,0.5080929833144052,0.12936459564117503,-0.00753086946940243,-0.4811013361895055,0.35143709813242757,0.564727109855452,0.7054108339827274,0.44373202390274913,0.4654139576373328,-0.03980407596086328,0.4686706154337424,-0.5350680287091638,-0.34729464008710936,-0.39420558595214306,-0.6484627381060308,-0.6471757871919865,-0.18571372613137055,-0.47660806709362347,-0.5797744897034726,0.11079458683925214,-0.36190466611804484,0.0967621040440835,0.3048006087515186,0.4122642435865621,-0.0787692874219898,0.4055181753393236,0.43769161732963735,0.1550277273781303,0.388937031328859,0.6098628405798595,0.13319569108203227,0.47403607898011385,-0.2033424297175806,0.6615436399913112,0.3681602878879389,0.6666380818652888,0.7163231822929784,1.0,-0.5084659130454029,0.17804605807941845,0.3675700482130926
SN_pc_R,-0.04888034602856884,-0.4574817955973207,-0.13890627211969545,0.038812018950320895,0.48649908300965145,0.4291579013364048,-0.18069126270120833,-0.5920278648741317,-0.4365583541489051,-0.35002749109669695,-0.5927397928329516,-0.3069637248111922,-0.31884812733029994,0.48455929084115285,0.5556206347508321,-0.3939401315939695,-0.12167874752052482,-0.3784986288650592,-0.38157715631952505,-0.3803713822041498,-0.389281996993405,0.6549886548151095,0.7482710104532547,0.61240047612253,0.7336058738829659,0.26573764576706993,-0.09906167125402979,0.6815798030425623,-0.2180485661706183,0.1709800617651309,0.37710849631448234,0.6116279134781584,0.09724902198722189,-0.3202536123214197,-0.35057761214740574,-0.128669540402349,-0.17220471087917272,0.4871613666809896,-0.19296847571808828,0.7291670750124406,0.37203331941524626,0.6142246137065857,0.7441076701815639,0.7562037833024553,0.5194910389438973,0.7066459358099999,0.8068494863349555,0.13106927829153955,0.6179964895376433,0.03894829317259579,-0.03988753498875828,-0.051366181074410266,0.5254749895283677,0.0705465470614741,0.11034906361643203,0.21155537985714756,-0.025628266708131058,-0.2511921200085004,0.33779432920334984,-0.04228800092387223,0.41804096050406125,-0.5354766971576475,-0.542303210797376,-0.621102909490981,-0.4851009128449271,-0.5084659130454029,1.0,0.2686665432891837,0.10709268152903108
SN_pr_R,0.4692771982953368,0.2288947697309774,0.4550888770162022,0.4067151778705154,0.473526068303061,-0.03367646943165164,0.45090377383829683,0.18394113907172469,0.23359504144507381,0.031834272356875644,0.17609334187432737,0.10682037979239314,0.18556005819900426,-0.07358777857266491,-0.06254955646519031,0.4434150823497577,0.5282313341425334,0.3458542228760492,0.460497593783955,0.44448162643419203,0.46012646290821096,0.1445050366784721,0.04812279609167552,0.14849987869561412,0.02693204892797287,0.034346115290443,-0.017235446483565894,0.2503743725501121,0.3631098889604462,0.40611680130020383,0.4629064344288084,0.13515902182126088,0.4582394372370614,0.4632760513076654,0.420207463404966,0.4974651903272891,0.3294736151772108,0.4734835257939019,0.3781967509294842,0.11541030700878126,0.06649735584634038,0.3503472449600676,0.04635129235008021,-0.02451654460342082,0.15267420300749357,0.08197745395846259,0.034396018251770154,0.15236556792877687,0.10981597800401031,0.24718504280266923,0.16783232075449075,0.3716977330960567,0.3332457122361935,0.5075794002701722,0.35816054995301677,0.4569227539522947,0.3044567861490089,0.3705644909176107,0.3522036598782751,0.46841099226973026,0.2594963634257708,0.26298806266212277,0.15746636105542727,0.10075736527502663,0.3550982759881474,0.17804605807941845,0.2686665432891837,1.0,0.6773944542771432
Red_N_R,0.7751894067595753,0.47032391556800723,0.7312862797729892,0.626488880210734,0.5546748904775273,-0.11991123214407434,0.6206232880279731,0.3277269941170133,0.4170888054014688,0.04015328350280764,0.36851746716429,0.09507089753670539,0.47912496229148993,-0.18608340871068657,-0.2584941488927575,0.6632623904156016,0.780454819565121,0.5757195404862355,0.6650194422542794,0.611650577859215,0.6269603486237839,0.13782728324927626,0.021923995525612375,0.1684514423201748,-0.044930258699409586,-0.03042346312102369,0.019497874913332148,0.20816243522524902,0.5883665483643421,0.4536950416448565,0.5465048518858848,0.04810212522479387,0.6932296959870818,0.6356699657544838,0.6517447910845272,0.590191067751908,0.5272797263682383,0.5725204253588858,0.5135006771447517,0.05487502430936256,-0.10344455832768183,0.2465757885167446,-0.020345683424624644,-0.09882568838024315,0.3046889307065517,0.02744206820034706,-0.07215472585803044,0.3872320435186152,0.10199809573222864,0.36919132411530864,0.37015756947484935,0.5925106599526971,0.40612266340318703,0.7561714467116538,0.5409722799050499,0.6369936507433526,0.5038920721542232,0.6051593939681438,0.5134088605239657,0.6952735724235398,0.29396623896503216,0.39617347158233723,0.25758568101836143,0.21888727824290016,0.5132802321966998,0.3675700482130926,0.10709268152903108,0.6773944542771432,1.0
