,Precentral_L,Frontal_Sup_2_L,Frontal_Mid_2_L,Frontal_Inf_Oper_L,Frontal_Inf_Tri_L,Frontal_Inf_Orb_2_L,Rolandic_Oper_L,Supp_Motor_Area_L,Olfactory_L,Frontal_Sup_Medial_L,Frontal_Med_Orb_L,Rectus_L,OFCmed_L,OFCant_L,OFCpost_L,OFClat_L,Insula_L,Cingulate_Mid_L,Cingulate_Post_L,Hippocampus_L,ParaHippocampal_L,Amygdala_L,Calcarine_L,Cuneus_L,Lingual_L,Occipital_Mid_L,Fusiform_L,Postcentral_L,Parietal_Sup_L,Parietal_Inf_L,SupraMarginal_L,Angular_L,Precuneus_L,Paracentral_Lobule_L,Caudate_L,Putamen_L,Pallidum_L,Heschl_L,Temporal_Sup_L,Temporal_Pole_Sup_L,Temporal_Mid_L,Temporal_Pole_Mid_L,Temporal_Inf_L,Cerebellum_Crus1_L,Cerebellum_Crus2_L,Cerebellum_3_L,Cerebellum_4_5_L,Cerebellum_6_L,Cerebellum_8_L,Cerebellum_9_L,Thal_LP_L,Thal_VA_L,Thal_VL_L,Thal_VPL_L,Thal_IL_L,Thal_MDm_L,Thal_MDl_L,Thal_LGN_L,Thal_MGN_L,Thal_PuI_L,Thal_PuM_L,Thal_PuA_L,Thal_PuL_L,ACC_sub_L,ACC_pre_L,ACC_sup_L,N_Acc_L,VTA_L,SN_pc_L,SN_pr_L,Red_N_L
Precentral_L,1.0,0.48831294673076814,0.8516833477464787,0.84137542702694,0.8549467734996667,0.584634863193624,0.6741694624458766,0.9068779913492485,0.4351857856936929,0.7154415878625466,0.27463586754140096,0.045554121829550286,0.2961851006034909,0.2350079487952898,0.4699972247353684,0.3476987044589495,0.6874112839412381,0.5742877388006135,0.502438071774888,0.3646082514604142,0.4324798695028102,-0.10608737904678829,0.3324094494078741,0.21193597354002133,0.33101651793066944,0.24446668209338185,0.22174120475957143,0.95536914169362,0.6045302727247518,0.6462016763914462,0.8450308827724383,0.6176103281262155,0.701775641072816,0.9606706531534798,0.4813202724716381,0.670522092209873,0.399431032930573,0.5581131025520567,0.7364170051086433,0.46839005793004745,0.562516358800355,0.18807046143888317,0.3515258863065034,0.15597143684343784,0.3188060788853922,0.41281369444745786,0.39328016507143143,0.220214923006712,0.3778852733088999,0.5515400929263304,0.2843985560417521,0.25689762307825337,0.36182521043179633,0.5768716238634618,0.49240370942705547,0.5846274294582863,0.5833263006171893,0.3174225250880999,0.1355298271605762,0.03135560023155679,0.22423772448116097,0.35545605402329317,0.24022753902013122,0.04942730631950283,0.4164847133426632,0.6661218950487061,0.3600491780713913,0.1890389928907505,0.43024963562559365,0.27180294544510003,0.4456315747361083
Frontal_Sup_2_L,0.48831294673076814,1.0,0.4983625598089407,0.42238422254912134,0.5828181090437837,0.782285853053293,0.2714407024004193,0.3147439442027961,0.3781114777605934,0.85928202577611,0.33392347301546,-0.21341192110899693,0.44442286938139697,0.634145685599885,0.6072551311609814,0.03034673517806153,0.5176749726111975,-0.03337348381147551,-0.06030191815152946,0.0573436450013521,-0.11561710379979673,-0.19061981811028067,-0.17576198744627577,-0.1475251816794788,0.04002107467384316,-0.08704193158400475,-0.3056169112213505,0.35951763346200954,-0.04905363468164558,-0.009292171784099855,0.18742143821494822,0.11930472682229087,-0.013379697576747044,0.4090904308564963,0.50137951586286,0.5861546850378924,0.4168327264350687,0.10189437744747962,0.20823650627461618,0.08424478593035374,0.02853298840667166,0.17979214100402233,-0.2170337924494742,-0.1942034569250529,0.025168741750697294,0.1182638119840251,0.0005356491290971142,0.1715817583868603,-0.23482672195166054,-0.15769579844922213,0.20658676156848557,-0.14825626111525203,0.18863006269271052,0.18572864101737674,0.24615064428068179,0.29296180125982413,0.3686541228097684,0.1958739392077337,0.13271050449088764,-0.017296284019454464,0.16692112252349398,0.23542190323764062,0.29057200994631577,0.23137582997900047,0.6920682262809558,0.36056315328747673,0.48366925871979993,-0.25309793987145646,0.11321559154857413,-0.07812937171737311,0.0044981536162762605
Frontal_Mid_2_L,0.8516833477464787,0.4983625598089407,1.0,0.7915728038691981,0.8485541396342007,0.5797930085584271,0.6991199064805436,0.9008511082996257,0.5270149242094349,0.7115977431984557,0.25946818151831064,-0.06792104675382661,0.3296684381095414,0.15328496996575955,0.4681265707281823,0.5037707952199018,0.6322377352019367,0.7530350568795361,0.6797988480450434,0.5749355165662537,0.57175130659979,-0.15052283098117117,0.4454151300924302,0.3298856929456718,0.48335269213920956,0.24382682281227566,0.28572853701919726,0.9024408323797416,0.5800918410541671,0.7369499205614659,0.754800382058744,0.4784215291358013,0.7533735508266244,0.8527924684687638,0.6818167389179338,0.6515771744217492,0.38098799919822557,0.6207155107195755,0.7955578869171417,0.3729104900135789,0.4680500834988107,0.08043810772815238,0.3739579703491075,0.010513040497028673,0.04857764532208357,0.4700542154187361,0.5692152864528006,0.3002934644276581,0.3011966843201272,0.6467008300962578,0.40144204323234706,0.4773775465454443,0.5816047708378069,0.7661497327468137,0.5890780845200201,0.7368105371537379,0.5693002204956956,0.5448398149091571,0.2990173055934872,0.34817784461857026,0.5606068717085048,0.47600809191140436,0.34079692853068355,0.02245652100142582,0.44846024473218266,0.7947597482150837,0.38267305596986406,0.25754260436115567,0.5223873823542995,0.5093054405637405,0.49255577468650313
Frontal_Inf_Oper_L,0.84137542702694,0.42238422254912134,0.7915728038691981,1.0,0.8231448170054221,0.6079039963276059,0.767383524611468,0.7905741326365704,0.413963684418531,0.6573655477764745,0.10411988125931367,-0.0002155069320951681,0.32924868865972623,0.13497347383207128,0.5952395126068154,0.3989400235100671,0.7641885180016531,0.5613524606478566,0.5361434455964686,0.20864189923989074,0.25533830357230325,-0.04306491023749418,0.5800923382521116,0.449672385976901,0.6591684484065911,0.6060128491342727,0.17860692240458922,0.8590479653140198,0.6110685059397569,0.7329515291522796,0.8575906398295198,0.6782220076942707,0.7549200101739983,0.8551378472129553,0.5024595242944737,0.7263723339605197,0.43122058427716475,0.3354882273622921,0.6707197162786814,0.39895780428708055,0.7265536299525721,0.2540801655083032,0.5143403053964805,-0.10229177505439666,0.36429098086925327,0.5811640941973542,0.6429181180408711,0.5530456187999164,0.1875749741341891,0.5219809372835351,0.19435959199796274,0.3462975503603502,0.39542361514095975,0.5683915056384862,0.4271623627854401,0.5666783273093087,0.6722150700850924,0.36150690824562504,0.22809587542557117,0.08159158278751688,0.3509859325647882,0.4654337959932122,0.3305552728321937,0.061334801449923516,0.3441811534182309,0.6470243881703065,0.43529348728621753,-0.0380211805676511,0.2815874225531142,0.3710300133338753,0.2777853544610176
Frontal_Inf_Tri_L,0.8549467734996667,0.5828181090437837,0.8485541396342007,0.8231448170054221,1.0,0.6372650066898933,0.5939230189182931,0.7920125907887704,0.4674422964266173,0.7726823405576244,0.2573943219310665,-0.06631312781024452,0.299367116526049,0.2936486849433723,0.43126624979223704,0.26390815136084794,0.646161245932627,0.5183554852825133,0.44009690883840646,0.3614984280705589,0.32109767289386165,-0.17569403643646803,0.3175492257525393,0.12043383300652004,0.38453678549405235,0.1583505097396063,0.13404276247028488,0.8290125603847466,0.4742260878949879,0.5472647536655243,0.7117378647125863,0.4663255929812564,0.5931153096824127,0.8168074233993919,0.69037897401813,0.6391263815523078,0.45232025178380103,0.5242000299808431,0.6567805741942597,0.29898118015647696,0.4444983614513498,0.0560895406785881,0.26302978915836434,0.05626720598567107,0.15929005244280478,0.3579587507579708,0.4078050427601453,0.27297754525457457,0.18083254152770287,0.4548076225406349,0.30012884064915685,0.2885772842192489,0.5714443342630944,0.6042029782151047,0.4008565910685356,0.6831006486828217,0.6568141937456835,0.3454102418993311,0.15197063616344952,0.12550330004679192,0.3776692083329759,0.23368972084943182,0.4309131583955941,0.04797806602919376,0.4266572251567265,0.6050710710014465,0.47677646151151293,0.15579171257505203,0.4194905630183168,0.351010859599069,0.36553989513883356
Frontal_Inf_Orb_2_L,0.584634863193624,0.782285853053293,0.5797930085584271,0.6079039963276059,0.6372650066898933,1.0,0.6106519973696055,0.39045755762867307,0.49709538079340754,0.6690987292823186,0.1976539262943873,-0.04211737000702868,0.5601975717262935,0.6185792382119034,0.8054278524696604,0.3119054674703878,0.7483667319319495,0.16692596898465595,0.08840781796228728,0.24327368363105256,-0.004383803808833705,-0.06462115095035778,0.13244130703092935,0.05968602141100148,0.21901949179683844,0.1853253114956675,-0.021023447063669886,0.5035465364541921,0.037316953490343474,0.24351290212081161,0.4218773203295094,0.27201191968377525,0.18305620500969394,0.5456177500736874,0.42305633084766114,0.7385538323585905,0.6542790144953489,0.24759242249934407,0.49229775080998744,0.24653230327868642,0.4052965863434208,0.09239318455048766,0.09422133974260301,-0.08530354003379972,0.18133223282176594,0.36293637733511996,0.2085834632082601,0.2547851882094091,-0.16430769277824778,-0.009877826414987407,0.06122837284797665,0.04336941196792002,0.23841372356410434,0.33147585541043345,0.4164837945825181,0.37791251888983796,0.5205304321715211,0.3925852410810191,0.2572590107917292,0.06021005513228164,0.22504025491949026,0.44027671984502886,0.1850140885126537,0.051037088498778665,0.6372934478083309,0.43949078237238337,0.572546200046848,-0.11751553814969716,0.2682784824041981,0.08980948426619893,0.20620598495241318
Rolandic_Oper_L,0.6741694624458766,0.2714407024004193,0.6991199064805436,0.767383524611468,0.5939230189182931,0.6106519973696055,1.0,0.6728056374354355,0.5157406313090013,0.3999602153417576,0.08277447640709017,0.12069547479486584,0.4716727349690023,0.14375636795812358,0.7061847219018095,0.6310160233893644,0.8057584231592069,0.5846780500687191,0.41368009680393925,0.4908999271265234,0.3676959079857283,-0.0757629098482504,0.7262431532982683,0.530778021396934,0.5406153825349417,0.4909428184657882,0.2613672992903017,0.7269030585558467,0.3128118013020897,0.6425221671756512,0.6696954831432376,0.33353708206104965,0.5917564737733241,0.7471414346202327,0.3410375279585464,0.7779996331186324,0.6376777538290479,0.2767975892117759,0.7677493388415405,0.45605594584983955,0.7731105465040893,0.1517287454829029,0.6761208282818292,-0.18959270116471238,0.18901978703505543,0.745728779371766,0.7200746417277987,0.32191672796298076,0.24720414219912845,0.5816885859620455,0.03672107202022912,0.4077450697346835,0.44714883958311863,0.667162181069035,0.5541243207021905,0.5697341723778294,0.6284432102847365,0.5541989762845888,0.2908359003076518,0.13793452266313425,0.4130159174126265,0.7549294948591302,-0.09997577062533979,-0.07928749090089979,0.33495091529086224,0.5676445211553948,0.34110886802573354,0.19671677811236737,0.296268275815467,0.38643675127643967,0.43135323324824454
Supp_Motor_Area_L,0.9068779913492485,0.3147439442027961,0.9008511082996257,0.7905741326365704,0.7920125907887704,0.39045755762867307,0.6728056374354355,1.0,0.48137330435379805,0.637063940617058,0.2677591200696136,-0.007954289494385215,0.20401040519660357,-0.0017264226968331422,0.3481404580935562,0.4835669111152662,0.5818088595796668,0.7643681435877846,0.6844059512467299,0.508015963791926,0.6145816198976395,-0.1406609596293013,0.47020801287336705,0.33492610541355916,0.4528049699834228,0.27687180239871545,0.35500485134235715,0.949936864112165,0.7192362629833873,0.7844173326622873,0.8270520586217973,0.5772243143570354,0.8280159612228066,0.9096541095738871,0.5482838980843558,0.6021821715756048,0.29005330834106285,0.6113613784312331,0.7954003229376291,0.476566819661722,0.524088555615475,0.14412665501976066,0.46383334953630745,0.1049880667786,0.18433783822724395,0.44539817721706976,0.5519462232544926,0.23373439097532703,0.4837631887139621,0.7500764309226072,0.39657796773255966,0.4345656887572959,0.4966870445942614,0.7329379963618058,0.5319121284034598,0.664029107207379,0.5351645744187509,0.43482117857234004,0.20789050935171358,0.21194492797169728,0.39602669748108404,0.405043763895397,0.26358243169293577,0.033549284429952794,0.3292945129456859,0.7440193891251787,0.30467730664619436,0.32770950828090883,0.4861417942014856,0.43387307556093635,0.5328335452839988
Olfactory_L,0.4351857856936929,0.3781114777605934,0.5270149242094349,0.413963684418531,0.4674422964266173,0.49709538079340754,0.5157406313090013,0.48137330435379805,1.0,0.43461313561036513,0.2982080163444981,-0.2010414975106127,0.39206460505219387,0.32392038297359005,0.4257461056620076,0.49397808226473583,0.3618167413014959,0.39896341605238267,0.2531642912376882,0.5078630159030312,0.37579230631790944,-0.18089022235927904,0.2402876480497639,0.0971252318333948,0.17558599446486864,0.03843769764828286,0.25741038507214525,0.45851247358244673,0.1066145767351182,0.31475369317593693,0.3187947819604679,0.03960858645008991,0.2913951319523554,0.44799975916982165,0.4299792692626851,0.4624535645889462,0.4197633530454054,0.2442252995024473,0.5681376589901381,0.3138561021550496,0.20992213122788003,0.15470037203938425,0.28812465308285584,-0.049265694430233264,-0.12738336079615933,0.3478213123043497,0.32874998248477055,0.07670341077527527,0.2391363765797218,0.346148850760571,0.4721153601948968,0.207758800907958,0.32256151318144366,0.4329418578889435,0.3463489317287106,0.3429763245207773,0.23570263489806145,0.5757036001908649,0.14848260029895394,0.2472185840486838,0.2337165540051163,0.336696940171789,0.028252022034927184,-0.0630803760040651,0.5462832451539167,0.40731214503412033,0.5593951512639294,0.20701989902548895,0.3441779033496251,0.13331935707135745,0.45099764491503286
Frontal_Sup_Medial_L,0.7154415878625466,0.85928202577611,0.7115977431984557,0.6573655477764745,0.7726823405576244,0.6690987292823186,0.3999602153417576,0.637063940617058,0.43461313561036513,1.0,0.3551495584483816,-0.22107270462404474,0.318591144860118,0.45834544458278353,0.518986346905246,0.1410212010003762,0.5655892310270126,0.23617377887173485,0.24897719919060454,0.1478037598592605,0.13946773686036176,-0.28708968767975807,0.02331330798383149,-0.023439061959077422,0.24595087520810296,0.0447322927064042,-0.1338080048142773,0.6323509941720216,0.30804613400833214,0.30895341046495794,0.49015443891553495,0.3663301115524404,0.3242110012395663,0.6506606445298323,0.6404690425211824,0.656205978205332,0.31997906718187435,0.2833918969500046,0.42336488440385805,0.23163926963271736,0.19752683244519245,0.2634477052245043,-0.026221828861891335,-0.14381967030814305,0.06840018140439665,0.22870776333132067,0.21738584031598657,0.2401232044640684,-0.019252154594121808,0.16521827232682892,0.3801101792091469,0.04086925142150501,0.33073152257079197,0.3915891242526766,0.28860734684258577,0.48002328190499466,0.4779976977639226,0.22173443472086815,0.11333882920424404,-0.00631823213951838,0.2324799839245616,0.24695963712502825,0.37945210890625425,0.21828784903370105,0.6667579178872093,0.5950609497315228,0.4297805378667985,-0.10014881773855108,0.20048591895947346,0.10488904239707125,0.15947314569038068
Frontal_Med_Orb_L,0.27463586754140096,0.33392347301546,0.25946818151831064,0.10411988125931367,0.2573943219310665,0.1976539262943873,0.08277447640709017,0.2677591200696136,0.2982080163444981,0.3551495584483816,1.0,-0.15891276452911035,0.209057258478415,0.25658144213503975,0.07159610227985648,-0.03419388684191968,0.055205527953333895,0.0365545121353065,0.012144761213581295,0.10683451783554866,0.12650660311363926,-0.30980449950086897,-0.1953124369036094,-0.17790253577735224,-0.09639269453387866,-0.24365936074236388,-0.056456826149298096,0.2145763113296151,0.07352979556968357,-0.018904438286297426,0.08158942869951258,0.05099038450614121,0.025981312792937222,0.25080967229951473,0.08642208553768507,0.1285064532056294,0.04835626844396462,0.17875451176135485,0.14287315984023113,0.03244004272214089,-0.1306088251463213,0.21689751099309165,-0.09433835313130541,-0.010220527888364715,-0.0782573946293896,-0.13428318879720266,-0.09466839984429183,-0.16065843835119575,0.08189545322081113,0.11708442755918291,0.3342336551907545,-0.24520096477244246,0.07165546464041167,0.11346903011202196,-0.026429491749602758,0.07964481203857524,-0.0540308668543222,0.028619075376132338,-0.1375756830281815,-0.14601187590746148,-0.10456030351430097,-0.06954882709529463,-0.0026574322123842963,0.21197238399202656,0.31619229496335166,0.07682493978089215,0.1395924686489487,0.17553578447189078,0.049454600557502705,-0.1601028626759958,0.11408030772122715
Rectus_L,0.045554121829550286,-0.21341192110899693,-0.06792104675382661,-0.0002155069320951681,-0.06631312781024452,-0.04211737000702868,0.12069547479486584,-0.007954289494385215,-0.2010414975106127,-0.22107270462404474,-0.15891276452911035,1.0,-0.25078397260884966,0.03655988051542915,-0.04663093062598234,0.15441381072640065,0.21575233824991055,-0.020621566276045413,-0.00572698194710296,0.049749615731672046,0.08264377849150173,0.2424347137742759,0.018836755516642198,0.08678632800051826,-0.1390439639085421,0.05517242804104318,-0.04258513403611384,0.06475243957511957,0.0602010856500159,0.03456026025296467,0.005206681217641551,0.014102730605115098,0.09373746173332385,0.08420844047138872,-0.41743206580427267,-0.09608582481031229,0.2355712001383685,0.07291899903853476,0.014883259406535784,0.22771331342389953,0.16488837516824179,0.11087517105752176,0.11993954086913061,0.05574329985891204,0.02549686419694897,-0.024858198281531046,-0.05590572120434315,-0.22863052156306599,0.1111775682661569,0.09765576184692625,-0.4299289518456327,0.2410259215081558,0.06813413960750178,0.035979678981581574,0.15983902955321982,0.0061027922005074085,0.0960874548642341,0.0758830243811129,-0.07191419850160831,-0.0517797298553826,-0.007446073327463791,0.06805345802985459,-0.22605392272049277,0.0003214211853338095,-0.34726537226739024,-0.14548367824470376,0.1076461429556251,0.18150354404552663,0.1124993566119482,0.016760553250314524,0.07729865485771162
OFCmed_L,0.2961851006034909,0.44442286938139697,0.3296684381095414,0.32924868865972623,0.299367116526049,0.5601975717262935,0.4716727349690023,0.20401040519660357,0.39206460505219387,0.318591144860118,0.209057258478415,-0.25078397260884966,1.0,0.3759978918671186,0.635636411839419,0.19227472056358733,0.47657473088252394,0.1735873632367112,0.0032230279098346064,0.09747376603053055,-0.11021491558590792,-0.024967348718286597,0.2604833425672052,0.2740235728124605,0.23046769971802647,0.2031872215029964,-0.022586509870676674,0.2577642523232775,-0.03301540493397545,0.18101979023922424,0.27183789921216045,0.13375875805252863,0.09649992712678271,0.3228843739899543,0.21878585642509954,0.4944747613506821,0.4614185268463501,-0.11465229740757714,0.2966768562701097,0.07656040433257888,0.35587208072697063,-0.07680814585311674,0.2648656485498583,-0.19748247000846794,0.11419495726506784,0.47305461523850517,0.2679655853385741,0.3204204621841921,-0.10913560672661367,0.1122961146897873,-0.08692803514068605,-0.04242168002486795,0.1227830393454981,0.2453933747612128,0.28004330568424834,0.21988491765715662,0.33779017432743563,0.3009961304988002,0.1162715866593276,0.03324041869140112,0.16747323014775356,0.49678931981857205,-0.08761954429169105,-0.029663778848924897,0.4261435278658185,0.25238863344567786,0.34746046284814786,-0.22133848592888494,-0.03347898679993659,0.0749628741590093,-0.023502484404522832
OFCant_L,0.2350079487952898,0.634145685599885,0.15328496996575955,0.13497347383207128,0.2936486849433723,0.6185792382119034,0.14375636795812358,-0.0017264226968331422,0.32392038297359005,0.45834544458278353,0.25658144213503975,0.03655988051542915,0.3759978918671186,1.0,0.42077722510006016,0.05636646809878893,0.3004864463319811,-0.3532555051823316,-0.37932441098102604,-0.0390708101417072,-0.22787471164573977,-0.02609383057369593,-0.35998016938769645,-0.38106874711558875,-0.380031625302709,-0.27435409091272617,-0.3713565450931953,0.05577920166607884,-0.3033283359610879,-0.30977695418396206,-0.03429342645139469,-0.09076006863129378,-0.2861402686717452,0.1719708636299375,0.0825760538258486,0.3287628268771369,0.3867237129083195,0.018972378470813563,0.10479831885339055,-0.00795237511821437,-0.026518931529205307,0.11162442517734351,-0.3126253787195425,-0.1054269140899694,-0.1421135916378495,0.05138694507482518,-0.319960168104005,-0.23293821448106716,-0.20248371464104917,-0.2506833101496104,-0.06862275718483725,-0.3429300691851972,-0.05803522871967837,-0.0664682010624801,0.04107382686391866,0.11631485298004655,0.13184375587605357,0.09716846294292433,-0.16035983739578896,-0.22942802713085056,-0.22078191139148373,0.007369604871064734,-0.03708320677943614,0.04410700777456148,0.5081444722003566,-0.08119789521527174,0.2571244455304373,-0.13054706296388469,-0.12177300634412894,-0.32189266908581,-0.0919215320947952
OFCpost_L,0.4699972247353684,0.6072551311609814,0.4681265707281823,0.5952395126068154,0.43126624979223704,0.8054278524696604,0.7061847219018095,0.3481404580935562,0.4257461056620076,0.518986346905246,0.07159610227985648,-0.04663093062598234,0.635636411839419,0.42077722510006016,1.0,0.4192416045987465,0.7950426918073509,0.14374265939810177,0.061021901314148294,0.11337154060037014,-0.06755583594111197,0.04681737605105709,0.3539326716643967,0.303386778267633,0.3724780810171201,0.39587658952575594,-0.020800566077925926,0.4255614242535156,0.04313650339955249,0.28756613999265607,0.4222926994010137,0.2652871537697925,0.22891643438924728,0.4951564109172203,0.2109139274173652,0.8066758406588851,0.6588329084451765,-0.026803325171731583,0.4492053309643503,0.39916765773063134,0.5774502754360852,0.204667614976079,0.3421422893273492,-0.256145742294139,0.2962337545204715,0.5827854749592957,0.3828244215924651,0.37293191327099123,-0.08066276806896153,0.11616114424877168,-0.007712206511391846,0.03791520974356025,0.13204861834787734,0.31970171386296553,0.37353270463475446,0.2377188616505951,0.4750045614254526,0.3484856347483616,0.23575053041235455,-0.04201400943586429,0.15281838457639565,0.6269143117654331,-0.01823971230360844,0.0178357568550359,0.6010892174374539,0.36161289667075514,0.47785708577251224,-0.262370098618044,0.075985873367188,0.08260890422420387,0.12464048105027183
OFClat_L,0.3476987044589495,0.03034673517806153,0.5037707952199018,0.3989400235100671,0.26390815136084794,0.3119054674703878,0.6310160233893644,0.4835669111152662,0.49397808226473583,0.1410212010003762,-0.03419388684191968,0.15441381072640065,0.19227472056358733,0.05636646809878893,0.4192416045987465,1.0,0.45253788223050084,0.5373902171099927,0.442360436524811,0.5490853250025475,0.4980885860606603,0.0774448618237338,0.45272006921561625,0.36517353985370704,0.306048517192647,0.25157639221186096,0.34650142153338087,0.4504740051636574,0.2646505861709173,0.5449073064003622,0.37315952893023824,0.08542801922123235,0.4794333946645395,0.44029900510587555,0.1933736148306471,0.46928139046221856,0.39000262321597123,0.3127842779866703,0.6237242776157662,0.46643470618253835,0.43199119633558863,0.07234600778567092,0.48692466994053973,-0.07967637196399299,-0.09135160312682551,0.5230361959832273,0.4811733295562506,0.07621375375329102,0.3605030698606748,0.5920847872851797,0.15136376083074854,0.5153226217835297,0.3637233046507622,0.6061891493387155,0.4864234713833183,0.45452750802022013,0.3486293367595778,0.584492021504768,0.24536777343541502,0.30282451846201736,0.3802349312720658,0.486655144069289,-0.09898633565238917,-0.11994764573854538,0.226803724897631,0.4233632330240961,0.19214360657513424,0.32279891420423085,0.3698944437634242,0.37576356687216417,0.4085178905744061
Insula_L,0.6874112839412381,0.5176749726111975,0.6322377352019367,0.7641885180016531,0.646161245932627,0.7483667319319495,0.8057584231592069,0.5818088595796668,0.3618167413014959,0.5655892310270126,0.055205527953333895,0.21575233824991055,0.47657473088252394,0.3004864463319811,0.7950426918073509,0.45253788223050084,1.0,0.3664620689365404,0.26601432761848237,0.25578614442421627,0.1344239913395879,0.01679857537385048,0.49307481837089345,0.39933845160950837,0.4164319394331687,0.4553753793681077,0.08380127427526059,0.6557936362199581,0.28986065861669247,0.4993918975313519,0.6208480158100256,0.4455462151425976,0.47607328330215515,0.7148645359928351,0.3017623573435122,0.8529953811472061,0.7392819751646679,0.2308631576826277,0.5935250979123057,0.5006683613381717,0.7336249124494951,0.16310497552686473,0.48683883113999543,-0.1531159825878902,0.34185543469494145,0.6008104832925161,0.4937503373010261,0.3324925991868097,0.10233086855033505,0.32799161732626164,-0.07617825043190661,0.2846365204112924,0.3882957850195938,0.5263981703561583,0.48709997713619496,0.5130183716656862,0.7256285220463814,0.3968928283336368,0.21655055545767066,-0.022656232462618903,0.2984789463454032,0.620900056233756,0.04107539322863441,0.022584440067463844,0.4096627749017611,0.4712835991385476,0.49445205029081246,-0.011824539253457863,0.2868798753857067,0.2707810358499643,0.2882779526335993
Cingulate_Mid_L,0.5742877388006135,-0.03337348381147551,0.7530350568795361,0.5613524606478566,0.5183554852825133,0.16692596898465595,0.5846780500687191,0.7643681435877846,0.39896341605238267,0.23617377887173485,0.0365545121353065,-0.020621566276045413,0.1735873632367112,-0.3532555051823316,0.14374265939810177,0.5373902171099927,0.3664620689365404,1.0,0.8645268856200703,0.6525081780815312,0.7013552986595244,-0.040683512420438564,0.6329833378484657,0.5502036036437827,0.5854869860082029,0.3398068267370183,0.5675373396458507,0.7470327058662326,0.6460057769236398,0.8798074024379149,0.6769265389795411,0.4018243567782344,0.8265935497927801,0.6408282306759598,0.5374463116851417,0.36624362113474596,0.17176974515688417,0.5784071028621677,0.7344500080153548,0.3253015688397721,0.4648274027300165,-0.08384991469759569,0.5779992600840833,0.1104509771658701,0.023753241233358688,0.43039875215646123,0.6895504176230206,0.36027062976168317,0.4452198043933932,0.7738918297299427,0.33898447891113265,0.6901939827283039,0.5744918582760977,0.7573838816008773,0.567109780924579,0.6335799508408274,0.44031011716192614,0.5480850006218327,0.4064485773727431,0.5247011753616696,0.6597154005777288,0.46133413032612913,0.22370475363976672,-0.0942303787576674,0.07590499633114632,0.7610166966908705,0.21885132773487617,0.40561841507364155,0.6046514856307672,0.6797272588086698,0.5479328999989485
Cingulate_Post_L,0.502438071774888,-0.06030191815152946,0.6797988480450434,0.5361434455964686,0.44009690883840646,0.08840781796228728,0.41368009680393925,0.6844059512467299,0.2531642912376882,0.24897719919060454,0.012144761213581295,-0.00572698194710296,0.0032230279098346064,-0.37932441098102604,0.061021901314148294,0.442360436524811,0.26601432761848237,0.8645268856200703,1.0,0.465219944734958,0.6511103306372755,-0.019242355932795423,0.5199817392182899,0.573938637137502,0.6405993544260966,0.42519062044696687,0.5116657989444356,0.6746787468401242,0.7619790734549431,0.872774391013138,0.6989671990010764,0.5660459969001367,0.8581871246220069,0.5619364695581305,0.45553899975096546,0.27020951509771696,-0.04165829082641483,0.550653145264345,0.6109296954732555,0.26090929967724413,0.42155384129535517,0.006388818262002576,0.4594826193500767,0.13663625542951002,0.055728349845845356,0.28785469589716267,0.5990153694553358,0.4281151210373152,0.32073650806138937,0.6628416494779498,0.40350035871047407,0.662556622579382,0.4742966759009147,0.6536903661495288,0.42845960288330714,0.5133091721154901,0.34293390825486453,0.36934094511858834,0.3401221114996592,0.47542939192127337,0.6016649957698014,0.33767135993157055,0.36861472322845884,-0.06335305727967305,0.05569094650961442,0.7474307813968044,0.10518870423978455,0.23016738450576021,0.5130602059456166,0.6535930486200775,0.4036610512833959
Hippocampus_L,0.3646082514604142,0.0573436450013521,0.5749355165662537,0.20864189923989074,0.3614984280705589,0.24327368363105256,0.4908999271265234,0.508015963791926,0.5078630159030312,0.1478037598592605,0.10683451783554866,0.049749615731672046,0.09747376603053055,-0.0390708101417072,0.11337154060037014,0.5490853250025475,0.25578614442421627,0.6525081780815312,0.465219944734958,1.0,0.7790026610219526,-0.11864552652764204,0.3718071827197299,0.1327685382228547,0.13054256001365613,-0.12066451560865352,0.5406964758069764,0.48686402182075106,0.10723770759130867,0.4370911152498095,0.2785183351699631,-0.08886838048211751,0.3776623688512163,0.38913785069789186,0.4503905726369056,0.29898743955029633,0.3431762647783732,0.5911886864905992,0.720597144848466,0.19265473409687156,0.20389743996799986,-0.16393343163224772,0.31145592119889315,0.16178628157767572,-0.3334954957063653,0.35083799775771546,0.42643182225728066,-0.16069370829827867,0.39153811742404837,0.5043082689823822,0.31386730210894054,0.6030045502080075,0.633854771290169,0.6737363150835094,0.6388379234583977,0.6236075719970823,0.3000053702569714,0.703547111158455,0.39477289782544955,0.5642277907804552,0.6049253311023617,0.45415647200836123,-0.09776333116690702,-0.21792905701923646,0.19222287572580735,0.538304705215658,0.18548625389501538,0.6868642907626613,0.692626459536143,0.4996387965046756,0.6794490052554959
ParaHippocampal_L,0.4324798695028102,-0.11561710379979673,0.57175130659979,0.25533830357230325,0.32109767289386165,-0.004383803808833705,0.3676959079857283,0.6145816198976395,0.37579230631790944,0.13946773686036176,0.12650660311363926,0.08264377849150173,-0.11021491558590792,-0.22787471164573977,-0.06755583594111197,0.4980885860606603,0.1344239913395879,0.7013552986595244,0.6511103306372755,0.7790026610219526,1.0,-0.07906635193328114,0.32196818655754483,0.18714282923664907,0.19078128183954104,-0.04088927386527958,0.5806688917492805,0.5677049596570688,0.4141532653042602,0.5643691294495311,0.40950929416459103,0.10463874066071059,0.5824223507874365,0.46924627928954815,0.34483276990706496,0.17333935314728188,0.05839627654150535,0.5911179553455946,0.6439138616466717,0.3282551278356969,0.20090817119822585,0.007851602845380846,0.32059825082416776,0.26602163299501863,-0.23197686234467468,0.2540427311749581,0.41686953464292625,-0.12550731402823478,0.5375366935891711,0.6712547694973753,0.4509531538975121,0.6462463039264034,0.5259946682178732,0.642162318920921,0.5140295459802967,0.5382451488396387,0.2014230489297719,0.476530609298427,0.2675827291609561,0.4527998388790252,0.4487800025554545,0.2901559859303139,-0.04723441403615317,-0.18766429609055332,0.09497845221304317,0.5888075331668386,-0.010740306782887274,0.6125423226741616,0.6249368578335357,0.44440768586809565,0.6505946439010896
Amygdala_L,-0.10608737904678829,-0.19061981811028067,-0.15052283098117117,-0.04306491023749418,-0.17569403643646803,-0.06462115095035778,-0.0757629098482504,-0.1406609596293013,-0.18089022235927904,-0.28708968767975807,-0.30980449950086897,0.2424347137742759,-0.024967348718286597,-0.02609383057369593,0.04681737605105709,0.0774448618237338,0.01679857537385048,-0.040683512420438564,-0.019242355932795423,-0.11864552652764204,-0.07906635193328114,1.0,-0.00760208565438716,0.07345232417255504,-0.020490702705678158,0.19250306152997396,0.11574930792998213,-0.08749564851394316,0.07085534824197649,0.0314096662995881,0.014152648753464475,0.09550179633319357,0.051776345734381383,-0.06424789881944835,-0.3217945336451822,-0.13400691764592698,0.02573970894170304,-0.06809890582771513,-0.08807005757944861,0.1199814302856423,0.0852224269870246,-0.12565930958626653,0.05022474622623973,0.21369216946353914,0.1940137974543303,-0.031445626470169644,-0.10528843931291229,0.1107391988435989,0.054427135741438544,-0.04420716935691073,-0.2523665571804147,0.03124854492877994,-0.18204703570334832,-0.12558066778334856,-0.00824945905539795,-0.14249478665980875,-0.03768242754463656,-0.016946234762461085,0.08983102291332157,0.07579056174364915,-0.07746078623585699,-0.047414582910888736,0.07107215554679687,-0.018991797798897647,-0.1949620593086479,-0.15751928464615586,0.04195291917381654,-0.17458426688520148,0.05153259817282859,-0.04952957651081482,-0.0130960077530115
Calcarine_L,0.3324094494078741,-0.17576198744627577,0.4454151300924302,0.5800923382521116,0.3175492257525393,0.13244130703092935,0.7262431532982683,0.47020801287336705,0.2402876480497639,0.02331330798383149,-0.1953124369036094,0.018836755516642198,0.2604833425672052,-0.35998016938769645,0.3539326716643967,0.45272006921561625,0.49307481837089345,0.6329833378484657,0.5199817392182899,0.3718071827197299,0.32196818655754483,-0.00760208565438716,1.0,0.7597944025836123,0.7573272582338126,0.6829795092196537,0.3616776619792718,0.4930915451090602,0.3371115155705489,0.673149510299152,0.5516041523093336,0.31972384685454175,0.6178421377612476,0.4506572245541027,0.2870392189808513,0.44960932503246465,0.30212400355134217,0.09273968974474849,0.5693580014248563,0.2887663848553649,0.7773653190234702,0.020857175642235107,0.8187377482018093,-0.3042198386219666,0.17570632852121562,0.7654755587420947,0.8874735487994427,0.5021796797614464,0.17539284369037936,0.5924030934905578,-0.015248950823089321,0.5648872638315925,0.49300556817681984,0.5788125561545838,0.3797648794232595,0.45189920072433853,0.4850001597511305,0.4377467381630722,0.3538126248574199,0.27549585895359513,0.5289192307518641,0.6665994056165072,-0.03528424935255974,-0.1863331317923933,-0.09433651443206295,0.4322065954794283,0.15651131666794074,0.11550679723580691,0.1837906753620833,0.5648089324656483,0.2572609815851704
Cuneus_L,0.21193597354002133,-0.1475251816794788,0.3298856929456718,0.449672385976901,0.12043383300652004,0.05968602141100148,0.530778021396934,0.33492610541355916,0.0971252318333948,-0.023439061959077422,-0.17790253577735224,0.08678632800051826,0.2740235728124605,-0.38106874711558875,0.303386778267633,0.36517353985370704,0.39933845160950837,0.5502036036437827,0.573938637137502,0.1327685382228547,0.18714282923664907,0.07345232417255504,0.7597944025836123,1.0,0.7724585929318543,0.7907019376135765,0.22158771864166352,0.37021607651736405,0.3904175749112469,0.6410938627175604,0.4442470575247854,0.41082921812570444,0.5647424098233841,0.33676378029671494,0.14205980892293482,0.2977875296852597,0.10457600154919568,-0.05036329542071949,0.3007006547575186,0.21909640469357683,0.6466400949468463,0.16538171717542186,0.7083259163282265,-0.3460935793122382,0.22060348698793353,0.6044196190082759,0.7965252343159682,0.6803387776758811,0.051997318303945536,0.4659765819582465,-0.13002114719807897,0.4449418178832934,0.2556302963760353,0.39213406838021775,0.2644664832796683,0.2284426155897228,0.37921106613388256,0.3078388537049368,0.32296662180063157,0.259148755167544,0.48433269263421436,0.6393930903032453,0.05920307141882296,-0.08967668209884377,-0.1652321525888759,0.37769193877598234,0.09358716347950626,-0.13813387388089016,0.02643084170016919,0.45520823095899265,0.004219695142093918
Lingual_L,0.33101651793066944,0.04002107467384316,0.48335269213920956,0.6591684484065911,0.38453678549405235,0.21901949179683844,0.5406153825349417,0.4528049699834228,0.17558599446486864,0.24595087520810296,-0.09639269453387866,-0.1390439639085421,0.23046769971802647,-0.380031625302709,0.3724780810171201,0.306048517192647,0.4164319394331687,0.5854869860082029,0.6405993544260966,0.13054256001365613,0.19078128183954104,-0.020490702705678158,0.7573272582338126,0.7724585929318543,1.0,0.7760565633815507,0.29698533302960844,0.48379359943828065,0.48964356537986037,0.7349913347953856,0.5793954785651277,0.5136353485104439,0.6371621410812968,0.42360429081477957,0.43410870648547506,0.4027531425663319,0.08680609580979043,0.02315856917987638,0.3763809576392341,0.18690827681276165,0.5862552968667086,0.11953632268607124,0.6401178402171606,-0.25763075618043546,0.2770568105490356,0.5332671811521266,0.8592658218272904,0.8282517889084242,-0.07341782519323305,0.41253686724809585,0.1525303868897376,0.48672880654868605,0.4200190815332433,0.4700040325318857,0.2506008197302792,0.33307641808101196,0.42199123298630403,0.29577798698503793,0.3802620522920803,0.29424655980467745,0.5688609172820221,0.5102619142758366,0.31505882795792717,0.020164383299131245,0.03076096397632787,0.5605078517859532,0.21755048424860238,-0.1717120316546552,0.1381503450438811,0.5884697571348805,0.06267161600024589
Occipital_Mid_L,0.24446668209338185,-0.08704193158400475,0.24382682281227566,0.6060128491342727,0.1583505097396063,0.1853253114956675,0.4909428184657882,0.27687180239871545,0.03843769764828286,0.0447322927064042,-0.24365936074236388,0.05517242804104318,0.2031872215029964,-0.27435409091272617,0.39587658952575594,0.25157639221186096,0.4553753793681077,0.3398068267370183,0.42519062044696687,-0.12066451560865352,-0.04088927386527958,0.19250306152997396,0.6829795092196537,0.7907019376135765,0.7760565633815507,1.0,0.21389308418371553,0.3482909401981888,0.488740447628996,0.6044315158274294,0.5299090795040857,0.6477559681092699,0.5674051391273676,0.307720552149071,0.07899065519924282,0.3705270894247108,0.14276368199225317,-0.14695780930906793,0.23889160253709504,0.22626746893123914,0.7219670645279516,0.2340901702991879,0.615520211020331,-0.21506592987511675,0.5089424095565273,0.5565713581195904,0.6580758738246574,0.7732503501649488,0.017349170720346727,0.2815235028173622,-0.14065720105940008,0.29838738691141387,0.04702059972245749,0.23680045811712652,0.19077332898263566,0.10066797246964718,0.3978452619593749,0.1775755262080902,0.28664392826061286,0.10503542977291454,0.25787789336845957,0.47992858840083413,0.1704515535061685,-0.04874192536543127,-0.10070478732624924,0.3154325152648131,0.152491379730022,-0.3554747287300081,-0.0747898644732224,0.297064429481366,-0.08457210902195546
Fusiform_L,0.22174120475957143,-0.3056169112213505,0.28572853701919726,0.17860692240458922,0.13404276247028488,-0.021023447063669886,0.2613672992903017,0.35500485134235715,0.25741038507214525,-0.1338080048142773,-0.056456826149298096,-0.04258513403611384,-0.022586509870676674,-0.3713565450931953,-0.020800566077925926,0.34650142153338087,0.08380127427526059,0.5675373396458507,0.5116657989444356,0.5406964758069764,0.5806688917492805,0.11574930792998213,0.3616776619792718,0.22158771864166352,0.29698533302960844,0.21389308418371553,1.0,0.3461413297950783,0.41376731881247203,0.5771724033441511,0.3838032382645487,0.29930364609739923,0.4932491348942997,0.23094893479196174,0.1979452908808722,0.18980119924574398,0.09961533290731181,0.35816348146202653,0.5369712608871239,0.3067560896544454,0.34123457376012617,-0.2263213534861597,0.5368503949849363,0.6172247953160769,0.244128970120665,0.2695770387430303,0.34188309513929965,0.15303597071548702,0.5936142970659483,0.45333843219695985,0.3600769384340496,0.49276826752249414,0.2570900577108804,0.43592956762113927,0.4314740575033194,0.254698067529469,0.15977460037194582,0.40888014921270766,0.22994158490497094,0.3730831497978659,0.25396559850213735,0.2170598294180504,-0.008032854643374377,-0.26514047032796867,0.012533725655399555,0.42432041398120135,0.11041383526977071,0.3523359231126518,0.5968579321062973,0.36826348408193194,0.5222468475255145
Postcentral_L,0.95536914169362,0.35951763346200954,0.9024408323797416,0.8590479653140198,0.8290125603847466,0.5035465364541921,0.7269030585558467,0.949936864112165,0.45851247358244673,0.6323509941720216,0.2145763113296151,0.06475243957511957,0.2577642523232775,0.05577920166607884,0.4255614242535156,0.4504740051636574,0.6557936362199581,0.7470327058662326,0.6746787468401242,0.48686402182075106,0.5677049596570688,-0.08749564851394316,0.4930915451090602,0.37021607651736405,0.48379359943828065,0.3482909401981888,0.3461413297950783,1.0,0.6862344544563169,0.794552824562847,0.8901643417679801,0.629769459316794,0.8327786949774937,0.9584472504421605,0.5209269813829976,0.6300845552451282,0.359446651575402,0.6056791684758792,0.8079439418159811,0.49526734317965093,0.6195040917626147,0.1893805647438895,0.4838996463123156,0.12653166350333322,0.2724831528336135,0.46974907555162027,0.5609886583068426,0.31304386005875107,0.41280745380722245,0.6806934877759271,0.3256134928059974,0.45344661939541187,0.48120328052470496,0.6827425541310823,0.5523389485124529,0.6402747606776741,0.5976051807600811,0.419308896911429,0.2485384084842675,0.19396912367780883,0.39006099879290573,0.43613298745347306,0.26301070874460536,-0.002203856563181002,0.33197182045440243,0.7538452366351004,0.36803590519687834,0.2511585838175037,0.5074658534035085,0.4340259353268488,0.5024123454814641
Parietal_Sup_L,0.6045302727247518,-0.04905363468164558,0.5800918410541671,0.6110685059397569,0.4742260878949879,0.037316953490343474,0.3128118013020897,0.7192362629833873,0.1066145767351182,0.30804613400833214,0.07352979556968357,0.0602010856500159,-0.03301540493397545,-0.3033283359610879,0.04313650339955249,0.2646505861709173,0.28986065861669247,0.6460057769236398,0.7619790734549431,0.10723770759130867,0.4141532653042602,0.07085534824197649,0.3371115155705489,0.3904175749112469,0.48964356537986037,0.488740447628996,0.41376731881247203,0.6862344544563169,1.0,0.8124603740592987,0.7637676068989889,0.8269566525530848,0.8884753093145369,0.6073721770137395,0.2686771720483578,0.28099049040033935,-0.02828334084572362,0.40847355864334356,0.46470056227695095,0.4026525959925846,0.44489000298275727,0.09077291859676072,0.37523472967325183,0.31625991912262874,0.406059127022661,0.1559598502881652,0.3548943288520927,0.37891348542928055,0.4796929091482089,0.6194126349735484,0.2651257426173714,0.39308584496564597,0.18429072846172173,0.4627319748750212,0.28121821547447995,0.35102182738029075,0.34981640783777773,0.08719413948021235,0.06093922295974177,0.10255851158083114,0.18384245882357675,0.07638340395487164,0.37867622926891875,0.046022950243096584,-0.02543283129091378,0.5558383498072003,0.1469608718628819,0.08174033300398068,0.3267847744414673,0.3760352905481623,0.32238213117154735
Parietal_Inf_L,0.6462016763914462,-0.009292171784099855,0.7369499205614659,0.7329515291522796,0.5472647536655243,0.24351290212081161,0.6425221671756512,0.7844173326622873,0.31475369317593693,0.30895341046495794,-0.018904438286297426,0.03456026025296467,0.18101979023922424,-0.30977695418396206,0.28756613999265607,0.5449073064003622,0.4993918975313519,0.8798074024379149,0.872774391013138,0.4370911152498095,0.5643691294495311,0.0314096662995881,0.673149510299152,0.6410938627175604,0.7349913347953856,0.6044315158274294,0.5771724033441511,0.794552824562847,0.8124603740592987,1.0,0.8294702585865595,0.6853178204019458,0.9159006831323614,0.7108601079323884,0.4630249803833137,0.4958110164363765,0.21576491928498104,0.4682270559164347,0.7310084145664699,0.3999955060102398,0.6608817648630191,0.01938355493225763,0.6594677645833754,0.13350373450388783,0.2768636962690632,0.5184936517982869,0.7236202629208691,0.5374924912098017,0.42221224245420125,0.738309381077814,0.2511871053496823,0.6489272772932234,0.44864626520866563,0.7241325906754685,0.5363753041169819,0.5814242043995369,0.549800876616009,0.45516609872036123,0.36036401572027565,0.3818418226449212,0.5364080572986143,0.48297845905668696,0.29523255416834426,-0.09272325163597574,0.06747322292976014,0.7710008822055586,0.23150209196725205,0.18016710663546218,0.4864137453833844,0.6526908875140564,0.4354059731254846
SupraMarginal_L,0.8450308827724383,0.18742143821494822,0.754800382058744,0.8575906398295198,0.7117378647125863,0.4218773203295094,0.6696954831432376,0.8270520586217973,0.3187947819604679,0.49015443891553495,0.08158942869951258,0.005206681217641551,0.27183789921216045,-0.03429342645139469,0.4222926994010137,0.37315952893023824,0.6208480158100256,0.6769265389795411,0.6989671990010764,0.2785183351699631,0.40950929416459103,0.014152648753464475,0.5516041523093336,0.4442470575247854,0.5793954785651277,0.5299090795040857,0.3838032382645487,0.8901643417679801,0.7637676068989889,0.8294702585865595,1.0,0.8037688460898528,0.8555931393270327,0.8588367634564625,0.39077406714252466,0.5926069422643515,0.2710349361080373,0.4883495939682271,0.7300579948694755,0.4639539602407572,0.7095050842199795,0.08454224987626091,0.5315474039512301,0.1685290356791761,0.4250949852217892,0.4705723706052658,0.5309585354173151,0.43130390141889274,0.35234583972084216,0.6217914293819053,0.23189707287903427,0.38487813049286135,0.3227211640166701,0.5776949990037283,0.4402130400285275,0.5204442677795839,0.5282144379081668,0.2662303609249017,0.1610564999805604,0.07358556378913751,0.27762339532067515,0.371095608234189,0.28910425476868146,-0.02807841232268184,0.2459341690532791,0.6782785378436804,0.26352751803040264,0.0962055287717006,0.36524281451417173,0.426887613178201,0.38847845949349835
Angular_L,0.6176103281262155,0.11930472682229087,0.4784215291358013,0.6782220076942707,0.4663255929812564,0.27201191968377525,0.33353708206104965,0.5772243143570354,0.03960858645008991,0.3663301115524404,0.05099038450614121,0.014102730605115098,0.13375875805252863,-0.09076006863129378,0.2652871537697925,0.08542801922123235,0.4455462151425976,0.4018243567782344,0.5660459969001367,-0.08886838048211751,0.10463874066071059,0.09550179633319357,0.31972384685454175,0.41082921812570444,0.5136353485104439,0.6477559681092699,0.29930364609739923,0.629769459316794,0.8269566525530848,0.6853178204019458,0.8037688460898528,1.0,0.7308165181355396,0.5900247103984405,0.19416193647031293,0.39706006769359403,0.071622992584342,0.2916803202561147,0.3847332082099682,0.33602175134977563,0.5849352822855687,0.1389330509116283,0.36109086270919877,0.26988900157232387,0.6431909302127712,0.2217591222625629,0.29866401869015047,0.5378410586355695,0.20909241138944598,0.31901078479670847,0.10193901169944168,0.18286792371565394,0.04212386962430902,0.27898166104655475,0.21098691454425367,0.2120141039404416,0.3992438958038093,-0.006527565584037162,0.06765037111404468,-0.056513260146609595,0.0557960701101981,0.13465585332964788,0.4101532303916252,0.007881923832322599,0.0674003602966463,0.45796571722704826,0.20492546704588463,-0.19107514967299297,0.16849650964175047,0.21248475203471262,0.13035183943028208
Precuneus_L,0.701775641072816,-0.013379697576747044,0.7533735508266244,0.7549200101739983,0.5931153096824127,0.18305620500969394,0.5917564737733241,0.8280159612228066,0.2913951319523554,0.3242110012395663,0.025981312792937222,0.09373746173332385,0.09649992712678271,-0.2861402686717452,0.22891643438924728,0.4794333946645395,0.47607328330215515,0.8265935497927801,0.8581871246220069,0.3776623688512163,0.5824223507874365,0.051776345734381383,0.6178421377612476,0.5647424098233841,0.6371621410812968,0.5674051391273676,0.4932491348942997,0.8327786949774937,0.8884753093145369,0.9159006831323614,0.8555931393270327,0.7308165181355396,1.0,0.7515176044899763,0.37979030067965425,0.4244001022637245,0.13611434450618387,0.5025348145824972,0.6859935450303883,0.49617977725456575,0.6322180720418832,0.12048663611403711,0.5951375911178652,0.16859858539647174,0.29253407046083924,0.4215780871696625,0.632189412973951,0.43334354371106254,0.4723962173029695,0.7716008965648521,0.3112423855441671,0.6091496846989704,0.4241495228890553,0.664994213765053,0.461447554784171,0.5282797527564802,0.47983506513538715,0.3543496556046414,0.22894006864712768,0.27720012138538686,0.4322202046898031,0.353363099123457,0.30583543921877965,-0.037053967062594034,0.06752039613461788,0.6833499272630925,0.24992886526710148,0.19599594694217326,0.4591767930991306,0.5481658663855197,0.45348206307470523
Paracentral_Lobule_L,0.9606706531534798,0.4090904308564963,0.8527924684687638,0.8551378472129553,0.8168074233993919,0.5456177500736874,0.7471414346202327,0.9096541095738871,0.44799975916982165,0.6506606445298323,0.25080967229951473,0.08420844047138872,0.3228843739899543,0.1719708636299375,0.4951564109172203,0.44029900510587555,0.7148645359928351,0.6408282306759598,0.5619364695581305,0.38913785069789186,0.46924627928954815,-0.06424789881944835,0.4506572245541027,0.33676378029671494,0.42360429081477957,0.307720552149071,0.23094893479196174,0.9584472504421605,0.6073721770137395,0.7108601079323884,0.8588367634564625,0.5900247103984405,0.7515176044899763,1.0,0.44661765136278186,0.6726858990437726,0.40070695422744945,0.5391721063861815,0.7621624588919349,0.5225307521492029,0.6312467661037046,0.22290338626989206,0.479402597231172,0.05556089455425604,0.2679815224381508,0.47793896829879867,0.5111742796843056,0.2765506973831611,0.3634564617878793,0.6331428219531683,0.2605536446574419,0.34033717104152306,0.43415470873001377,0.6411968260257652,0.49006205430025307,0.6234304159930767,0.6065772711734583,0.37093389901754303,0.14652853910861185,0.06268334821308533,0.28751036978908334,0.4305789505264245,0.203404933384016,0.060045475611201875,0.3529445064022456,0.6657799919047734,0.3720737846835863,0.21296876415464439,0.42181238050743763,0.3540111392888884,0.4584182825627039
Caudate_L,0.4813202724716381,0.50137951586286,0.6818167389179338,0.5024595242944737,0.69037897401813,0.42305633084766114,0.3410375279585464,0.5482838980843558,0.4299792692626851,0.6404690425211824,0.08642208553768507,-0.41743206580427267,0.21878585642509954,0.0825760538258486,0.2109139274173652,0.1933736148306471,0.3017623573435122,0.5374463116851417,0.45553899975096546,0.4503905726369056,0.34483276990706496,-0.3217945336451822,0.2870392189808513,0.14205980892293482,0.43410870648547506,0.07899065519924282,0.1979452908808722,0.5209269813829976,0.2686771720483578,0.4630249803833137,0.39077406714252466,0.19416193647031293,0.37979030067965425,0.44661765136278186,1.0,0.4679457925557226,0.1634093274003788,0.38218346293653793,0.4750760943235358,-0.012182335717761627,0.14795314492767767,-0.08480997503310515,0.1111028053948093,-0.05820065275331481,-0.12286111897935117,0.32295804555994323,0.47451826119855806,0.3246096899669167,0.0565699736358631,0.2881287357613812,0.4655534046283203,0.3701298775800245,0.589307998402095,0.5303570646709937,0.3557487574574219,0.6255379350560376,0.4808374287555895,0.42552239704889233,0.3512584854836967,0.42893697081748566,0.596080160001423,0.27249572052668164,0.4558223521997856,-0.04564722583634295,0.37771481369066445,0.7044448822945988,0.25656395021675665,0.1401421637001532,0.3919127199034406,0.4784795981054269,0.2650367879155023
Putamen_L,0.670522092209873,0.5861546850378924,0.6515771744217492,0.7263723339605197,0.6391263815523078,0.7385538323585905,0.7779996331186324,0.6021821715756048,0.4624535645889462,0.656205978205332,0.1285064532056294,-0.09608582481031229,0.4944747613506821,0.3287628268771369,0.8066758406588851,0.46928139046221856,0.8529953811472061,0.36624362113474596,0.27020951509771696,0.29898743955029633,0.17333935314728188,-0.13400691764592698,0.44960932503246465,0.2977875296852597,0.4027531425663319,0.3705270894247108,0.18980119924574398,0.6300845552451282,0.28099049040033935,0.4958110164363765,0.5926069422643515,0.39706006769359403,0.4244001022637245,0.6726858990437726,0.4679457925557226,1.0,0.7004526510438783,0.17652315050730993,0.653184937600524,0.43039815165010825,0.6580741556787933,0.15026085781738122,0.43954037068594326,-0.10957135538032417,0.2983839132214367,0.6521669227102626,0.4786902884928173,0.31766522285119203,0.18966160077717392,0.34498378942590247,0.14257003723713524,0.19299319031277218,0.3238070464564297,0.573504859952205,0.502621382450938,0.5429959106005515,0.6899180555382397,0.4293027700021959,0.22775379906122997,-0.01919169200023948,0.25129245487616275,0.6261449382874755,0.03539602293757185,-0.0365916270651652,0.5514662945759935,0.5725065246096701,0.39248979524781236,-0.013663063944636095,0.26796097780257994,0.20306166577725507,0.3336985301663497
Pallidum_L,0.399431032930573,0.4168327264350687,0.38098799919822557,0.43122058427716475,0.45232025178380103,0.6542790144953489,0.6376777538290479,0.29005330834106285,0.4197633530454054,0.31997906718187435,0.04835626844396462,0.2355712001383685,0.4614185268463501,0.3867237129083195,0.6588329084451765,0.39000262321597123,0.7392819751646679,0.17176974515688417,-0.04165829082641483,0.3431762647783732,0.05839627654150535,0.02573970894170304,0.30212400355134217,0.10457600154919568,0.08680609580979043,0.14276368199225317,0.09961533290731181,0.359446651575402,-0.02828334084572362,0.21576491928498104,0.2710349361080373,0.071622992584342,0.13611434450618387,0.40070695422744945,0.1634093274003788,0.7004526510438783,1.0,0.10905578261021204,0.5227445565341083,0.27114372497469935,0.5166253179157136,-0.05775390998434982,0.3124922775878418,-0.053146277716573584,0.164803232206901,0.4840657729108494,0.23008493005724664,0.043127192657924876,0.16180492467304222,0.17834017505443653,-0.22078155468808455,0.176295848133124,0.307728396151558,0.4109971764745736,0.47612074021486434,0.43800642098675685,0.6425497334020199,0.4753624713655724,0.18474171672760412,0.0015242891030180772,0.18179510230199636,0.4851356059199708,-0.17290128872238578,-0.16452503839545712,0.2977635938775884,0.20978661737116888,0.5011804588170118,0.10218079213946532,0.2719861134350367,0.06807230773484206,0.3025568729656236
Heschl_L,0.5581131025520567,0.10189437744747962,0.6207155107195755,0.3354882273622921,0.5242000299808431,0.24759242249934407,0.2767975892117759,0.6113613784312331,0.2442252995024473,0.2833918969500046,0.17875451176135485,0.07291899903853476,-0.11465229740757714,0.018972378470813563,-0.026803325171731583,0.3127842779866703,0.2308631576826277,0.5784071028621677,0.550653145264345,0.5911886864905992,0.5911179553455946,-0.06809890582771513,0.09273968974474849,-0.05036329542071949,0.02315856917987638,-0.14695780930906793,0.35816348146202653,0.6056791684758792,0.40847355864334356,0.4682270559164347,0.4883495939682271,0.2916803202561147,0.5025348145824972,0.5391721063861815,0.38218346293653793,0.17652315050730993,0.10905578261021204,1.0,0.616220942044695,0.21832736925009225,0.12935505597248578,-0.10926933048448566,0.07640112946619321,0.3612799651294631,-0.05860000565012936,0.006291934698572694,0.1137535583763234,-0.1473237010461994,0.3336877640097451,0.4203213474801768,0.3536199189832711,0.3887600528656706,0.39440693612311123,0.4709580721467698,0.39812705883774274,0.520113363738978,0.23206615429829552,0.3289997563229107,0.23914148953240455,0.39831316384693605,0.32945971753949943,0.031623244955863404,0.3326942597359684,-0.1459206553162456,0.22685476456203155,0.48511545192860905,0.1297294637633957,0.5328294915294362,0.6466294610531405,0.3690937682864496,0.5661635033735748
Temporal_Sup_L,0.7364170051086433,0.20823650627461618,0.7955578869171417,0.6707197162786814,0.6567805741942597,0.49229775080998744,0.7677493388415405,0.7954003229376291,0.5681376589901381,0.42336488440385805,0.14287315984023113,0.014883259406535784,0.2966768562701097,0.10479831885339055,0.4492053309643503,0.6237242776157662,0.5935250979123057,0.7344500080153548,0.6109296954732555,0.720597144848466,0.6439138616466717,-0.08807005757944861,0.5693580014248563,0.3007006547575186,0.3763809576392341,0.23889160253709504,0.5369712608871239,0.8079439418159811,0.46470056227695095,0.7310084145664699,0.7300579948694755,0.3847332082099682,0.6859935450303883,0.7621624588919349,0.4750760943235358,0.653184937600524,0.5227445565341083,0.616220942044695,1.0,0.36181739330656687,0.6340274694760066,-0.06545435930986239,0.526997683652014,0.1302236697720134,0.07317789442264842,0.6085086840950857,0.5582303473885591,0.11564656616651034,0.4960730330246387,0.703079862173406,0.3360909274141155,0.5004259403248045,0.5150206558242797,0.7698009825535991,0.6664707026438295,0.6968447390439838,0.5399232561508092,0.6484040646618949,0.33391896817417516,0.3375672684593439,0.42513564975047125,0.5340525856701314,0.08999207738606695,-0.23125659194796278,0.3632927236426512,0.7014777572677516,0.29631762821565233,0.42131483669445124,0.5779056660971476,0.4910608527671006,0.6228072272573405
Temporal_Pole_Sup_L,0.46839005793004745,0.08424478593035374,0.3729104900135789,0.39895780428708055,0.29898118015647696,0.24653230327868642,0.45605594584983955,0.476566819661722,0.3138561021550496,0.23163926963271736,0.03244004272214089,0.22771331342389953,0.07656040433257888,-0.00795237511821437,0.39916765773063134,0.46643470618253835,0.5006683613381717,0.3253015688397721,0.26090929967724413,0.19265473409687156,0.3282551278356969,0.1199814302856423,0.2887663848553649,0.21909640469357683,0.18690827681276165,0.22626746893123914,0.3067560896544454,0.49526734317965093,0.4026525959925846,0.3999955060102398,0.4639539602407572,0.33602175134977563,0.49617977725456575,0.5225307521492029,-0.012182335717761627,0.43039815165010825,0.27114372497469935,0.21832736925009225,0.36181739330656687,1.0,0.4352951729406052,0.36960092585739257,0.4615134531195309,0.18626070320410237,0.35425368450799394,0.25426791936560283,0.25206730430349056,0.06958345565077424,0.38401320694097285,0.39140703640984514,0.1718947074355423,0.331590112489739,0.16267788720553913,0.3023503521249786,0.21052601167308058,0.12985160149983827,0.315258410781917,0.17367320893206678,-0.04107618265287869,-0.15287710393134804,-0.03275106485253872,0.22317630112070322,-0.08595676422603034,-0.007001325322997441,0.23141957341910033,0.24455996419589832,0.4433483054915519,0.17607111401415823,0.33565084557012764,0.08168722405978555,0.44078656056372334
Temporal_Mid_L,0.562516358800355,0.02853298840667166,0.4680500834988107,0.7265536299525721,0.4444983614513498,0.4052965863434208,0.7731105465040893,0.524088555615475,0.20992213122788003,0.19752683244519245,-0.1306088251463213,0.16488837516824179,0.35587208072697063,-0.026518931529205307,0.5774502754360852,0.43199119633558863,0.7336249124494951,0.4648274027300165,0.42155384129535517,0.20389743996799986,0.20090817119822585,0.0852224269870246,0.7773653190234702,0.6466400949468463,0.5862552968667086,0.7219670645279516,0.34123457376012617,0.6195040917626147,0.44489000298275727,0.6608817648630191,0.7095050842199795,0.5849352822855687,0.6322180720418832,0.6312467661037046,0.14795314492767767,0.6580741556787933,0.5166253179157136,0.12935505597248578,0.6340274694760066,0.4352951729406052,1.0,0.14087275124261714,0.7612294112552854,-0.07779790126035357,0.48196688337630167,0.7514644403200209,0.6581572069907702,0.45931364350254295,0.25338174321123313,0.4941967190433048,-0.13250309095667415,0.37419754036029185,0.29189104692215273,0.47952344096924143,0.4105493995900974,0.392756599502338,0.6636842061195489,0.3170828991063373,0.20588887862846186,0.0028861995807935234,0.22746991361615632,0.6123579756661269,-0.059584184613567605,-0.2315807493271694,0.06045655320522639,0.4168352191679408,0.23395190895407814,-0.042042884379508934,0.14277329360641294,0.33440799658204934,0.20149388232773469
Temporal_Pole_Mid_L,0.18807046143888317,0.17979214100402233,0.08043810772815238,0.2540801655083032,0.0560895406785881,0.09239318455048766,0.1517287454829029,0.14412665501976066,0.15470037203938425,0.2634477052245043,0.21689751099309165,0.11087517105752176,-0.07680814585311674,0.11162442517734351,0.204667614976079,0.07234600778567092,0.16310497552686473,-0.08384991469759569,0.006388818262002576,-0.16393343163224772,0.007851602845380846,-0.12565930958626653,0.020857175642235107,0.16538171717542186,0.11953632268607124,0.2340901702991879,-0.2263213534861597,0.1893805647438895,0.09077291859676072,0.01938355493225763,0.08454224987626091,0.1389330509116283,0.12048663611403711,0.22290338626989206,-0.08480997503310515,0.15026085781738122,-0.05775390998434982,-0.10926933048448566,-0.06545435930986239,0.36960092585739257,0.14087275124261714,1.0,0.08900696914399947,-0.2889925983972775,0.15523178265110912,0.06607911843108383,0.16578287596810287,0.16296529618585967,-0.014028005189943236,0.0014344259306697299,0.2168247918136675,-0.014399302462108809,-0.0618979722010667,-0.1330246410614207,-0.19743296340900263,-0.18555205594379112,0.03446734614396603,-0.09003663235525,-0.11714596729447685,-0.24819653868894861,-0.20944549374711377,0.05480215371030194,-0.0508663817357588,0.16262594579406364,0.1854005550768806,0.012276089736295261,0.20166966707947065,-0.1809493597023651,-0.1892692059446777,-0.26051461383201613,-0.08739777528518067
Temporal_Inf_L,0.3515258863065034,-0.2170337924494742,0.3739579703491075,0.5143403053964805,0.26302978915836434,0.09422133974260301,0.6761208282818292,0.46383334953630745,0.28812465308285584,-0.026221828861891335,-0.09433835313130541,0.11993954086913061,0.2648656485498583,-0.3126253787195425,0.3421422893273492,0.48692466994053973,0.48683883113999543,0.5779992600840833,0.4594826193500767,0.31145592119889315,0.32059825082416776,0.05022474622623973,0.8187377482018093,0.7083259163282265,0.6401178402171606,0.615520211020331,0.5368503949849363,0.4838996463123156,0.37523472967325183,0.6594677645833754,0.5315474039512301,0.36109086270919877,0.5951375911178652,0.479402597231172,0.1111028053948093,0.43954037068594326,0.3124922775878418,0.07640112946619321,0.526997683652014,0.4615134531195309,0.7612294112552854,0.08900696914399947,1.0,-0.053196993484778,0.36032303822441375,0.6853323671698713,0.7539328249880216,0.47567961755493665,0.37043937437480945,0.6219128056528768,0.028938308753378605,0.45603611814453704,0.3784787639693478,0.5149154893217925,0.3458598560110462,0.31892936596263954,0.4182344801447297,0.40571525846047746,0.165774326870834,0.15741540450845656,0.3374290080834926,0.589294671212429,-0.14009141355131427,-0.14023842777323045,-0.04493372903963187,0.3405419026005796,0.2426752950378531,0.12570600584245728,0.2225540209026946,0.4248118841475675,0.2681510368428988
Cerebellum_Crus1_L,0.15597143684343784,-0.1942034569250529,0.010513040497028673,-0.10229177505439666,0.05626720598567107,-0.08530354003379972,-0.18959270116471238,0.1049880667786,-0.049265694430233264,-0.14381967030814305,-0.010220527888364715,0.05574329985891204,-0.19748247000846794,-0.1054269140899694,-0.256145742294139,-0.07967637196399299,-0.1531159825878902,0.1104509771658701,0.13663625542951002,0.16178628157767572,0.26602163299501863,0.21369216946353914,-0.3042198386219666,-0.3460935793122382,-0.25763075618043546,-0.21506592987511675,0.6172247953160769,0.12653166350333322,0.31625991912262874,0.13350373450388783,0.1685290356791761,0.26988900157232387,0.16859858539647174,0.05556089455425604,-0.05820065275331481,-0.10957135538032417,-0.053146277716573584,0.3612799651294631,0.1302236697720134,0.18626070320410237,-0.07779790126035357,-0.2889925983972775,-0.053196993484778,1.0,0.3664221015411852,-0.32318206683587547,-0.3518472180899373,-0.20225806316129427,0.4977604683222363,0.04230604487236091,0.1885791319821428,0.04974350428505243,-0.11340741482954199,0.00010562446810013955,0.1121544547194131,-0.0561064915376758,-0.04492470075836089,-0.09227410539510483,-0.11416364514946502,-0.004285302805451265,-0.21185432667516138,-0.3406755855452666,0.06479054819313709,-0.14720741990739578,-0.009660073272892379,0.07256510109825685,-0.013793690295579543,0.26479102600295884,0.4322552013599575,-0.04895491617502087,0.33167137958974924
Cerebellum_Crus2_L,0.3188060788853922,0.025168741750697294,0.04857764532208357,0.36429098086925327,0.15929005244280478,0.18133223282176594,0.18901978703505543,0.18433783822724395,-0.12738336079615933,0.06840018140439665,-0.0782573946293896,0.02549686419694897,0.11419495726506784,-0.1421135916378495,0.2962337545204715,-0.09135160312682551,0.34185543469494145,0.023753241233358688,0.055728349845845356,-0.3334954957063653,-0.23197686234467468,0.1940137974543303,0.17570632852121562,0.22060348698793353,0.2770568105490356,0.5089424095565273,0.244128970120665,0.2724831528336135,0.406059127022661,0.2768636962690632,0.4250949852217892,0.6431909302127712,0.29253407046083924,0.2679815224381508,-0.12286111897935117,0.2983839132214367,0.164803232206901,-0.05860000565012936,0.07317789442264842,0.35425368450799394,0.48196688337630167,0.15523178265110912,0.36032303822441375,0.3664221015411852,1.0,0.13087736392354585,0.07967600702551299,0.4453940610251244,0.2154276824415828,0.015270205864344799,-0.0779305770697751,-0.1583228403113894,-0.2754385917857694,-0.08973375509908348,-0.013883962418939244,-0.19529214181507673,0.24758402674204677,-0.21886105138077136,-0.0413859606676118,-0.2996645183306179,-0.28358543159902566,0.06643428215224824,0.12275155684138746,-0.0362900064378819,0.042243735830014645,0.0529260092920094,0.18253519452712597,-0.33591942279283976,-0.025587211496714553,-0.13233287399774896,-0.053853702173423106
Cerebellum_3_L,0.41281369444745786,0.1182638119840251,0.4700542154187361,0.5811640941973542,0.3579587507579708,0.36293637733511996,0.745728779371766,0.44539817721706976,0.3478213123043497,0.22870776333132067,-0.13428318879720266,-0.024858198281531046,0.47305461523850517,0.05138694507482518,0.5827854749592957,0.5230361959832273,0.6008104832925161,0.43039875215646123,0.28785469589716267,0.35083799775771546,0.2540427311749581,-0.031445626470169644,0.7654755587420947,0.6044196190082759,0.5332671811521266,0.5565713581195904,0.2695770387430303,0.46974907555162027,0.1559598502881652,0.5184936517982869,0.4705723706052658,0.2217591222625629,0.4215780871696625,0.47793896829879867,0.32295804555994323,0.6521669227102626,0.4840657729108494,0.006291934698572694,0.6085086840950857,0.25426791936560283,0.7514644403200209,0.06607911843108383,0.6853323671698713,-0.32318206683587547,0.13087736392354585,1.0,0.7431875971558352,0.398501040208129,0.2199260113262063,0.49939804692083944,-0.04783814478211969,0.37926460554148345,0.3584186102534988,0.5724936655865812,0.4906851031699733,0.48306487776530643,0.587295324653391,0.529230888970202,0.2957399374708005,0.20392569087537457,0.4038900805799842,0.7780084140021978,-0.11846478665779223,-0.22020653202239002,0.1744312290406302,0.456702858624888,0.1507656026437651,0.024722486351435077,0.09565996729666436,0.3934028926003329,0.1863620521249372
Cerebellum_4_5_L,0.39328016507143143,0.0005356491290971142,0.5692152864528006,0.6429181180408711,0.4078050427601453,0.2085834632082601,0.7200746417277987,0.5519462232544926,0.32874998248477055,0.21738584031598657,-0.09466839984429183,-0.05590572120434315,0.2679655853385741,-0.319960168104005,0.3828244215924651,0.4811733295562506,0.4937503373010261,0.6895504176230206,0.5990153694553358,0.42643182225728066,0.41686953464292625,-0.10528843931291229,0.8874735487994427,0.7965252343159682,0.8592658218272904,0.6580758738246574,0.34188309513929965,0.5609886583068426,0.3548943288520927,0.7236202629208691,0.5309585354173151,0.29866401869015047,0.632189412973951,0.5111742796843056,0.47451826119855806,0.4786902884928173,0.23008493005724664,0.1137535583763234,0.5582303473885591,0.25206730430349056,0.6581572069907702,0.16578287596810287,0.7539328249880216,-0.3518472180899373,0.07967600702551299,0.7431875971558352,1.0,0.6103435064182686,0.11961854961508751,0.5997310651325172,0.15030161137539638,0.614018280961882,0.5835068283107542,0.6230649161195351,0.3987735879794387,0.5030743508666391,0.5052882795860295,0.5062309949367306,0.4141118800598449,0.37540668450483644,0.6517758468100658,0.7056712783462848,0.08348771718785311,-0.09098824079176093,0.04210902028701807,0.6046976508365127,0.197810442488637,0.1016241287241638,0.23970130329259795,0.6347225720608994,0.24870579217856478
Cerebellum_6_L,0.220214923006712,0.1715817583868603,0.3002934644276581,0.5530456187999164,0.27297754525457457,0.2547851882094091,0.32191672796298076,0.23373439097532703,0.07670341077527527,0.2401232044640684,-0.16065843835119575,-0.22863052156306599,0.3204204621841921,-0.23293821448106716,0.37293191327099123,0.07621375375329102,0.3324925991868097,0.36027062976168317,0.4281151210373152,-0.16069370829827867,-0.12550731402823478,0.1107391988435989,0.5021796797614464,0.6803387776758811,0.8282517889084242,0.7732503501649488,0.15303597071548702,0.31304386005875107,0.37891348542928055,0.5374924912098017,0.43130390141889274,0.5378410586355695,0.43334354371106254,0.2765506973831611,0.3246096899669167,0.31766522285119203,0.043127192657924876,-0.1473237010461994,0.11564656616651034,0.06958345565077424,0.45931364350254295,0.16296529618585967,0.47567961755493665,-0.20225806316129427,0.4453940610251244,0.398501040208129,0.6103435064182686,1.0,-0.18806703771053593,0.12638998803284202,0.016475574753811846,0.2294585449866875,0.14404400155331643,0.20811463536005848,0.1167122206739703,0.12427005271571205,0.36584250714533834,0.1478276820476419,0.3449912598198384,0.2185928851850554,0.4021972549225141,0.3843090747868982,0.4223154084060819,0.1069157146648732,0.06621853200018274,0.38785534745110456,0.27974462896494173,-0.4991409777556139,-0.02191556289381766,0.3301316829223624,-0.17933124394122021
Cerebellum_8_L,0.3778852733088999,-0.23482672195166054,0.3011966843201272,0.1875749741341891,0.18083254152770287,-0.16430769277824778,0.24720414219912845,0.4837631887139621,0.2391363765797218,-0.019252154594121808,0.08189545322081113,0.1111775682661569,-0.10913560672661367,-0.20248371464104917,-0.08066276806896153,0.3605030698606748,0.10233086855033505,0.4452198043933932,0.32073650806138937,0.39153811742404837,0.5375366935891711,0.054427135741438544,0.17539284369037936,0.051997318303945536,-0.07341782519323305,0.017349170720346727,0.5936142970659483,0.41280745380722245,0.4796929091482089,0.42221224245420125,0.35234583972084216,0.20909241138944598,0.4723962173029695,0.3634564617878793,0.0565699736358631,0.18966160077717392,0.16180492467304222,0.3336877640097451,0.4960730330246387,0.38401320694097285,0.25338174321123313,-0.014028005189943236,0.37043937437480945,0.4977604683222363,0.2154276824415828,0.2199260113262063,0.11961854961508751,-0.18806703771053593,1.0,0.6648896868957022,0.2873076680716366,0.23588969879357632,0.06654341748453452,0.3948768355325479,0.33375361229756556,0.2637312338199693,0.16080497152061818,0.2694036157963666,-0.07068774241536657,0.08429633620496262,-0.0417982380181455,0.08983863133091058,-0.14956882593544749,-0.15235662858846075,-0.00773741120061857,0.27195848132468725,0.019010382224236337,0.4657563216324971,0.38251664765551546,0.11438875656694053,0.49225417718244974
Cerebellum_9_L,0.5515400929263304,-0.15769579844922213,0.6467008300962578,0.5219809372835351,0.4548076225406349,-0.009877826414987407,0.5816885859620455,0.7500764309226072,0.346148850760571,0.16521827232682892,0.11708442755918291,0.09765576184692625,0.1122961146897873,-0.2506833101496104,0.11616114424877168,0.5920847872851797,0.32799161732626164,0.7738918297299427,0.6628416494779498,0.5043082689823822,0.6712547694973753,-0.04420716935691073,0.5924030934905578,0.4659765819582465,0.41253686724809585,0.2815235028173622,0.45333843219695985,0.6806934877759271,0.6194126349735484,0.738309381077814,0.6217914293819053,0.31901078479670847,0.7716008965648521,0.6331428219531683,0.2881287357613812,0.34498378942590247,0.17834017505443653,0.4203213474801768,0.703079862173406,0.39140703640984514,0.4941967190433048,0.0014344259306697299,0.6219128056528768,0.04230604487236091,0.015270205864344799,0.49939804692083944,0.5997310651325172,0.12638998803284202,0.6648896868957022,1.0,0.28032237022112066,0.49804314383751336,0.42708891502960444,0.7299450517239314,0.44549553469251885,0.5561942944112529,0.35331339390821237,0.4492826720438471,0.15858526617176297,0.2937490786604177,0.390215528416221,0.38625074656222597,0.025952140932645137,-0.12345700019416415,0.005219982234141016,0.5356487795767302,0.026991122301871548,0.4161232616013339,0.33689198895607636,0.5070841386466977,0.4638542162156585
Thal_LP_L,0.2843985560417521,0.20658676156848557,0.40144204323234706,0.19435959199796274,0.30012884064915685,0.06122837284797665,0.03672107202022912,0.39657796773255966,0.4721153601948968,0.3801101792091469,0.3342336551907545,-0.4299289518456327,-0.08692803514068605,-0.06862275718483725,-0.007712206511391846,0.15136376083074854,-0.07617825043190661,0.33898447891113265,0.40350035871047407,0.31386730210894054,0.4509531538975121,-0.2523665571804147,-0.015248950823089321,-0.13002114719807897,0.1525303868897376,-0.14065720105940008,0.3600769384340496,0.3256134928059974,0.2651257426173714,0.2511871053496823,0.23189707287903427,0.10193901169944168,0.3112423855441671,0.2605536446574419,0.4655534046283203,0.14257003723713524,-0.22078155468808455,0.3536199189832711,0.3360909274141155,0.1718947074355423,-0.13250309095667415,0.2168247918136675,0.028938308753378605,0.1885791319821428,-0.0779305770697751,-0.04783814478211969,0.15030161137539638,0.016475574753811846,0.2873076680716366,0.28032237022112066,1.0,0.13639641551779672,0.2174667917258688,0.272769570240522,0.03651453812328156,0.1359209431376723,-0.13682422148385717,0.1807006210700851,0.11576819662696314,0.2472309166831612,0.09839681178886882,-0.06551811122203646,0.3004253531347789,0.05586062726132422,0.4995210353631234,0.42637973783944366,0.16197035685608072,0.1727285390701386,0.3598755145540136,0.12141506560628597,0.39273021750621884
Thal_VA_L,0.25689762307825337,-0.14825626111525203,0.4773775465454443,0.3462975503603502,0.2885772842192489,0.04336941196792002,0.4077450697346835,0.4345656887572959,0.207758800907958,0.04086925142150501,-0.24520096477244246,0.2410259215081558,-0.04242168002486795,-0.3429300691851972,0.03791520974356025,0.5153226217835297,0.2846365204112924,0.6901939827283039,0.662556622579382,0.6030045502080075,0.6462463039264034,0.03124854492877994,0.5648872638315925,0.4449418178832934,0.48672880654868605,0.29838738691141387,0.49276826752249414,0.45344661939541187,0.39308584496564597,0.6489272772932234,0.38487813049286135,0.18286792371565394,0.6091496846989704,0.34033717104152306,0.3701298775800245,0.19299319031277218,0.176295848133124,0.3887600528656706,0.5004259403248045,0.331590112489739,0.37419754036029185,-0.014399302462108809,0.45603611814453704,0.04974350428505243,-0.1583228403113894,0.37926460554148345,0.614018280961882,0.2294585449866875,0.23588969879357632,0.49804314383751336,0.13639641551779672,1.0,0.6992085232567412,0.6194874675401921,0.5228810464099205,0.5493037513261554,0.44629713191014686,0.4939864169594407,0.36142012965876286,0.5076778958643152,0.6940662465847086,0.3901446955246059,0.11592909754049616,-0.17412515139182094,-0.10994249189784945,0.5785375903803648,0.22037216708787338,0.33756834494919374,0.5803831372874231,0.6725594937663946,0.4014814776260309
Thal_VL_L,0.36182521043179633,0.18863006269271052,0.5816047708378069,0.39542361514095975,0.5714443342630944,0.23841372356410434,0.44714883958311863,0.4966870445942614,0.32256151318144366,0.33073152257079197,0.07165546464041167,0.06813413960750178,0.1227830393454981,-0.05803522871967837,0.13204861834787734,0.3637233046507622,0.3882957850195938,0.5744918582760977,0.4742966759009147,0.633854771290169,0.5259946682178732,-0.18204703570334832,0.49300556817681984,0.2556302963760353,0.4200190815332433,0.04702059972245749,0.2570900577108804,0.48120328052470496,0.18429072846172173,0.44864626520866563,0.3227211640166701,0.04212386962430902,0.4241495228890553,0.43415470873001377,0.589307998402095,0.3238070464564297,0.307728396151558,0.39440693612311123,0.5150206558242797,0.16267788720553913,0.29189104692215273,-0.0618979722010667,0.3784787639693478,-0.11340741482954199,-0.2754385917857694,0.3584186102534988,0.5835068283107542,0.14404400155331643,0.06654341748453452,0.42708891502960444,0.2174667917258688,0.6992085232567412,1.0,0.6849117265550037,0.442044582958095,0.7239374665237319,0.5341508136765852,0.4664906457828571,0.2227257239535541,0.3841277318040539,0.7178448608927921,0.3389982164476526,0.14476662228171674,0.006787066965962727,0.09435366553195244,0.4809276228807625,0.30639747321117655,0.41375072861136014,0.47970349626307185,0.6336123255296885,0.35987360731166784
Thal_VPL_L,0.5768716238634618,0.18572864101737674,0.7661497327468137,0.5683915056384862,0.6042029782151047,0.33147585541043345,0.667162181069035,0.7329379963618058,0.4329418578889435,0.3915891242526766,0.11346903011202196,0.035979678981581574,0.2453933747612128,-0.0664682010624801,0.31970171386296553,0.6061891493387155,0.5263981703561583,0.7573838816008773,0.6536903661495288,0.6737363150835094,0.642162318920921,-0.12558066778334856,0.5788125561545838,0.39213406838021775,0.4700040325318857,0.23680045811712652,0.43592956762113927,0.6827425541310823,0.4627319748750212,0.7241325906754685,0.5776949990037283,0.27898166104655475,0.664994213765053,0.6411968260257652,0.5303570646709937,0.573504859952205,0.4109971764745736,0.4709580721467698,0.7698009825535991,0.3023503521249786,0.47952344096924143,-0.1330246410614207,0.5149154893217925,0.00010562446810013955,-0.08973375509908348,0.5724936655865812,0.6230649161195351,0.20811463536005848,0.3948768355325479,0.7299450517239314,0.272769570240522,0.6194874675401921,0.6849117265550037,1.0,0.6653712314864213,0.806507144998362,0.5880865036072588,0.6281330599984547,0.3344890141634468,0.48527116990489266,0.681683638644877,0.5621561390425769,0.1948587517417183,-0.04935786249659414,0.2061518095327321,0.6820657626909503,0.21724468508309489,0.37942662097386437,0.5197600101485255,0.6010513565896318,0.5462135976817485
Thal_IL_L,0.49240370942705547,0.24615064428068179,0.5890780845200201,0.4271623627854401,0.4008565910685356,0.4164837945825181,0.5541243207021905,0.5319121284034598,0.3463489317287106,0.28860734684258577,-0.026429491749602758,0.15983902955321982,0.28004330568424834,0.04107382686391866,0.37353270463475446,0.4864234713833183,0.48709997713619496,0.567109780924579,0.42845960288330714,0.6388379234583977,0.5140295459802967,-0.00824945905539795,0.3797648794232595,0.2644664832796683,0.2506008197302792,0.19077332898263566,0.4314740575033194,0.5523389485124529,0.28121821547447995,0.5363753041169819,0.4402130400285275,0.21098691454425367,0.461447554784171,0.49006205430025307,0.3557487574574219,0.502621382450938,0.47612074021486434,0.39812705883774274,0.6664707026438295,0.21052601167308058,0.4105493995900974,-0.19743296340900263,0.3458598560110462,0.1121544547194131,-0.013883962418939244,0.4906851031699733,0.3987735879794387,0.1167122206739703,0.33375361229756556,0.44549553469251885,0.03651453812328156,0.5228810464099205,0.442044582958095,0.6653712314864213,1.0,0.6446536482194657,0.4810108119693644,0.6567254295350469,0.3980191897377426,0.4840763437888863,0.5667504183358677,0.6136330947260308,-0.05464182031700489,-0.09767287536792449,0.21649411158213422,0.6223601677283047,0.23986152007781877,0.26388174001598647,0.5633539822432442,0.4275143019450243,0.42264598288929084
Thal_MDm_L,0.5846274294582863,0.29296180125982413,0.7368105371537379,0.5666783273093087,0.6831006486828217,0.37791251888983796,0.5697341723778294,0.664029107207379,0.3429763245207773,0.48002328190499466,0.07964481203857524,0.0061027922005074085,0.21988491765715662,0.11631485298004655,0.2377188616505951,0.45452750802022013,0.5130183716656862,0.6335799508408274,0.5133091721154901,0.6236075719970823,0.5382451488396387,-0.14249478665980875,0.45189920072433853,0.2284426155897228,0.33307641808101196,0.10066797246964718,0.254698067529469,0.6402747606776741,0.35102182738029075,0.5814242043995369,0.5204442677795839,0.2120141039404416,0.5282797527564802,0.6234304159930767,0.6255379350560376,0.5429959106005515,0.43800642098675685,0.520113363738978,0.6968447390439838,0.12985160149983827,0.392756599502338,-0.18555205594379112,0.31892936596263954,-0.0561064915376758,-0.19529214181507673,0.48306487776530643,0.5030743508666391,0.12427005271571205,0.2637312338199693,0.5561942944112529,0.1359209431376723,0.5493037513261554,0.7239374665237319,0.806507144998362,0.6446536482194657,1.0,0.6635130000753893,0.5594097598893218,0.23910162193942933,0.3870737165140993,0.6381556134476506,0.4335872287290486,0.17310198105420058,-0.03266932189631055,0.16405125075103563,0.5991138560740137,0.19835073963186983,0.42407922224881023,0.49487375307207,0.5449887122484337,0.4401788543353827
Thal_MDl_L,0.5833263006171893,0.3686541228097684,0.5693002204956956,0.6722150700850924,0.6568141937456835,0.5205304321715211,0.6284432102847365,0.5351645744187509,0.23570263489806145,0.4779976977639226,-0.0540308668543222,0.0960874548642341,0.33779017432743563,0.13184375587605357,0.4750045614254526,0.3486293367595778,0.7256285220463814,0.44031011716192614,0.34293390825486453,0.3000053702569714,0.2014230489297719,-0.03768242754463656,0.4850001597511305,0.37921106613388256,0.42199123298630403,0.3978452619593749,0.15977460037194582,0.5976051807600811,0.34981640783777773,0.549800876616009,0.5282144379081668,0.3992438958038093,0.47983506513538715,0.6065772711734583,0.4808374287555895,0.6899180555382397,0.6425497334020199,0.23206615429829552,0.5399232561508092,0.315258410781917,0.6636842061195489,0.03446734614396603,0.4182344801447297,-0.04492470075836089,0.24758402674204677,0.587295324653391,0.5052882795860295,0.36584250714533834,0.16080497152061818,0.35331339390821237,-0.13682422148385717,0.44629713191014686,0.5341508136765852,0.5880865036072588,0.4810108119693644,0.6635130000753893,1.0,0.37641546856082136,0.2503206171332977,0.11023061766090411,0.44822269303084394,0.4872720872161267,0.1656998477962857,-0.15695157453078754,0.14449169288895486,0.498788905567979,0.3383740724252367,0.07741396672928626,0.2954740501746903,0.34744804919474537,0.19535602133136937
Thal_LGN_L,0.3174225250880999,0.1958739392077337,0.5448398149091571,0.36150690824562504,0.3454102418993311,0.3925852410810191,0.5541989762845888,0.43482117857234004,0.5757036001908649,0.22173443472086815,0.028619075376132338,0.0758830243811129,0.3009961304988002,0.09716846294292433,0.3484856347483616,0.584492021504768,0.3968928283336368,0.5480850006218327,0.36934094511858834,0.703547111158455,0.476530609298427,-0.016946234762461085,0.4377467381630722,0.3078388537049368,0.29577798698503793,0.1775755262080902,0.40888014921270766,0.419308896911429,0.08719413948021235,0.45516609872036123,0.2662303609249017,-0.006527565584037162,0.3543496556046414,0.37093389901754303,0.42552239704889233,0.4293027700021959,0.4753624713655724,0.3289997563229107,0.6484040646618949,0.17367320893206678,0.3170828991063373,-0.09003663235525,0.40571525846047746,-0.09227410539510483,-0.21886105138077136,0.529230888970202,0.5062309949367306,0.1478276820476419,0.2694036157963666,0.4492826720438471,0.1807006210700851,0.4939864169594407,0.4664906457828571,0.6281330599984547,0.6567254295350469,0.5594097598893218,0.37641546856082136,1.0,0.4767737180097155,0.5542861544670645,0.5931444731694203,0.6001824773291801,0.0026726327271765857,-0.10561030397291783,0.21392525647897906,0.4895962947998081,0.37859381848494433,0.36725311990952947,0.5079093064445177,0.46112222057700053,0.47239849457161165
Thal_MGN_L,0.1355298271605762,0.13271050449088764,0.2990173055934872,0.22809587542557117,0.15197063616344952,0.2572590107917292,0.2908359003076518,0.20789050935171358,0.14848260029895394,0.11333882920424404,-0.1375756830281815,-0.07191419850160831,0.1162715866593276,-0.16035983739578896,0.23575053041235455,0.24536777343541502,0.21655055545767066,0.4064485773727431,0.3401221114996592,0.39477289782544955,0.2675827291609561,0.08983102291332157,0.3538126248574199,0.32296662180063157,0.3802620522920803,0.28664392826061286,0.22994158490497094,0.2485384084842675,0.06093922295974177,0.36036401572027565,0.1610564999805604,0.06765037111404468,0.22894006864712768,0.14652853910861185,0.3512584854836967,0.22775379906122997,0.18474171672760412,0.23914148953240455,0.33391896817417516,-0.04107618265287869,0.20588887862846186,-0.11714596729447685,0.165774326870834,-0.11416364514946502,-0.0413859606676118,0.2957399374708005,0.4141118800598449,0.3449912598198384,-0.07068774241536657,0.15858526617176297,0.11576819662696314,0.36142012965876286,0.2227257239535541,0.3344890141634468,0.3980191897377426,0.23910162193942933,0.2503206171332977,0.4767737180097155,1.0,0.5863820507058358,0.5146077501513776,0.42895672911363786,0.24490405693436915,-0.19820261306827686,0.15080577327598804,0.419766852189596,0.10772848821916182,-0.047209279327560215,0.3803869272235239,0.35879166368862575,0.2678765892615301
Thal_PuI_L,0.03135560023155679,-0.017296284019454464,0.34817784461857026,0.08159158278751688,0.12550330004679192,0.06021005513228164,0.13793452266313425,0.21194492797169728,0.2472185840486838,-0.00631823213951838,-0.14601187590746148,-0.0517797298553826,0.03324041869140112,-0.22942802713085056,-0.04201400943586429,0.30282451846201736,-0.022656232462618903,0.5247011753616696,0.47542939192127337,0.5642277907804552,0.4527998388790252,0.07579056174364915,0.27549585895359513,0.259148755167544,0.29424655980467745,0.10503542977291454,0.3730831497978659,0.19396912367780883,0.10255851158083114,0.3818418226449212,0.07358556378913751,-0.056513260146609595,0.27720012138538686,0.06268334821308533,0.42893697081748566,-0.01919169200023948,0.0015242891030180772,0.39831316384693605,0.3375672684593439,-0.15287710393134804,0.0028861995807935234,-0.24819653868894861,0.15741540450845656,-0.004285302805451265,-0.2996645183306179,0.20392569087537457,0.37540668450483644,0.2185928851850554,0.08429633620496262,0.2937490786604177,0.2472309166831612,0.5076778958643152,0.3841277318040539,0.48527116990489266,0.4840763437888863,0.3870737165140993,0.11023061766090411,0.5542861544670645,0.5863820507058358,1.0,0.7264153851834958,0.32188156462944095,0.2880210842675472,-0.18492761351023576,0.024475092596240755,0.45867821159700606,0.10168657726143322,0.18135412482329752,0.4825749614369072,0.5111908040888485,0.28385037809575536
Thal_PuM_L,0.22423772448116097,0.16692112252349398,0.5606068717085048,0.3509859325647882,0.3776692083329759,0.22504025491949026,0.4130159174126265,0.39602669748108404,0.2337165540051163,0.2324799839245616,-0.10456030351430097,-0.007446073327463791,0.16747323014775356,-0.22078191139148373,0.15281838457639565,0.3802349312720658,0.2984789463454032,0.6597154005777288,0.6016649957698014,0.6049253311023617,0.4487800025554545,-0.07746078623585699,0.5289192307518641,0.48433269263421436,0.5688609172820221,0.25787789336845957,0.25396559850213735,0.39006099879290573,0.18384245882357675,0.5364080572986143,0.27762339532067515,0.0557960701101981,0.4322202046898031,0.28751036978908334,0.596080160001423,0.25129245487616275,0.18179510230199636,0.32945971753949943,0.42513564975047125,-0.03275106485253872,0.22746991361615632,-0.20944549374711377,0.3374290080834926,-0.21185432667516138,-0.28358543159902566,0.4038900805799842,0.6517758468100658,0.4021972549225141,-0.0417982380181455,0.390215528416221,0.09839681178886882,0.6940662465847086,0.7178448608927921,0.681683638644877,0.5667504183358677,0.6381556134476506,0.44822269303084394,0.5931444731694203,0.5146077501513776,0.7264153851834958,1.0,0.5760030180347664,0.26298165720849165,-0.030759436546313752,0.034173481611584566,0.621761171682144,0.1875955758279768,0.212348735399703,0.4452581654126993,0.7239889378236543,0.22214351358457327
Thal_PuA_L,0.35545605402329317,0.23542190323764062,0.47600809191140436,0.4654337959932122,0.23368972084943182,0.44027671984502886,0.7549294948591302,0.405043763895397,0.336696940171789,0.24695963712502825,-0.06954882709529463,0.06805345802985459,0.49678931981857205,0.007369604871064734,0.6269143117654331,0.486655144069289,0.620900056233756,0.46133413032612913,0.33767135993157055,0.45415647200836123,0.2901559859303139,-0.047414582910888736,0.6665994056165072,0.6393930903032453,0.5102619142758366,0.47992858840083413,0.2170598294180504,0.43613298745347306,0.07638340395487164,0.48297845905668696,0.371095608234189,0.13465585332964788,0.353363099123457,0.4305789505264245,0.27249572052668164,0.6261449382874755,0.4851356059199708,0.031623244955863404,0.5340525856701314,0.22317630112070322,0.6123579756661269,0.05480215371030194,0.589294671212429,-0.3406755855452666,0.06643428215224824,0.7780084140021978,0.7056712783462848,0.3843090747868982,0.08983863133091058,0.38625074656222597,-0.06551811122203646,0.3901446955246059,0.3389982164476526,0.5621561390425769,0.6136330947260308,0.4335872287290486,0.4872720872161267,0.6001824773291801,0.42895672911363786,0.32188156462944095,0.5760030180347664,1.0,-0.21823950451310764,-0.10270187326724632,0.2435520995381911,0.5556141329474615,0.19573832433369723,0.03852371463538475,0.19464825982588077,0.3864238904389932,0.2219797018477109
Thal_PuL_L,0.24022753902013122,0.29057200994631577,0.34079692853068355,0.3305552728321937,0.4309131583955941,0.1850140885126537,-0.09997577062533979,0.26358243169293577,0.028252022034927184,0.37945210890625425,-0.0026574322123842963,-0.22605392272049277,-0.08761954429169105,-0.03708320677943614,-0.01823971230360844,-0.09898633565238917,0.04107539322863441,0.22370475363976672,0.36861472322845884,-0.09776333116690702,-0.04723441403615317,0.07107215554679687,-0.03528424935255974,0.05920307141882296,0.31505882795792717,0.1704515535061685,-0.008032854643374377,0.26301070874460536,0.37867622926891875,0.29523255416834426,0.28910425476868146,0.4101532303916252,0.30583543921877965,0.203404933384016,0.4558223521997856,0.03539602293757185,-0.17290128872238578,0.3326942597359684,0.08999207738606695,-0.08595676422603034,-0.059584184613567605,-0.0508663817357588,-0.14009141355131427,0.06479054819313709,0.12275155684138746,-0.11846478665779223,0.08348771718785311,0.4223154084060819,-0.14956882593544749,0.025952140932645137,0.3004253531347789,0.11592909754049616,0.14476662228171674,0.1948587517417183,-0.05464182031700489,0.17310198105420058,0.1656998477962857,0.0026726327271765857,0.24490405693436915,0.2880210842675472,0.26298165720849165,-0.21823950451310764,1.0,0.07889135742954578,0.12511392000782978,0.27433604395634364,0.23473971401978885,-0.2232995067242851,0.1825642012161508,0.22202237395292693,-0.007834814564895364
ACC_sub_L,0.04942730631950283,0.23137582997900047,0.02245652100142582,0.061334801449923516,0.04797806602919376,0.051037088498778665,-0.07928749090089979,0.033549284429952794,-0.0630803760040651,0.21828784903370105,0.21197238399202656,0.0003214211853338095,-0.029663778848924897,0.04410700777456148,0.0178357568550359,-0.11994764573854538,0.022584440067463844,-0.0942303787576674,-0.06335305727967305,-0.21792905701923646,-0.18766429609055332,-0.018991797798897647,-0.1863331317923933,-0.08967668209884377,0.020164383299131245,-0.04874192536543127,-0.26514047032796867,-0.002203856563181002,0.046022950243096584,-0.09272325163597574,-0.02807841232268184,0.007881923832322599,-0.037053967062594034,0.060045475611201875,-0.04564722583634295,-0.0365916270651652,-0.16452503839545712,-0.1459206553162456,-0.23125659194796278,-0.007001325322997441,-0.2315807493271694,0.16262594579406364,-0.14023842777323045,-0.14720741990739578,-0.0362900064378819,-0.22020653202239002,-0.09098824079176093,0.1069157146648732,-0.15235662858846075,-0.12345700019416415,0.05586062726132422,-0.17412515139182094,0.006787066965962727,-0.04935786249659414,-0.09767287536792449,-0.03266932189631055,-0.15695157453078754,-0.10561030397291783,-0.19820261306827686,-0.18492761351023576,-0.030759436546313752,-0.10270187326724632,0.07889135742954578,1.0,0.04435236992509047,-0.054707202111267395,0.15666359496030216,-0.14503370617489622,-0.06612753706148919,-0.026012882491965508,-0.07169060049788498
ACC_pre_L,0.4164847133426632,0.6920682262809558,0.44846024473218266,0.3441811534182309,0.4266572251567265,0.6372934478083309,0.33495091529086224,0.3292945129456859,0.5462832451539167,0.6667579178872093,0.31619229496335166,-0.34726537226739024,0.4261435278658185,0.5081444722003566,0.6010892174374539,0.226803724897631,0.4096627749017611,0.07590499633114632,0.05569094650961442,0.19222287572580735,0.09497845221304317,-0.1949620593086479,-0.09433651443206295,-0.1652321525888759,0.03076096397632787,-0.10070478732624924,0.012533725655399555,0.33197182045440243,-0.02543283129091378,0.06747322292976014,0.2459341690532791,0.0674003602966463,0.06752039613461788,0.3529445064022456,0.37771481369066445,0.5514662945759935,0.2977635938775884,0.22685476456203155,0.3632927236426512,0.23141957341910033,0.06045655320522639,0.1854005550768806,-0.04493372903963187,-0.009660073272892379,0.042243735830014645,0.1744312290406302,0.04210902028701807,0.06621853200018274,-0.00773741120061857,0.005219982234141016,0.4995210353631234,-0.10994249189784945,0.09435366553195244,0.2061518095327321,0.21649411158213422,0.16405125075103563,0.14449169288895486,0.21392525647897906,0.15080577327598804,0.024475092596240755,0.034173481611584566,0.2435520995381911,0.12511392000782978,0.04435236992509047,1.0,0.39537021904720115,0.3403614273166468,-0.11850597984591908,0.20688650130747765,-0.08172084916960924,0.21294152263345867
ACC_sup_L,0.6661218950487061,0.36056315328747673,0.7947597482150837,0.6470243881703065,0.6050710710014465,0.43949078237238337,0.5676445211553948,0.7440193891251787,0.40731214503412033,0.5950609497315228,0.07682493978089215,-0.14548367824470376,0.25238863344567786,-0.08119789521527174,0.36161289667075514,0.4233632330240961,0.4712835991385476,0.7610166966908705,0.7474307813968044,0.538304705215658,0.5888075331668386,-0.15751928464615586,0.4322065954794283,0.37769193877598234,0.5605078517859532,0.3154325152648131,0.42432041398120135,0.7538452366351004,0.5558383498072003,0.7710008822055586,0.6782785378436804,0.45796571722704826,0.6833499272630925,0.6657799919047734,0.7044448822945988,0.5725065246096701,0.20978661737116888,0.48511545192860905,0.7014777572677516,0.24455996419589832,0.4168352191679408,0.012276089736295261,0.3405419026005796,0.07256510109825685,0.0529260092920094,0.456702858624888,0.6046976508365127,0.38785534745110456,0.27195848132468725,0.5356487795767302,0.42637973783944366,0.5785375903803648,0.4809276228807625,0.6820657626909503,0.6223601677283047,0.5991138560740137,0.498788905567979,0.4895962947998081,0.419766852189596,0.45867821159700606,0.621761171682144,0.5556141329474615,0.27433604395634364,-0.054707202111267395,0.39537021904720115,1.0,0.2180638742122397,0.1576977939423832,0.5465356210389055,0.5901105019989251,0.4062749730687901
N_Acc_L,0.3600491780713913,0.48366925871979993,0.38267305596986406,0.43529348728621753,0.47677646151151293,0.572546200046848,0.34110886802573354,0.30467730664619436,0.5593951512639294,0.4297805378667985,0.1395924686489487,0.1076461429556251,0.34746046284814786,0.2571244455304373,0.47785708577251224,0.19214360657513424,0.49445205029081246,0.21885132773487617,0.10518870423978455,0.18548625389501538,-0.010740306782887274,0.04195291917381654,0.15651131666794074,0.09358716347950626,0.21755048424860238,0.152491379730022,0.11041383526977071,0.36803590519687834,0.1469608718628819,0.23150209196725205,0.26352751803040264,0.20492546704588463,0.24992886526710148,0.3720737846835863,0.25656395021675665,0.39248979524781236,0.5011804588170118,0.1297294637633957,0.29631762821565233,0.4433483054915519,0.23395190895407814,0.20166966707947065,0.2426752950378531,-0.013793690295579543,0.18253519452712597,0.1507656026437651,0.197810442488637,0.27974462896494173,0.019010382224236337,0.026991122301871548,0.16197035685608072,0.22037216708787338,0.30639747321117655,0.21724468508309489,0.23986152007781877,0.19835073963186983,0.3383740724252367,0.37859381848494433,0.10772848821916182,0.10168657726143322,0.1875955758279768,0.19573832433369723,0.23473971401978885,0.15666359496030216,0.3403614273166468,0.2180638742122397,1.0,-0.06217107609144989,0.3938670669139351,0.0816593977689756,0.28067244350219606
VTA_L,0.1890389928907505,-0.25309793987145646,0.25754260436115567,-0.0380211805676511,0.15579171257505203,-0.11751553814969716,0.19671677811236737,0.32770950828090883,0.20701989902548895,-0.10014881773855108,0.17553578447189078,0.18150354404552663,-0.22133848592888494,-0.13054706296388469,-0.262370098618044,0.32279891420423085,-0.011824539253457863,0.40561841507364155,0.23016738450576021,0.6868642907626613,0.6125423226741616,-0.17458426688520148,0.11550679723580691,-0.13813387388089016,-0.1717120316546552,-0.3554747287300081,0.3523359231126518,0.2511585838175037,0.08174033300398068,0.18016710663546218,0.0962055287717006,-0.19107514967299297,0.19599594694217326,0.21296876415464439,0.1401421637001532,-0.013663063944636095,0.10218079213946532,0.5328294915294362,0.42131483669445124,0.17607111401415823,-0.042042884379508934,-0.1809493597023651,0.12570600584245728,0.26479102600295884,-0.33591942279283976,0.024722486351435077,0.1016241287241638,-0.4991409777556139,0.4657563216324971,0.4161232616013339,0.1727285390701386,0.33756834494919374,0.41375072861136014,0.37942662097386437,0.26388174001598647,0.42407922224881023,0.07741396672928626,0.36725311990952947,-0.047209279327560215,0.18135412482329752,0.212348735399703,0.03852371463538475,-0.2232995067242851,-0.14503370617489622,-0.11850597984591908,0.1576977939423832,-0.06217107609144989,1.0,0.49105331021935894,0.3211525006074446,0.591115847535518
SN_pc_L,0.43024963562559365,0.11321559154857413,0.5223873823542995,0.2815874225531142,0.4194905630183168,0.2682784824041981,0.296268275815467,0.4861417942014856,0.3441779033496251,0.20048591895947346,0.049454600557502705,0.1124993566119482,-0.03347898679993659,-0.12177300634412894,0.075985873367188,0.3698944437634242,0.2868798753857067,0.6046514856307672,0.5130602059456166,0.692626459536143,0.6249368578335357,0.05153259817282859,0.1837906753620833,0.02643084170016919,0.1381503450438811,-0.0747898644732224,0.5968579321062973,0.5074658534035085,0.3267847744414673,0.4864137453833844,0.36524281451417173,0.16849650964175047,0.4591767930991306,0.42181238050743763,0.3919127199034406,0.26796097780257994,0.2719861134350367,0.6466294610531405,0.5779056660971476,0.33565084557012764,0.14277329360641294,-0.1892692059446777,0.2225540209026946,0.4322552013599575,-0.025587211496714553,0.09565996729666436,0.23970130329259795,-0.02191556289381766,0.38251664765551546,0.33689198895607636,0.3598755145540136,0.5803831372874231,0.47970349626307185,0.5197600101485255,0.5633539822432442,0.49487375307207,0.2954740501746903,0.5079093064445177,0.3803869272235239,0.4825749614369072,0.4452581654126993,0.19464825982588077,0.1825642012161508,-0.06612753706148919,0.20688650130747765,0.5465356210389055,0.3938670669139351,0.49105331021935894,1.0,0.4810160823918968,0.6964834508899385
SN_pr_L,0.27180294544510003,-0.07812937171737311,0.5093054405637405,0.3710300133338753,0.351010859599069,0.08980948426619893,0.38643675127643967,0.43387307556093635,0.13331935707135745,0.10488904239707125,-0.1601028626759958,0.016760553250314524,0.0749628741590093,-0.32189266908581,0.08260890422420387,0.37576356687216417,0.2707810358499643,0.6797272588086698,0.6535930486200775,0.4996387965046756,0.44440768586809565,-0.04952957651081482,0.5648089324656483,0.45520823095899265,0.5884697571348805,0.297064429481366,0.36826348408193194,0.4340259353268488,0.3760352905481623,0.6526908875140564,0.426887613178201,0.21248475203471262,0.5481658663855197,0.3540111392888884,0.4784795981054269,0.20306166577725507,0.06807230773484206,0.3690937682864496,0.4910608527671006,0.08168722405978555,0.33440799658204934,-0.26051461383201613,0.4248118841475675,-0.04895491617502087,-0.13233287399774896,0.3934028926003329,0.6347225720608994,0.3301316829223624,0.11438875656694053,0.5070841386466977,0.12141506560628597,0.6725594937663946,0.6336123255296885,0.6010513565896318,0.4275143019450243,0.5449887122484337,0.34744804919474537,0.46112222057700053,0.35879166368862575,0.5111908040888485,0.7239889378236543,0.3864238904389932,0.22202237395292693,-0.026012882491965508,-0.08172084916960924,0.5901105019989251,0.0816593977689756,0.3211525006074446,0.4810160823918968,1.0,0.28105376252330727
Red_N_L,0.4456315747361083,0.0044981536162762605,0.49255577468650313,0.2777853544610176,0.36553989513883356,0.20620598495241318,0.43135323324824454,0.5328335452839988,0.45099764491503286,0.15947314569038068,0.11408030772122715,0.07729865485771162,-0.023502484404522832,-0.0919215320947952,0.12464048105027183,0.4085178905744061,0.2882779526335993,0.5479328999989485,0.4036610512833959,0.6794490052554959,0.6505946439010896,-0.0130960077530115,0.2572609815851704,0.004219695142093918,0.06267161600024589,-0.08457210902195546,0.5222468475255145,0.5024123454814641,0.32238213117154735,0.4354059731254846,0.38847845949349835,0.13035183943028208,0.45348206307470523,0.4584182825627039,0.2650367879155023,0.3336985301663497,0.3025568729656236,0.5661635033735748,0.6228072272573405,0.44078656056372334,0.20149388232773469,-0.08739777528518067,0.2681510368428988,0.33167137958974924,-0.053853702173423106,0.1863620521249372,0.24870579217856478,-0.17933124394122021,0.49225417718244974,0.4638542162156585,0.39273021750621884,0.4014814776260309,0.35987360731166784,0.5462135976817485,0.42264598288929084,0.4401788543353827,0.19535602133136937,0.47239849457161165,0.2678765892615301,0.28385037809575536,0.22214351358457327,0.2219797018477109,-0.007834814564895364,-0.07169060049788498,0.21294152263345867,0.4062749730687901,0.28067244350219606,0.591115847535518,0.6964834508899385,0.28105376252330727,1.0
