,Precentral_R,Frontal_Sup_2_R,Frontal_Mid_2_R,Frontal_Inf_Oper_R,Frontal_Inf_Tri_R,Frontal_Inf_Orb_2_R,Rolandic_Oper_R,Supp_Motor_Area_R,Olfactory_R,Frontal_Sup_Medial_R,Frontal_Med_Orb_R,Rectus_R,OFCmed_R,OFCant_R,OFCpost_R,OFClat_R,Insula_R,Cingulate_Mid_R,Cingulate_Post_R,Hippocampus_R,ParaHippocampal_R,Amygdala_R,Calcarine_R,Lingual_R,Fusiform_R,Postcentral_R,Parietal_Sup_R,Parietal_Inf_R,SupraMarginal_R,Angular_R,Precuneus_R,Paracentral_Lobule_R,Caudate_R,Putamen_R,Pallidum_R,Heschl_R,Temporal_Sup_R,Temporal_Pole_Sup_R,Temporal_Mid_R,Temporal_Pole_Mid_R,Temporal_Inf_R,Cerebellum_Crus1_R,Cerebellum_Crus2_R,Cerebellum_3_R,Cerebellum_4_5_R,Cerebellum_6_R,Cerebellum_8_R,Cerebellum_9_R,Thal_AV_R,Thal_LP_R,Thal_VA_R,Thal_VL_R,Thal_VPL_R,Thal_IL_R,Thal_MDm_R,Thal_MDl_R,Thal_LGN_R,Thal_MGN_R,Thal_PuI_R,Thal_PuM_R,Thal_PuA_R,Thal_PuL_R,ACC_sub_R,ACC_pre_R,ACC_sup_R,N_Acc_R,SN_pc_R,SN_pr_R,Red_N_R
Precentral_R,1.0,0.4002070672928755,0.6697595949601751,0.8512411781214363,0.6787034403029423,0.25372778153886716,0.6392391255038573,0.8076198373001215,0.22713892258174015,0.42089610087033313,0.38191014808649165,0.03569804979781335,0.10529451806276581,-0.02924472430274507,-0.08513325031184897,0.3181568223440998,0.37838420880648393,0.6217919295937794,0.7559912047436538,0.4152131655368483,0.29431578790927254,0.23207271751667313,0.5760897362034001,0.5157894898928636,0.5595791280421585,0.9392686993097504,0.522644274451476,0.5678126342877813,0.732376652888107,0.5772620942995518,0.7974835375866812,0.8681158355882094,-0.0371658404377175,0.3694014682299056,0.19143516127689697,0.4813573811858783,0.6026760464925351,0.4581132812179679,0.5422893061664263,0.14562099309458795,-0.03216981653396222,-0.01588647985265922,0.2185381041635864,0.6115554468225955,0.5660247261812851,0.2845919299762342,0.04952745391477035,-0.03291671330622555,0.36018074154089896,0.26366871059249797,0.5859892683486163,0.44045362959742906,0.23907523631580316,0.6159605590460686,0.3878121472163462,0.2242511217167206,0.27123861712732067,0.47320479093051476,0.41676150847586885,0.36596234880403616,0.34762169154431943,0.24445750218023085,0.2083121874256537,0.09207269078518625,0.24233071397256936,0.2462742805720942,0.041209024275921234,0.3229681939103684,0.34848577871963915
Frontal_Sup_2_R,0.4002070672928755,1.0,0.7576710738270201,0.487052872499154,0.5571726749876339,0.41707948470389394,0.3661092269692709,0.5244131823108171,0.24518175999758768,0.8460119142102883,-0.16181695105836616,0.11110446437957391,-0.0005155068495970652,0.19949256864357176,0.2670102869912924,0.2281313622348242,0.5623455616456006,0.7606045993741193,0.282866456166131,0.5592743941676479,0.49284177316142064,0.07388288130364595,-0.03160690358265892,0.1785858884125771,0.3437222276414291,0.4077763726718359,0.3497567995691401,0.47417759991989994,0.26502790267216936,0.09928014240756382,0.44026149689299937,0.4150960584684447,0.4027812461166905,0.46754333887994576,0.31386994039277094,0.3751783901165287,0.21032278549253877,0.12999950941022367,-0.047916655425747294,-0.07003372280888424,0.06542152879643061,-0.16240954119835746,0.01841040394998443,0.5723501929028556,0.4299935793632845,0.2921826053908224,0.4289402923705258,0.3992107831872357,0.5272519074366545,0.33871889354824464,0.5738702393012473,0.6417731701486086,0.4831647258015801,0.5831452352358596,0.45439234386649613,0.5484010258481129,0.4758858434967228,0.29774898183533804,0.49099234138607994,0.5283086441705772,0.5548526789820724,0.49579518140355366,0.06522559027649902,0.3905143719576772,0.6661674598132701,0.02760280563154906,0.3188174232172412,0.5670564959321399,0.5216689037826797
Frontal_Mid_2_R,0.6697595949601751,0.7576710738270201,1.0,0.6879652059414867,0.7801147000227803,0.3355961519090119,0.558064416448366,0.700029955289701,0.23804236825516603,0.7396594958399535,0.11363977857055696,-0.05765309080158217,-0.011834633026764156,0.051942034386806946,0.268363140088088,0.22256225092264142,0.5854251343466825,0.7584550179375155,0.5183363065822552,0.482170965584402,0.3844206501468164,0.24625998089207934,0.1966794941710112,0.2635049513474426,0.4643570099244447,0.6833781730684615,0.40057479982633254,0.5862972866065753,0.5356524619657684,0.29802219668101826,0.6421959239006333,0.6875077551181775,0.21759250057458754,0.5150180180479508,0.32223459828626355,0.5545376048428746,0.38658792549382565,0.2514167059848822,0.23043581025037346,0.16044341394945,0.12242832817566315,-0.028043776884697877,0.15569968293493222,0.5719335313377544,0.462660491456027,0.292623797849757,0.18720378620222836,0.20576707977267386,0.43491798744866716,0.2957366098751528,0.6582949692040166,0.6019726635183806,0.3533181552320797,0.6791465668313684,0.5248296654055,0.3813765543422441,0.3741815789523122,0.4604322424810876,0.3798855635601243,0.4041446188748112,0.4578368691345582,0.37958160168956045,0.08670767790201439,0.31406361914118835,0.5038099806729258,0.18169442283064421,0.13246746918766833,0.4662239810093865,0.488580738138206
Frontal_Inf_Oper_R,0.8512411781214363,0.487052872499154,0.6879652059414867,1.0,0.7862167780364743,0.4493924364492486,0.7777964258962513,0.7370966757520585,0.3888932634751147,0.4677629052058599,0.40795530491602283,0.05555956731863122,0.13932515258014339,0.059332023704842626,-0.14917871031400973,0.4485505205210443,0.5158621580234155,0.7189642970355822,0.597362845051339,0.552837225735626,0.360656991391551,0.05202823921510348,0.5015733912897063,0.6437191366994713,0.650488404705159,0.8847890143293048,0.5000412727867399,0.7135181167503505,0.8418976828674658,0.6655199287069825,0.7281724462722355,0.7798843527696744,0.0941071004125946,0.4655865110252679,0.38119325669685733,0.5503999564713631,0.776481201214203,0.5209826828749242,0.542698827839864,0.028377190342353906,-0.13104048179280395,-0.10451139427880983,0.1521324691847243,0.7142764693571085,0.7169540571689388,0.4620877792955517,0.22028333403380285,0.07413542506676832,0.548023855122453,0.221254249889403,0.6942660347561236,0.6310580220854518,0.43284619111404776,0.5757137122901477,0.476852555937835,0.4675563557488309,0.32527858911139285,0.37856449175685375,0.4539324251393804,0.48764942665283306,0.5268513077371727,0.4162720257126178,0.04931860082656417,0.27058772066103703,0.39750930107798693,0.35059487574024006,0.1893555273287644,0.45366235600243754,0.554229623352855
Frontal_Inf_Tri_R,0.6787034403029423,0.5571726749876339,0.7801147000227803,0.7862167780364743,1.0,0.5332085659693983,0.7854016244486597,0.5240148753403755,0.30252825148942575,0.628145317628987,0.23646471410535475,-0.057325368666042084,0.16544788163239746,-0.04803067877928938,0.222624866780756,0.545343248769137,0.7351964901115212,0.6434122221879324,0.4656737083681996,0.5141840191725198,0.320954502733465,0.0007951409585461209,0.37339747364882575,0.3945617756162385,0.5356908466054225,0.7235854876027887,0.29040442405343836,0.46613269353938785,0.56298931511707,0.42595416125228636,0.556428603413074,0.689199587808602,0.2626917566457315,0.6838820057130203,0.33660560484504354,0.5809723788797149,0.6156653164521865,0.5917288779653885,0.45994825142147727,0.24255319170880277,0.03564655772492967,0.003392975730155235,0.16101085169623194,0.5979217876688233,0.5531638641151988,0.4336204904372398,0.08285669807192451,0.031225067563078364,0.3075255586860051,0.3321848540328864,0.5717433935500172,0.5007234757385862,0.26394440135411795,0.501927882772446,0.3578919170259578,0.23524998750499354,0.1947719265532713,0.3812561681717103,0.34954071274560805,0.3073086865349307,0.33275951300096845,0.2539338466978289,0.05176078054178471,0.47343047665511406,0.5000749496465106,0.12474016731149408,0.044044908148848386,0.3289093480684958,0.38579851502720097
Frontal_Inf_Orb_2_R,0.25372778153886716,0.41707948470389394,0.3355961519090119,0.4493924364492486,0.5332085659693983,1.0,0.5276925196341377,0.26376690544139175,0.4800966840467931,0.3527508951404711,-0.011798989085105247,-0.03078820043253866,0.02139073942435567,0.0024500967324009052,0.0646275282876956,0.5720215336949807,0.657514201704693,0.5063494746902907,0.2159031531525888,0.5821177964513998,0.5244886885491006,-0.032288085900916405,0.013449169089325598,0.25579837569910135,0.25299149058818865,0.3073189444293647,0.13202266894017026,0.23659188332084205,0.1843949379118456,0.038519950698095926,0.3168641507541942,0.28841644718715215,0.3807432476014532,0.5812090941660005,0.58566150834676,0.6041086229337832,0.40884110103851534,0.3661580098721497,-0.04862725788935433,-0.20388357530100878,-0.19456365101594716,-0.35671816742300366,-0.1499972602099058,0.47447624982822534,0.4272168115357309,0.19529910827941116,0.35076761021742753,0.2535190160141823,0.44496011867661267,0.23334818542488794,0.4898951159054563,0.582982394683487,0.40857919065765663,0.30491975591445697,0.44090679649845815,0.46218409351336864,0.22338244579622343,0.029241425785188353,0.380518804400428,0.42533757802315453,0.4355160423880458,0.28839188196342425,0.006192841148969054,0.47988291502951674,0.5102372041606485,0.2658227424885806,0.157883765150527,0.4400772768162469,0.4785224291807071
Rolandic_Oper_R,0.6392391255038573,0.3661092269692709,0.558064416448366,0.7777964258962513,0.7854016244486597,0.5276925196341377,1.0,0.45975231488062857,0.2623252159680381,0.4058921566321782,0.31114990975189616,-0.03376124476364814,0.08661827995697939,-0.09296289528922748,0.04125668802397148,0.5359428223979339,0.7977612275307426,0.6780762560676682,0.4759740805648091,0.7046479109181804,0.40260002392717775,-0.03342256093878111,0.598318590790316,0.7588679935596556,0.6654704753739049,0.7628687084400407,0.26001364287095036,0.5383122853244053,0.6620381404999598,0.5918865430894356,0.5377976259502167,0.648243810662967,0.10042452844204004,0.7166311131560659,0.33022637446214725,0.6964372096323358,0.8753912992931933,0.5834565546880903,0.5564910479473496,0.16107096652582695,-0.1648352405292091,-0.11862879242450333,0.1728232870817157,0.7715776660544155,0.8258972183450002,0.3481212341679329,0.26075450865683364,0.027444619375812964,0.4237040556701585,0.2896150709228189,0.5733406240782238,0.5586211738058866,0.4845370747479841,0.5822318813489971,0.40132082572541095,0.3816148250363952,0.24756658410829446,0.42780424907133174,0.551736620555228,0.4958754050203805,0.46483702074158595,0.3657345392276107,-0.049999998148972574,0.34803243930340866,0.42004558815120707,0.22385575775856598,0.10692309855570846,0.48427125656314646,0.508899125976169
Supp_Motor_Area_R,0.8076198373001215,0.5244131823108171,0.700029955289701,0.7370966757520585,0.5240148753403755,0.26376690544139175,0.45975231488062857,1.0,0.35865996668642897,0.39888557627725135,0.2939929627020295,0.0036253387767685575,-0.06925879789370658,-0.008732916069655646,-0.14799675445689667,0.21193735137346098,0.2656803710999886,0.7209529786073332,0.6942167238262772,0.4884149432125448,0.4766065221438125,0.24585566186445723,0.37489415118908775,0.46305166582929597,0.5240308774738979,0.7769666815350046,0.7018943599398274,0.7229673637329048,0.6256260020263446,0.509378070756214,0.8194379512770412,0.7380396617790494,0.1909809958923699,0.21856697561981547,0.2634080494561706,0.46419706799349264,0.4786646865504619,0.21304713860662353,0.30543908307097006,-0.02686564696736072,-0.003775670509953816,-0.10341983020063437,0.1521655164105161,0.5972470837980934,0.5235967677000843,0.334481812057287,0.20141328536026593,0.27007249270494205,0.542610746619139,0.31609477528870866,0.7205138890908024,0.6073127722272709,0.384248657217336,0.6587942742924776,0.5121108433487611,0.47638446880086294,0.4472667856543456,0.4290272619917489,0.4682869126730542,0.5228330036071765,0.5198896156392395,0.44009432975561513,0.16424737564332903,-0.11336815393335786,0.34062502538686634,0.3000077771865614,0.33448852949637825,0.4943652061292166,0.5397239835897994
Olfactory_R,0.22713892258174015,0.24518175999758768,0.23804236825516603,0.3888932634751147,0.30252825148942575,0.4800966840467931,0.2623252159680381,0.35865996668642897,1.0,0.035788471859584635,0.24208550950275917,0.1022673356727914,-0.13286935525809038,-0.015254373424677033,-0.20671239514807502,0.3200517280480429,0.3038823602370014,0.29481035198804917,0.20603869351974546,0.46575915751631486,0.6052055666380751,0.16644014389493247,0.019184699099377846,0.18480509321249525,0.1814552063737019,0.2557855426767715,0.10775387058539897,0.1972480073129803,0.16951619568456472,0.0195167238071474,0.2741424522164113,0.19667444325893205,0.5552918738343996,0.31407400950547454,0.6023067240925379,0.5222327144899056,0.24436803088423648,0.21513280195133544,-0.10872824472643815,-0.15921024277867404,-0.11698015627016779,-0.3702265858906057,0.017569592601361476,0.3932190397475159,0.30038067139968155,0.1797823083949528,0.12164856237320378,0.3284219263421089,0.34416566559013306,0.3374210591757143,0.5516778784990591,0.5756507130443139,0.25267337178551735,0.18547049961497297,0.48478199095683333,0.4212209750718507,0.30425616550798223,0.01276820674760028,0.27328850568835916,0.31080255337282714,0.4028519243429002,0.19052995623314203,0.18398224350341957,0.08224339052043035,0.38282203714049984,0.2963364670921858,0.053662977259634835,0.34884924976482024,0.4992539598219817
Frontal_Sup_Medial_R,0.42089610087033313,0.8460119142102883,0.7396594958399535,0.4677629052058599,0.628145317628987,0.3527508951404711,0.4058921566321782,0.39888557627725135,0.035788471859584635,1.0,-0.1637967838313949,0.11156950867468089,0.14088558124955283,0.1891731726013471,0.3585778481363997,0.2778964236233888,0.5684745887396748,0.6685884751171365,0.2654910777272417,0.37134613401911015,0.21029296020802182,0.06924501904026449,0.06113860948834035,0.10875617300665949,0.3786849921589129,0.4517491908058835,0.24028839140862104,0.3934416312220912,0.26425143874362017,0.1438883491645087,0.3954365864309628,0.49917362792288683,0.19383199981108337,0.5279247398978656,0.09746629293179114,0.24977384690621962,0.2090033989769371,0.2806564328683275,0.13485962086399628,0.09160772565919191,0.07510089520868428,0.10349015270386136,0.07464114854373011,0.42345892039889377,0.31627947566047776,0.24544466261187928,0.3305492324125021,0.1932998090088719,0.3414650373286062,0.2829167797637739,0.3850458928798252,0.41911423122027525,0.26263596882826207,0.5087075219198532,0.2799442870596288,0.275134813844212,0.1985024346817226,0.29294916733208276,0.31817659738668524,0.30472275181746333,0.31750292728703394,0.30144013447099643,0.03986965968032388,0.6031048336329701,0.6546124432268643,-0.03514556983349602,0.10968822169539096,0.3719524982092106,0.24508144287704187
Frontal_Med_Orb_R,0.38191014808649165,-0.16181695105836616,0.11363977857055696,0.40795530491602283,0.23646471410535475,-0.011798989085105247,0.31114990975189616,0.2939929627020295,0.24208550950275917,-0.1637967838313949,1.0,0.2641901142586865,0.26683385873414783,-0.133134221389212,-0.2395236728824293,0.13053612979807233,0.013976250757397337,0.06659953051432757,0.16550239589587853,0.1355516274982141,0.03731247685583104,0.06745791325933648,0.3306733570748019,0.3524240679868537,0.3316144608400648,0.38539855082128965,0.08904680756862914,0.2644125337105848,0.4006520174290483,0.41227559914304296,0.17400399464750996,0.2859905379501754,-0.15327000025102586,0.022069047258989918,0.10763207449458533,0.2125318258643032,0.37644206330844465,0.3649653849980482,0.4530989238865632,0.07517786647361577,-0.04075330066884319,0.05806941110036334,0.14477719261386585,0.21089012066343005,0.2760499115472739,0.1631179093113503,-0.12294568653743616,-0.10028812355797032,0.09868548197928427,0.05125326052528089,0.22147296830889215,0.07419819589421939,0.024146714736218697,0.15646802280662703,0.14176317321238782,-0.006380826745522239,0.05995376046765898,0.06354967433201067,-0.003294738482105985,0.023090443619627827,0.028040673193457828,-0.002731803300993431,0.05012704346493146,-0.15216793362685813,-0.05868343711050239,0.23426936100293758,-0.12081971781558166,0.04425184082775881,0.14556868645860335
Rectus_R,0.03569804979781335,0.11110446437957391,-0.05765309080158217,0.05555956731863122,-0.057325368666042084,-0.03078820043253866,-0.03376124476364814,0.0036253387767685575,0.1022673356727914,0.11156950867468089,0.2641901142586865,1.0,0.3319038381699612,0.018776112637991803,-0.22879952181961868,0.00785661959805843,-0.06903170419956298,-0.0805314202813774,-0.0385431887880483,0.14931634863562035,-0.046645522940598094,0.013852731781053076,0.21124905957206827,0.035463746532918575,0.15297353387620696,0.05979334550208214,0.012738700327576756,0.043151280839548625,0.022027908625683174,0.1537591258343613,-0.04135627262850684,0.06556736270860651,-0.19383280356520644,-0.1196509971529526,0.05069650475092632,-0.04076733131080687,0.028152877344600345,0.17155563925217795,0.1316076868781893,-0.0016614952001675267,0.13712828899960502,0.06862663295624012,0.13045074834334458,0.10699603255834642,0.0794853178321969,0.16949455247916687,-0.15081140221035141,-0.2129896534725206,0.06068321520549843,-0.12297585500905626,0.0003086860245179019,-0.08552125071387132,-0.021258646837047746,0.03224073611944117,-0.03723423689708872,-0.06208569103559892,0.04600740607492509,-0.03371644215360262,-0.002062316267946206,-0.12479067681408663,-0.1720456075741692,-0.11056362442825016,0.14610882600586864,-0.017166740980501874,-0.0175867227269192,-0.061330970907213254,-0.11219216519543364,-0.017164345671386316,0.01920338854854757
OFCmed_R,0.10529451806276581,-0.0005155068495970652,-0.011834633026764156,0.13932515258014339,0.16544788163239746,0.02139073942435567,0.08661827995697939,-0.06925879789370658,-0.13286935525809038,0.14088558124955283,0.26683385873414783,0.3319038381699612,1.0,0.06537095385660302,-0.03034586911884035,0.09597959076271607,0.014771095167257713,-0.10115593920231235,-0.13140842493793772,-0.13277620173182617,-0.32397448046136373,-0.20759888943339655,0.09278837360199915,-0.054547931281521286,0.1406090843817398,0.08809013708773644,-0.03573351242390556,0.06935138982266027,0.17475294882764852,0.20740318095207755,-0.09051084333456262,0.12865603511217863,-0.19819714528467533,-0.014718243568716776,-0.21739590740077577,-0.19186288415253253,0.08093163081827606,0.4158894349461562,0.3348340382951374,0.20863600236288457,0.067819185052979,0.2394222641695624,0.0407737513686013,-0.07005488413965359,-0.04384753077255816,0.17526995620678135,-0.3016871179173597,-0.36721427935020495,-0.13145817407373434,-0.17493698834156787,-0.12015291344687977,-0.26408917110507346,-0.15308411799844,-0.0958561624860235,-0.2724382036361309,-0.21457102498596028,-0.22401667965228111,-0.08745006806755927,-0.17779373398972745,-0.24328825205297824,-0.22873594481428045,-0.176737491093374,-0.0851484667530967,0.19669935818585663,-0.07252841227237235,-0.09814420836970883,-0.040328241449229134,-0.2583612514830472,-0.21985160797346406
OFCant_R,-0.02924472430274507,0.19949256864357176,0.051942034386806946,0.059332023704842626,-0.04803067877928938,0.0024500967324009052,-0.09296289528922748,-0.008732916069655646,-0.015254373424677033,0.1891731726013471,-0.133134221389212,0.018776112637991803,0.06537095385660302,1.0,-0.06036432683889391,-0.1152033126526927,-0.009548105404496179,0.1516056141769289,0.04374014330699634,-0.06481733476883333,0.00679732041716228,0.004042598540823676,-0.18092516803217473,-0.07550476789881187,-0.05179181613047811,-0.017067533531018596,0.021138187607434262,0.0976737089874157,0.09405440533387309,-0.07459897881633402,0.08746257761909476,0.05964828316228324,0.08578540904820078,0.009763559152894792,0.018962593687311118,-0.13472652330219664,-0.0668817355393263,-0.14682736752396955,-0.12898866102657186,-0.18320650075943234,-0.027911302728930033,-0.0029373014910348523,-0.332430523421135,-0.02548114529429366,-0.03129260001449604,0.001900170075056457,0.1987454327571891,0.09282238366286799,0.19074232226799478,-0.014834868423073381,0.019559232534022447,0.14551036304565687,0.07068729071333721,-0.04760943253132805,0.04352463162360833,0.18172607076801772,0.08664311357867119,-0.11796502269227313,0.015340289160802312,0.12143918780202374,0.18368749318789876,0.13675682046101684,0.029490864553207576,0.23463942980547192,0.09402980610989306,0.1561472664982257,0.14738779680451317,0.005954958068680813,0.0279070670169444
OFCpost_R,-0.08513325031184897,0.2670102869912924,0.268363140088088,-0.14917871031400973,0.222624866780756,0.0646275282876956,0.04125668802397148,-0.14799675445689667,-0.20671239514807502,0.3585778481363997,-0.2395236728824293,-0.22879952181961868,-0.03034586911884035,-0.06036432683889391,1.0,-0.0657009248515531,0.3762229250956605,0.1453868233355229,-0.06955600847099125,0.04242103957558264,-0.01603996078356774,-0.07262392465831351,-0.16219733417184953,-0.15676793081298954,-0.029186104676755295,-0.09146046821931232,-0.14326881290415674,-0.11604774974942743,-0.18555966508731636,-0.2017601618485497,-0.046982820034561036,-0.01546304653070517,0.18298702427467706,0.38225805729123474,-0.20202972770449568,-0.04940551433007745,-0.12520427149585134,-0.021955084018125803,-0.06012265176472541,0.35305030022322875,0.28604071442889306,0.02839811123400376,-0.035088354883637686,-0.04379506470454995,-0.023300174860783618,0.019318954524254903,0.1264109836114838,0.1497901224621072,-0.1922262644972371,0.06435827424335365,-0.04388577352412536,-0.024565078038719816,0.03891319717931583,0.057809217348776414,-0.156583066856194,-0.08608113538937752,-0.10004165850148812,-0.002250033053556665,0.028092253221285057,-0.013717146021158914,-0.032833552816908064,0.12117187114455573,-0.03585103247245146,0.2872615996565339,0.2198587419471166,-0.3324639033319338,-0.02776085507477762,-0.04294644326166395,-0.1054716882949458
OFClat_R,0.3181568223440998,0.2281313622348242,0.22256225092264142,0.4485505205210443,0.545343248769137,0.5720215336949807,0.5359428223979339,0.21193735137346098,0.3200517280480429,0.2778964236233888,0.13053612979807233,0.00785661959805843,0.09597959076271607,-0.1152033126526927,-0.0657009248515531,1.0,0.5028521752760443,0.3808753801006161,0.23241034746887082,0.39997793283291416,0.2919436671623144,-0.20851246682010854,0.24604049936474856,0.3491405386936399,0.40752564995193913,0.38379286884828767,0.23011287112566353,0.24994874923708288,0.25846519147427816,0.28827233376490674,0.26261836353686135,0.3048131786631703,0.16393465831032775,0.426168992873319,0.2670933896982719,0.38078400188159595,0.49135101825234406,0.7042724025684838,0.2461243354153328,0.10095240212631719,-0.2984990281063279,-0.13104051617568205,0.012864578896600457,0.4009267168399186,0.3720692550288545,0.1778547422078224,0.17559454917104178,0.08545257800667691,0.21165418572762157,0.17795765331931301,0.3277954234035277,0.3349225747237969,0.18006628260859078,0.2471910818904236,0.11546322243863481,0.1856148882014724,0.06580076368296867,0.047356419939486326,0.25308617777957987,0.22118866533854128,0.20442095208285976,0.1755320371932462,-0.018190274654814428,0.31224115618722353,0.404150676112185,0.14822071235042628,0.15927832330376815,0.314742940544467,0.2661481337971289
Insula_R,0.37838420880648393,0.5623455616456006,0.5854251343466825,0.5158621580234155,0.7351964901115212,0.657514201704693,0.7977612275307426,0.2656803710999886,0.3038823602370014,0.5684745887396748,0.013976250757397337,-0.06903170419956298,0.014771095167257713,-0.009548105404496179,0.3762229250956605,0.5028521752760443,1.0,0.6458594928910146,0.3043146124142435,0.7051016193405513,0.5019537397516064,0.009064827598332189,0.23797624057397068,0.4464508612197669,0.4685944725089102,0.4675464205456944,0.07473370825012271,0.28830141618038,0.3048853755295118,0.2026589152124896,0.36766168947721456,0.41412224490903987,0.3639429810750181,0.8848585796207812,0.42790832893087505,0.6736541529658683,0.5626547402455102,0.41337234342236795,0.19285944493107182,0.14174468531635342,-0.08146794722990207,-0.22196271611629598,0.045721029716917286,0.6849462312992577,0.660177308564659,0.2448262842465305,0.30324208887060433,0.15567377484249037,0.3853938626686542,0.3444554873443071,0.5200179533513242,0.5786257956003346,0.5409130103799409,0.5018308422993624,0.4201821694616314,0.42258896249693056,0.26165579618877427,0.27071745701450617,0.5393701827677914,0.49001230680914004,0.4745717137979758,0.400102816713038,-0.016523463304989088,0.5126735137666979,0.6002339430057692,0.09055073581428791,0.09047485721631536,0.5114095737793962,0.4893910414754713
Cingulate_Mid_R,0.6217919295937794,0.7606045993741193,0.7584550179375155,0.7189642970355822,0.6434122221879324,0.5063494746902907,0.6780762560676682,0.7209529786073332,0.29481035198804917,0.6685884751171365,0.06659953051432757,-0.0805314202813774,-0.10115593920231235,0.1516056141769289,0.1453868233355229,0.3808753801006161,0.6458594928910146,1.0,0.5398378548669999,0.7183460988410864,0.5731175122337206,0.0851942197360942,0.29779289973198014,0.5924732345059587,0.6201369323847636,0.6813371027986965,0.5435791044608289,0.7457731231499409,0.5679655691793353,0.43663715102110984,0.7223347898773612,0.6485568637692771,0.33313306868724724,0.5712312905367491,0.32584431479135517,0.5520982184705178,0.6120028104444986,0.2525668691242457,0.23705280202093545,-0.013125179330678399,-0.09432451980866596,-0.1892391597607937,0.06364207741602582,0.7477717920279232,0.7283821930988879,0.3703049643389777,0.5355039289115843,0.4381925750215646,0.6691533171552976,0.3482480487328527,0.7448691070702639,0.7913685815350329,0.621397618036302,0.7003951299568248,0.5329753936042223,0.6648699386142394,0.4238241886385794,0.38596949467578295,0.6212769523550996,0.7250395367434116,0.7240747530311568,0.6550129548818715,-0.019446166316221442,0.30590075651970033,0.623593080021867,0.26847017252368877,0.463716282848404,0.6943843622333989,0.6858834218756873
Cingulate_Post_R,0.7559912047436538,0.282866456166131,0.5183363065822552,0.597362845051339,0.4656737083681996,0.2159031531525888,0.4759740805648091,0.6942167238262772,0.20603869351974546,0.2654910777272417,0.16550239589587853,-0.0385431887880483,-0.13140842493793772,0.04374014330699634,-0.06955600847099125,0.23241034746887082,0.3043146124142435,0.5398378548669999,1.0,0.4028998327222188,0.31096466809877943,0.23610336921936811,0.6057280590997353,0.4683065161637023,0.43336525295871015,0.7377625702972503,0.4930727018543893,0.4281463471892615,0.5213415521431639,0.44315691599365664,0.8644958251989825,0.7533080093922211,0.05269584346499552,0.2857952032358667,0.2445027949699983,0.46714936752624214,0.4653045447639294,0.27141266401013703,0.35292967841819795,0.05654281885148454,0.008600470729897646,-0.036312992455429544,0.11207361124473926,0.5096799398771207,0.5099688144089004,0.17164536028444652,0.014341638656703399,-0.04327813162633173,0.3014669901045249,0.19625324138802153,0.5237606820412718,0.42906013613118615,0.2862671585214666,0.5192105255602477,0.36015663835134665,0.2272315285046537,0.2830635512377248,0.41777826244608574,0.39957374606752455,0.3813858845218382,0.32382669398475067,0.23638872749686388,0.15486430494306502,0.05844239654319778,0.10516321124662656,0.29678831255450167,0.12393320495214097,0.27870197969407184,0.35247610649258887
Hippocampus_R,0.4152131655368483,0.5592743941676479,0.482170965584402,0.552837225735626,0.5141840191725198,0.5821177964513998,0.7046479109181804,0.4884149432125448,0.46575915751631486,0.37134613401911015,0.1355516274982141,0.14931634863562035,-0.13277620173182617,-0.06481733476883333,0.04242103957558264,0.39997793283291416,0.7051016193405513,0.7183460988410864,0.4028998327222188,1.0,0.7649168423683566,0.04820056576110212,0.3280913449003352,0.6567353985489067,0.5626796511254976,0.5200794126859898,0.2677354854338216,0.4543071400277564,0.3100798201118908,0.2788603173009871,0.46347216063750246,0.3771809667773387,0.393434386103324,0.5944663080849685,0.5187997861755025,0.7409320098560056,0.5925734442894135,0.23878140944811535,0.0820302384367267,-0.1354617315537923,-0.12455009156016528,-0.4285583980264588,0.10254404275788213,0.8433350032691812,0.7870012665152561,0.27202651976144027,0.41083930942533825,0.35254175960714934,0.5797657000696886,0.3604003298835816,0.7123476914996332,0.775034651576215,0.7231300275600101,0.6383160838118976,0.589390795777953,0.6955223579388813,0.5368760957890494,0.32786378217875506,0.7426997553935903,0.7231620331011801,0.6774236044829122,0.6110483159404484,-0.040477879055321485,0.17737508207844455,0.5979572569702688,0.15467472118882994,0.3068965015715962,0.7339743895705765,0.7792722992684704
ParaHippocampal_R,0.29431578790927254,0.49284177316142064,0.3844206501468164,0.360656991391551,0.320954502733465,0.5244886885491006,0.40260002392717775,0.4766065221438125,0.6052055666380751,0.21029296020802182,0.03731247685583104,-0.046645522940598094,-0.32397448046136373,0.00679732041716228,-0.01603996078356774,0.2919436671623144,0.5019537397516064,0.5731175122337206,0.31096466809877943,0.7649168423683566,1.0,0.12900465350204235,0.02356087540968703,0.36138221885842775,0.22892013258113583,0.33829838196592993,0.22585786177565942,0.27191136763972007,0.07857559701211142,-0.05338022878352042,0.4120483587162546,0.22365195560185885,0.5827548457620984,0.40763387666580153,0.5497601774556989,0.6874991307863956,0.27314320087158944,-0.028896052076556808,-0.28379025997901747,-0.2673521489901676,-0.1333897371956032,-0.5798890517403824,-0.0255488585327819,0.6840318772327738,0.4901791721734001,0.09617833507671765,0.4619769750163627,0.6176991623889475,0.5585735630552312,0.5083321955496125,0.7178234751178283,0.7723702390111994,0.5743965521264849,0.49613174804152466,0.6135077059583254,0.6924161737432111,0.6063586185842604,0.20531408051304173,0.6566872425381997,0.6566819809207873,0.6628323968261568,0.5124640450237568,0.11110127608430881,0.0016872528918989158,0.5597270183323756,0.1618638815699166,0.3516011836679937,0.693421919649522,0.7493615498068764
Amygdala_R,0.23207271751667313,0.07388288130364595,0.24625998089207934,0.05202823921510348,0.0007951409585461209,-0.032288085900916405,-0.03342256093878111,0.24585566186445723,0.16644014389493247,0.06924501904026449,0.06745791325933648,0.013852731781053076,-0.20759888943339655,0.004042598540823676,-0.07262392465831351,-0.20851246682010854,0.009064827598332189,0.0851942197360942,0.23610336921936811,0.04820056576110212,0.12900465350204235,1.0,-0.05064685499484896,-0.1422570551775865,0.041823147447784245,0.16370421561004106,-0.022807687570669817,0.07879927205711304,0.05765883043361043,-0.13693566334846446,0.15460331707034172,0.1508189908962695,0.027059961109135205,0.05419947116732265,0.2569793539701585,0.27367904179537245,-0.15245350603778354,-0.19232591679944064,-0.13671423105394978,-0.12757302843757584,-0.13910418716738226,0.05724442509647122,0.15094108153291522,-0.0076043041763484386,-0.09560830650635367,-0.3636198850523585,-0.06801507709165422,-0.024325379356255325,0.07143291422794892,0.30699815783997125,0.2571991965577542,0.16998732537254632,-0.04891788149259513,0.25553802248055807,0.5072489084713958,0.06417694992557775,0.06461588414789016,0.22842461145293727,-0.06813838952284172,0.10495738811817999,0.044386493094902967,-0.05917842661055221,0.25300764770092404,-0.13505662216553455,0.07119393209732251,0.3513277090356048,-0.2769222086871229,0.14693546807044272,0.06244031418706209
Calcarine_R,0.5760897362034001,-0.03160690358265892,0.1966794941710112,0.5015733912897063,0.37339747364882575,0.013449169089325598,0.598318590790316,0.37489415118908775,0.019184699099377846,0.06113860948834035,0.3306733570748019,0.21124905957206827,0.09278837360199915,-0.18092516803217473,-0.16219733417184953,0.24604049936474856,0.23797624057397068,0.29779289973198014,0.6057280590997353,0.3280913449003352,0.02356087540968703,-0.05064685499484896,1.0,0.7310068451413754,0.5468045114978265,0.6627206277887507,0.3815137248971384,0.38654538874206534,0.5577264338898951,0.7229797355117016,0.5423835613141623,0.6256240759596196,-0.2623780057667277,0.24462999134684915,-0.03225671598956291,0.24374472677934464,0.7190750896493476,0.4873943257096952,0.7312796055249922,0.25784944805446497,0.02732644694597009,0.153771869092967,0.307496837419043,0.4654761128025344,0.6402542869729049,0.3431852328982975,-0.07878366633779085,-0.3074734586249441,0.1260163572772226,-0.04699413672240691,0.1963131013009861,0.08070446590562529,0.11054367204535083,0.2966731654160307,-0.0136026487638808,-0.03378929865263077,0.0296661316933736,0.362052481791855,0.31367156253894496,0.12120040007309663,0.04351715329165555,-0.0007904318706240718,0.016770139927326008,-0.0043062733839082995,-0.09809403941159171,0.11323534980844624,0.03797839128442718,0.09993015536596525,0.0902959164073378
Lingual_R,0.5157894898928636,0.1785858884125771,0.2635049513474426,0.6437191366994713,0.3945617756162385,0.25579837569910135,0.7588679935596556,0.46305166582929597,0.18480509321249525,0.10875617300665949,0.3524240679868537,0.035463746532918575,-0.054547931281521286,-0.07550476789881187,-0.15676793081298954,0.3491405386936399,0.4464508612197669,0.5924732345059587,0.4683065161637023,0.6567353985489067,0.36138221885842775,-0.1422570551775865,0.7310068451413754,1.0,0.6674062847873768,0.6393679323499317,0.4415450524692954,0.6011308266332629,0.6247691126126798,0.7308598062433416,0.5404514328836107,0.48306618500850707,-0.0333700366877527,0.39709711792207564,0.16987167683426405,0.4224773280347152,0.8878631522481037,0.3488193602907863,0.5531948626121773,-0.0483088060686583,-0.26007923985310183,-0.18282870016467354,0.12962046889779408,0.7260919584261176,0.8932498727374547,0.3744425850508266,0.384226525577843,0.11397770978772043,0.49028068149388976,0.06687697013256519,0.475681208242415,0.48888232118810665,0.5750477628131718,0.45849830926687585,0.26176636649741597,0.49242402458678897,0.3097004921907824,0.3074803430530606,0.6088068473475706,0.5926286070418749,0.5292463796528312,0.5101060856428077,-0.14983648303982766,0.011384278878017844,0.22309533549860527,0.22684955098363588,0.3162899568751542,0.4731129018359146,0.533200548636608
Fusiform_R,0.5595791280421585,0.3437222276414291,0.4643570099244447,0.650488404705159,0.5356908466054225,0.25299149058818865,0.6654704753739049,0.5240308774738979,0.1814552063737019,0.3786849921589129,0.3316144608400648,0.15297353387620696,0.1406090843817398,-0.05179181613047811,-0.029186104676755295,0.40752564995193913,0.4685944725089102,0.6201369323847636,0.43336525295871015,0.5626796511254976,0.22892013258113583,0.041823147447784245,0.5468045114978265,0.6674062847873768,1.0,0.6721368825669547,0.43597226167244263,0.673595963242142,0.6454728737428886,0.6884156845545926,0.5292238691712314,0.5449481628351757,-0.0895336026702022,0.31220501671786105,0.18004946045747341,0.3312672725394719,0.7006536815499246,0.4264069901627856,0.6254307685716523,0.27575621823197577,0.12384214619506896,0.220646473312457,0.24329992700473327,0.5763545532814359,0.705630267061584,0.4901357671164396,0.25348434137899284,-0.0064490623773551985,0.38427790783147775,-0.01251728379375425,0.453680486556927,0.3842764675618531,0.43771693452092353,0.5760291527987136,0.23373197562995782,0.31609402790979635,0.2072640974514128,0.36370280573438596,0.3433542244756255,0.40001523411818884,0.35589811629504936,0.4769766842431165,-0.16976060355677505,0.1101988202038529,0.2686132297829961,0.25435491774161323,0.23406998226800527,0.5064631932220216,0.4221855793701929
Postcentral_R,0.9392686993097504,0.4077763726718359,0.6833781730684615,0.8847890143293048,0.7235854876027887,0.3073189444293647,0.7628687084400407,0.7769666815350046,0.2557855426767715,0.4517491908058835,0.38539855082128965,0.05979334550208214,0.08809013708773644,-0.017067533531018596,-0.09146046821931232,0.38379286884828767,0.4675464205456944,0.6813371027986965,0.7377625702972503,0.5200794126859898,0.33829838196592993,0.16370421561004106,0.6627206277887507,0.6393679323499317,0.6721368825669547,1.0,0.5382095263812966,0.6565324172723084,0.80085993022228,0.6560852328591783,0.8210391688735098,0.912189598743533,-0.03406226934077765,0.4328553959050769,0.21022249859714515,0.5546859662925793,0.7286630542178362,0.5048603021217577,0.6026293756433152,0.1512023034181485,-0.06397649717749446,-0.024927038340331487,0.22846855925266416,0.6955430097568248,0.6630109299318057,0.3098695630110882,0.15182967249835871,-0.008200495511154624,0.41574494953086905,0.2486096209882877,0.6360734977210729,0.5096149375912604,0.30776611042122126,0.6670120532407222,0.4095541383906491,0.29506514293510483,0.286780555036991,0.5017130368800999,0.4534854756599097,0.39354711881183285,0.39252009846261726,0.28870411756964653,0.1313912277130202,0.15975483697239307,0.3093495815601373,0.2587705625912335,0.06453827509823301,0.4093653412261752,0.429091776543765
Parietal_Sup_R,0.522644274451476,0.3497567995691401,0.40057479982633254,0.5000412727867399,0.29040442405343836,0.13202266894017026,0.26001364287095036,0.7018943599398274,0.10775387058539897,0.24028839140862104,0.08904680756862914,0.012738700327576756,-0.03573351242390556,0.021138187607434262,-0.14326881290415674,0.23011287112566353,0.07473370825012271,0.5435791044608289,0.4930727018543893,0.2677354854338216,0.22585786177565942,-0.022807687570669817,0.3815137248971384,0.4415450524692954,0.43597226167244263,0.5382095263812966,1.0,0.7395413923069291,0.5173369840092906,0.6463024128936963,0.7091378557527123,0.4729502354734725,0.028760954295819926,0.028349952486142655,0.012924509814688104,0.11923898192911948,0.4600658968310704,0.11918122219805234,0.3311830444479077,-0.05677018576789063,-0.10370889684571828,-0.021763423705849747,0.12274887186186176,0.3504981937734434,0.41654682601723453,0.4106685391951122,0.24790971600775472,0.24205701084506245,0.4533180814203614,0.09948435508869162,0.48008307706920694,0.3784499570247451,0.2454632722685219,0.3769293902182463,0.18706865442202178,0.3410494854659568,0.16848716933752886,0.16472589881176203,0.2812399088322079,0.3692961425870618,0.3385835827912574,0.4203040418270701,0.0413099634930365,-0.19708763684546762,0.1797042816354934,0.13755815665651125,0.4473492960983708,0.30400100247586914,0.3856110496452153
Parietal_Inf_R,0.5678126342877813,0.47417759991989994,0.5862972866065753,0.7135181167503505,0.46613269353938785,0.23659188332084205,0.5383122853244053,0.7229673637329048,0.1972480073129803,0.3934416312220912,0.2644125337105848,0.043151280839548625,0.06935138982266027,0.0976737089874157,-0.11604774974942743,0.24994874923708288,0.28830141618038,0.7457731231499409,0.4281463471892615,0.4543071400277564,0.27191136763972007,0.07879927205711304,0.38654538874206534,0.6011308266332629,0.673595963242142,0.6565324172723084,0.7395413923069291,1.0,0.7935229834978643,0.7438527406772194,0.675010674418037,0.602845980836991,0.021179064623454234,0.19407284973091615,0.16624570484601603,0.2835546369515075,0.670583934754824,0.2381523586870977,0.4776038737790296,0.019074954813405983,-0.0947255797185647,0.032722081857226686,0.152337115942111,0.5303583634032951,0.6134200495098789,0.4561143030931922,0.3857685604139158,0.2676525181870893,0.5753357318759948,0.1185884972218265,0.6225946648694488,0.5816149746630536,0.4133271313555243,0.5464274465655357,0.3952714712380119,0.5310310307987034,0.3065127812677492,0.3314877804464539,0.34077936519731145,0.5092624891839992,0.5171800627708194,0.5348005983155176,-0.05557345938315613,-0.004101947445319317,0.3094045148604942,0.33325309998658864,0.42681140542517443,0.5073477459056989,0.5647652256203909
SupraMarginal_R,0.732376652888107,0.26502790267216936,0.5356524619657684,0.8418976828674658,0.56298931511707,0.1843949379118456,0.6620381404999598,0.6256260020263446,0.16951619568456472,0.26425143874362017,0.4006520174290483,0.022027908625683174,0.17475294882764852,0.09405440533387309,-0.18555966508731636,0.25846519147427816,0.3048853755295118,0.5679655691793353,0.5213415521431639,0.3100798201118908,0.07857559701211142,0.05765883043361043,0.5577264338898951,0.6247691126126798,0.6454728737428886,0.80085993022228,0.5173369840092906,0.7935229834978643,1.0,0.8144445596193007,0.6602633601452854,0.7326704737794444,-0.14316608097834052,0.24773433396377068,0.14729384746028382,0.3253496356845049,0.7670595485962012,0.43752438199973565,0.7282700524404242,0.1506996966588867,-0.0896417360281535,0.1295423737892308,0.2259170806574916,0.4982661861751323,0.6172611404833427,0.42861034511199775,0.13020958940510738,-0.06716064954388616,0.3925378994024281,0.0360768652972403,0.4924676776528775,0.39593238233652855,0.2754380007679069,0.45498543868046165,0.27943296651758726,0.287747316138047,0.18094985482742443,0.3758233736637808,0.22555349998190974,0.31108394987442256,0.3574863869372559,0.3041010743859137,-0.007968183202178094,0.04485089283273832,0.10867550508977092,0.35288599175202295,0.165390838613209,0.31553561326716906,0.34918459038907845
Angular_R,0.5772620942995518,0.09928014240756382,0.29802219668101826,0.6655199287069825,0.42595416125228636,0.038519950698095926,0.5918865430894356,0.509378070756214,0.0195167238071474,0.1438883491645087,0.41227559914304296,0.1537591258343613,0.20740318095207755,-0.07459897881633402,-0.2017601618485497,0.28827233376490674,0.2026589152124896,0.43663715102110984,0.44315691599365664,0.2788603173009871,-0.05338022878352042,-0.13693566334846446,0.7229797355117016,0.7308598062433416,0.6884156845545926,0.6560852328591783,0.6463024128936963,0.7438527406772194,0.8144445596193007,1.0,0.5631770461881307,0.5808151353452822,-0.23735042470403697,0.15392676604132444,-0.08259072613713676,0.11243461730387713,0.8230607900173721,0.45158461097611446,0.8402576268354662,0.2414146734700228,-0.058627635515389444,0.23608618957783314,0.2789806434381011,0.41749998741316446,0.6572430124906685,0.5682417348378229,0.07976485741563723,-0.13922163356461723,0.2681950782182948,-0.0478855110478001,0.3381256521103693,0.22112361685983647,0.22314015866714132,0.36355218273014334,0.01985130296924785,0.1598475324545064,0.034178648101895914,0.2896203153631644,0.21695729668392552,0.23932634984623558,0.2305046945780818,0.29465577137689164,-0.06061013317436911,-0.08764871901886971,0.005517828733099264,0.1518012327781183,0.23526186758055334,0.1836147786982739,0.2441803739278927
Precuneus_R,0.7974835375866812,0.44026149689299937,0.6421959239006333,0.7281724462722355,0.556428603413074,0.3168641507541942,0.5377976259502167,0.8194379512770412,0.2741424522164113,0.3954365864309628,0.17400399464750996,-0.04135627262850684,-0.09051084333456262,0.08746257761909476,-0.046982820034561036,0.26261836353686135,0.36766168947721456,0.7223347898773612,0.8644958251989825,0.46347216063750246,0.4120483587162546,0.15460331707034172,0.5423835613141623,0.5404514328836107,0.5292238691712314,0.8210391688735098,0.7091378557527123,0.675010674418037,0.6602633601452854,0.5631770461881307,1.0,0.8351142794169585,0.11061175377976287,0.3117131145415606,0.2681218520422607,0.4694684401221376,0.5889456808447745,0.24378765145815992,0.3911855255082509,0.007657286849473591,-0.040836202671855046,-0.10777491495025816,0.10223497079118268,0.5991313154675738,0.5905868447633715,0.3103363174104571,0.22362541579558382,0.15797448575550818,0.47868045513347907,0.2041196056250033,0.6680822571445943,0.5791778680396652,0.3741481259986028,0.5556535527574481,0.43239023470522797,0.40237275304185244,0.3026803939904003,0.3789338699605367,0.43009450816161426,0.4679196137483221,0.45726192906060215,0.39216814716935106,0.10273154350049508,0.08515771269555375,0.2654987797311815,0.3151620670508557,0.26868202514078005,0.43273564187875513,0.5112648889272963
Paracentral_Lobule_R,0.8681158355882094,0.4150960584684447,0.6875077551181775,0.7798843527696744,0.689199587808602,0.28841644718715215,0.648243810662967,0.7380396617790494,0.19667444325893205,0.49917362792288683,0.2859905379501754,0.06556736270860651,0.12865603511217863,0.05964828316228324,-0.01546304653070517,0.3048131786631703,0.41412224490903987,0.6485568637692771,0.7533080093922211,0.3771809667773387,0.22365195560185885,0.1508189908962695,0.6256240759596196,0.48306618500850707,0.5449481628351757,0.912189598743533,0.4729502354734725,0.602845980836991,0.7326704737794444,0.5808151353452822,0.8351142794169585,1.0,-0.014781461694753726,0.38946796266973177,0.14861747735375488,0.45657672008097483,0.6160669294556715,0.4840459987148565,0.5722239899009947,0.2288799828041899,0.061601986774303945,0.06129506461206197,0.15370696970052644,0.5641759261752952,0.5339971578097578,0.301096534780871,0.06400437086511646,-0.09033318741764604,0.30138538058876757,0.18848824843835743,0.5354895749471955,0.41716352650797234,0.20962332713008916,0.5610896769916939,0.30609136997783215,0.18330691388142684,0.19269848652975163,0.47088027622719436,0.33461766780151597,0.2716027822728069,0.3047002856064206,0.14887115221720335,0.14450029937880235,0.2630592456330512,0.24821197133360237,0.23053572334940675,0.0678269063882693,0.27372507518184735,0.2943229376214655
Caudate_R,-0.0371658404377175,0.4027812461166905,0.21759250057458754,0.0941071004125946,0.2626917566457315,0.3807432476014532,0.10042452844204004,0.1909809958923699,0.5552918738343996,0.19383199981108337,-0.15327000025102586,-0.19383280356520644,-0.19819714528467533,0.08578540904820078,0.18298702427467706,0.16393465831032775,0.3639429810750181,0.33313306868724724,0.05269584346499552,0.393434386103324,0.5827548457620984,0.027059961109135205,-0.2623780057667277,-0.0333700366877527,-0.0895336026702022,-0.03406226934077765,0.028760954295819926,0.021179064623454234,-0.14316608097834052,-0.23735042470403697,0.11061175377976287,-0.014781461694753726,1.0,0.4183696699759544,0.2514557955782574,0.3422142753583937,-0.03395156730710352,-0.042491263501620455,-0.33056482306187573,-0.12512627205295024,-0.04560623056939464,-0.3784522003849544,-0.05874103389758115,0.24349274091618714,0.14880735861295136,0.16568969249750484,0.2079892698733412,0.5334625783555298,0.2768911153093124,0.6362197074977949,0.4339227288237001,0.533108615066585,0.2858103731401003,0.10066076499384662,0.2835948339025043,0.4399255279577635,0.310253813343195,0.012461526084051171,0.31664601930792674,0.35391635045959813,0.41314312627821154,0.23702131562163545,0.09784971930392095,0.15611512337790787,0.5698999993691186,-0.1475894331601165,0.2943029673524383,0.30547352168475944,0.41404302641466834
Putamen_R,0.3694014682299056,0.46754333887994576,0.5150180180479508,0.4655865110252679,0.6838820057130203,0.5812090941660005,0.7166311131560659,0.21856697561981547,0.31407400950547454,0.5279247398978656,0.022069047258989918,-0.1196509971529526,-0.014718243568716776,0.009763559152894792,0.38225805729123474,0.426168992873319,0.8848585796207812,0.5712312905367491,0.2857952032358667,0.5944663080849685,0.40763387666580153,0.05419947116732265,0.24462999134684915,0.39709711792207564,0.31220501671786105,0.4328553959050769,0.028349952486142655,0.19407284973091615,0.24773433396377068,0.15392676604132444,0.3117131145415606,0.38946796266973177,0.4183696699759544,1.0,0.31276107419757515,0.6008599992605014,0.509653789156559,0.4431673181529116,0.17361666507456394,0.10818395440638359,-0.17585229230859836,-0.21551620723323933,0.018884888082526172,0.5681034608370016,0.5505206363873677,0.12450529457008212,0.23298730162296424,0.15293750551078292,0.3176241797781473,0.46253049443473904,0.48826623846967576,0.5468733683879127,0.3646923192628871,0.3937396962571,0.4124500575851326,0.3221263343003989,0.16357710832693353,0.285735533987414,0.4690835405690383,0.43071115552748385,0.43888109743646786,0.26540932054976424,0.13332180409570724,0.5765220346735231,0.6179954856858251,0.031690772897828096,-0.07497085621214114,0.32628701291609036,0.34007430695500745
Pallidum_R,0.19143516127689697,0.31386994039277094,0.32223459828626355,0.38119325669685733,0.33660560484504354,0.58566150834676,0.33022637446214725,0.2634080494561706,0.6023067240925379,0.09746629293179114,0.10763207449458533,0.05069650475092632,-0.21739590740077577,0.018962593687311118,-0.20202972770449568,0.2670933896982719,0.42790832893087505,0.32584431479135517,0.2445027949699983,0.5187997861755025,0.5497601774556989,0.2569793539701585,-0.03225671598956291,0.16987167683426405,0.18004946045747341,0.21022249859714515,0.012924509814688104,0.16624570484601603,0.14729384746028382,-0.08259072613713676,0.2681218520422607,0.14861747735375488,0.2514557955782574,0.31276107419757515,1.0,0.6432017520140072,0.23562732555216703,0.10365543701265106,-0.22942510577238018,-0.2744140282605137,-0.09786830711245646,-0.3308123386315976,-0.05972777883390238,0.4843791579119721,0.33872007406122895,0.04763725391545947,0.13031799597699018,0.07869464129569981,0.41365373410264045,0.07931447858048948,0.47931585828516443,0.570695052342822,0.4285238146008778,0.26634880331984034,0.7129080665999199,0.4894205341435187,0.430786079431825,0.08987322850531586,0.33090448627080016,0.41660374211257933,0.4296907061344801,0.23531049839793186,0.046298165621065,0.17836168976824215,0.23168856852347375,0.6173645501360918,0.01981797046252136,0.5170794962340444,0.5541443153501949
Heschl_R,0.4813573811858783,0.3751783901165287,0.5545376048428746,0.5503999564713631,0.5809723788797149,0.6041086229337832,0.6964372096323358,0.46419706799349264,0.5222327144899056,0.24977384690621962,0.2125318258643032,-0.04076733131080687,-0.19186288415253253,-0.13472652330219664,-0.04940551433007745,0.38078400188159595,0.6736541529658683,0.5520982184705178,0.46714936752624214,0.7409320098560056,0.6874991307863956,0.27367904179537245,0.24374472677934464,0.4224773280347152,0.3312672725394719,0.5546859662925793,0.11923898192911948,0.2835546369515075,0.3253496356845049,0.11243461730387713,0.4694684401221376,0.45657672008097483,0.3422142753583937,0.6008599992605014,0.6432017520140072,1.0,0.4928393085611819,0.2667668410362956,0.03175752640571392,-0.106744940631076,-0.20141607961144398,-0.42321028674856104,0.11613799630433133,0.7236977573107669,0.5571837651361474,0.06363431016209063,0.19682295747290723,0.2516373177575771,0.4316614925844402,0.4319980565592946,0.6856293463152964,0.7035866630691276,0.5007328816090136,0.5738775508425907,0.7196940727398805,0.47522696350910587,0.42677808104163323,0.35006502143924634,0.5308199024009999,0.5391978947441884,0.5384079989638013,0.3251312088538549,0.09527537280840308,0.20496963398922818,0.45961369714067024,0.2999757397172577,0.022991470789697856,0.5812219714435183,0.668504635795441
Temporal_Sup_R,0.6026760464925351,0.21032278549253877,0.38658792549382565,0.776481201214203,0.6156653164521865,0.40884110103851534,0.8753912992931933,0.4786646865504619,0.24436803088423648,0.2090033989769371,0.37644206330844465,0.028152877344600345,0.08093163081827606,-0.0668817355393263,-0.12520427149585134,0.49135101825234406,0.5626547402455102,0.6120028104444986,0.4653045447639294,0.5925734442894135,0.27314320087158944,-0.15245350603778354,0.7190750896493476,0.8878631522481037,0.7006536815499246,0.7286630542178362,0.4600658968310704,0.670583934754824,0.7670595485962012,0.8230607900173721,0.5889456808447745,0.6160669294556715,-0.03395156730710352,0.509653789156559,0.23562732555216703,0.4928393085611819,1.0,0.5538884358499429,0.689799705999409,0.1114254871678215,-0.22083254412198272,-0.08099240760562751,0.14735229728958915,0.7010613293842933,0.8542271146914978,0.46899507189620715,0.2846516028428505,0.021146217163167468,0.4431981806672273,0.11062857004329615,0.5228723745785505,0.5078567612955934,0.44480451374615476,0.47027102431201073,0.2844330284044751,0.38672263004658886,0.19589593942408023,0.3570386694939007,0.4975804763528019,0.4877104325760421,0.4642686735022245,0.4003072156792468,-0.06640184307229446,0.18013753065496435,0.2261844787781271,0.2838353312436738,0.2205448869520128,0.41414116399984763,0.48681834461187046
Temporal_Pole_Sup_R,0.4581132812179679,0.12999950941022367,0.2514167059848822,0.5209826828749242,0.5917288779653885,0.3661580098721497,0.5834565546880903,0.21304713860662353,0.21513280195133544,0.2806564328683275,0.3649653849980482,0.17155563925217795,0.4158894349461562,-0.14682736752396955,-0.021955084018125803,0.7042724025684838,0.41337234342236795,0.2525668691242457,0.27141266401013703,0.23878140944811535,-0.028896052076556808,-0.19232591679944064,0.4873943257096952,0.3488193602907863,0.4264069901627856,0.5048603021217577,0.11918122219805234,0.2381523586870977,0.43752438199973565,0.45158461097611446,0.24378765145815992,0.4840459987148565,-0.042491263501620455,0.4431673181529116,0.10365543701265106,0.2667668410362956,0.5538884358499429,1.0,0.5824827067788888,0.41174249251996314,-0.08544811883925202,0.17781948405197734,0.21388297199503783,0.3404558048264147,0.368078117757005,0.2621890187468453,-0.13906004538625666,-0.2817275208375757,0.032079427155360135,0.08428304509894093,0.18327972214914,0.10477281144976776,-0.034008690221325424,0.21780135955504645,-0.03866389270594949,-0.08131755668094594,-0.052583564771761536,0.2000986393673708,0.12648066208263506,-0.01995893933086808,-0.0003721548018014737,-0.11235192043837651,0.10649272172977592,0.371811909535625,0.2302269424946875,0.09931096413520576,-0.09880449797679965,0.024009142056483038,-0.02098524002613476
Temporal_Mid_R,0.5422893061664263,-0.047916655425747294,0.23043581025037346,0.542698827839864,0.45994825142147727,-0.04862725788935433,0.5564910479473496,0.30543908307097006,-0.10872824472643815,0.13485962086399628,0.4530989238865632,0.1316076868781893,0.3348340382951374,-0.12898866102657186,-0.06012265176472541,0.2461243354153328,0.19285944493107182,0.23705280202093545,0.35292967841819795,0.0820302384367267,-0.28379025997901747,-0.13671423105394978,0.7312796055249922,0.5531948626121773,0.6254307685716523,0.6026293756433152,0.3311830444479077,0.4776038737790296,0.7282700524404242,0.8402576268354662,0.3911855255082509,0.5722239899009947,-0.33056482306187573,0.17361666507456394,-0.22942510577238018,0.03175752640571392,0.689799705999409,0.5824827067788888,1.0,0.4667788478748063,0.10716072270690224,0.4351996815965045,0.3562271456137478,0.26717917063097274,0.48769152580430486,0.498661057599414,-0.14059156031561088,-0.36579587064176744,0.007741338376467074,-0.07432337313824643,0.07072915653853358,-0.07312637765931147,-0.04476281339168385,0.2128196610433794,-0.18402567562110103,-0.19563518038073177,-0.127317214027816,0.32046672663346465,0.02884631687972787,-0.059239685940624454,-0.08580884196411159,-0.016432341074452527,-0.04833037785246003,0.023063932370701895,-0.10007176000319992,0.0026887514534774345,-0.041628682223136246,-0.007599891297379748,-0.07380310117065537
Temporal_Pole_Mid_R,0.14562099309458795,-0.07003372280888424,0.16044341394945,0.028377190342353906,0.24255319170880277,-0.20388357530100878,0.16107096652582695,-0.02686564696736072,-0.15921024277867404,0.09160772565919191,0.07517786647361577,-0.0016614952001675267,0.20863600236288457,-0.18320650075943234,0.35305030022322875,0.10095240212631719,0.14174468531635342,-0.013125179330678399,0.05654281885148454,-0.1354617315537923,-0.2673521489901676,-0.12757302843757584,0.25784944805446497,-0.0483088060686583,0.27575621823197577,0.1512023034181485,-0.05677018576789063,0.019074954813405983,0.1506996966588867,0.2414146734700228,0.007657286849473591,0.2288799828041899,-0.12512627205295024,0.10818395440638359,-0.2744140282605137,-0.106744940631076,0.1114254871678215,0.41174249251996314,0.4667788478748063,1.0,0.5818392381028671,0.47746585512093326,0.32075125174450314,-0.03321068895161384,0.029572699651604722,0.3083443243942996,-0.33594594911030423,-0.3564364618009926,-0.37017609559724585,-0.13153076029811697,-0.17515294879548982,-0.28937336186070417,-0.24583884810028514,0.0929153361920954,-0.41009811463928586,-0.43998524174432047,-0.1668762133480961,0.22627697807931682,-0.12793079449515757,-0.35876921057390515,-0.3034463472424654,-0.23992784559601207,0.07539291808499517,0.013139922392973789,-0.1830498493936105,-0.2123094558581389,-0.08824600328668256,-0.1733591816998983,-0.27028677711224275
Temporal_Inf_R,-0.03216981653396222,0.06542152879643061,0.12242832817566315,-0.13104048179280395,0.03564655772492967,-0.19456365101594716,-0.1648352405292091,-0.003775670509953816,-0.11698015627016779,0.07510089520868428,-0.04075330066884319,0.13712828899960502,0.067819185052979,-0.027911302728930033,0.28604071442889306,-0.2984990281063279,-0.08146794722990207,-0.09432451980866596,0.008600470729897646,-0.12455009156016528,-0.1333897371956032,-0.13910418716738226,0.02732644694597009,-0.26007923985310183,0.12384214619506896,-0.06397649717749446,-0.10370889684571828,-0.0947255797185647,-0.0896417360281535,-0.058627635515389444,-0.040836202671855046,0.061601986774303945,-0.04560623056939464,-0.17585229230859836,-0.09786830711245646,-0.20141607961144398,-0.22083254412198272,-0.08544811883925202,0.10716072270690224,0.5818392381028671,1.0,0.3755064942771313,0.21133375319225103,-0.12040362854807751,-0.08883654520354703,0.4041311934029104,-0.2532136485728052,-0.20278198315842624,-0.2954728072838897,-0.2775705212877779,-0.2235891024065073,-0.3037131681993926,-0.17475615820581022,-0.01930720209240791,-0.3315116054087352,-0.3348606276738278,0.041393848855628385,0.17316579797449733,-0.1481160575150482,-0.3625808158043231,-0.29920675655706486,-0.2135948758775432,-0.020035450075489566,-0.06128107178579892,-0.27358525056160027,-0.2646273091160296,-0.016642009045193588,-0.15460050629079444,-0.18443812167237641
Cerebellum_Crus1_R,-0.01588647985265922,-0.16240954119835746,-0.028043776884697877,-0.10451139427880983,0.003392975730155235,-0.35671816742300366,-0.11862879242450333,-0.10341983020063437,-0.3702265858906057,0.10349015270386136,0.05806941110036334,0.06862663295624012,0.2394222641695624,-0.0029373014910348523,0.02839811123400376,-0.13104051617568205,-0.22196271611629598,-0.1892391597607937,-0.036312992455429544,-0.4285583980264588,-0.5798890517403824,0.05724442509647122,0.153771869092967,-0.18282870016467354,0.220646473312457,-0.024927038340331487,-0.021763423705849747,0.032722081857226686,0.1295423737892308,0.23608618957783314,-0.10777491495025816,0.06129506461206197,-0.3784522003849544,-0.21551620723323933,-0.3308123386315976,-0.42321028674856104,-0.08099240760562751,0.17781948405197734,0.4351996815965045,0.47746585512093326,0.3755064942771313,1.0,0.3176793680454157,-0.38990834814002157,-0.19622744942392564,0.19937063348536563,-0.28511649789012267,-0.43797519308259875,-0.3607957751663692,-0.2576248855012237,-0.361368164036723,-0.4904351763541721,-0.45604729778866143,-0.141841096058563,-0.38462645259727796,-0.5106874001909338,-0.41190128903695084,0.04754182561574255,-0.48349687814677467,-0.43984189851768574,-0.4610777470934927,-0.3109335265123508,0.01712033020899857,0.026984613728401056,-0.26812160694487236,-0.0014131909916403206,-0.1905880465269991,-0.32970042239135744,-0.5444794103981537
Cerebellum_Crus2_R,0.2185381041635864,0.01841040394998443,0.15569968293493222,0.1521324691847243,0.16101085169623194,-0.1499972602099058,0.1728232870817157,0.1521655164105161,0.017569592601361476,0.07464114854373011,0.14477719261386585,0.13045074834334458,0.0407737513686013,-0.332430523421135,-0.035088354883637686,0.012864578896600457,0.045721029716917286,0.06364207741602582,0.11207361124473926,0.10254404275788213,-0.0255488585327819,0.15094108153291522,0.307496837419043,0.12962046889779408,0.24329992700473327,0.22846855925266416,0.12274887186186176,0.152337115942111,0.2259170806574916,0.2789806434381011,0.10223497079118268,0.15370696970052644,-0.05874103389758115,0.018884888082526172,-0.05972777883390238,0.11613799630433133,0.14735229728958915,0.21388297199503783,0.3562271456137478,0.32075125174450314,0.21133375319225103,0.3176793680454157,1.0,0.15680027273001296,0.18139324967198803,0.26200027290169087,-0.19316775387512627,-0.09215356584521764,-0.057054997368944725,0.08815384974624127,0.05586400417846853,-0.058712664948754996,-0.06644922053818124,0.16267518254250513,-0.0342536670538005,-0.10130350685092634,0.035967078201139605,0.2743232044501529,-0.008475979161768815,-0.11314098298860452,-0.10692768283466754,-0.06352175560086805,0.09159840611230087,-0.17274520121772022,0.020750636844992964,-0.16021767174440713,-0.09506985850512996,0.10170508808382382,0.011955473465949433
Cerebellum_3_R,0.6115554468225955,0.5723501929028556,0.5719335313377544,0.7142764693571085,0.5979217876688233,0.47447624982822534,0.7715776660544155,0.5972470837980934,0.3932190397475159,0.42345892039889377,0.21089012066343005,0.10699603255834642,-0.07005488413965359,-0.02548114529429366,-0.04379506470454995,0.4009267168399186,0.6849462312992577,0.7477717920279232,0.5096799398771207,0.8433350032691812,0.6840318772327738,-0.0076043041763484386,0.4654761128025344,0.7260919584261176,0.5763545532814359,0.6955430097568248,0.3504981937734434,0.5303583634032951,0.4982661861751323,0.41749998741316446,0.5991313154675738,0.5641759261752952,0.24349274091618714,0.5681034608370016,0.4843791579119721,0.7236977573107669,0.7010613293842933,0.3404558048264147,0.26717917063097274,-0.03321068895161384,-0.12040362854807751,-0.38990834814002157,0.15680027273001296,1.0,0.8299079605174667,0.3378506784217391,0.3939194125693326,0.2670883876856697,0.6113508512288389,0.3196829309469989,0.6851746793022916,0.7381457727584919,0.6956290999503107,0.684927957766298,0.5655568781670651,0.6483341598213264,0.621593388276879,0.44730885270576154,0.8020099718602314,0.7151196479392983,0.6834562095217536,0.5596939361232992,0.027147026456803107,0.17797051944841694,0.49235126856298306,0.2066063251132512,0.28999122192412746,0.7168370081629584,0.7415510657347838
Cerebellum_4_5_R,0.5660247261812851,0.4299935793632845,0.462660491456027,0.7169540571689388,0.5531638641151988,0.4272168115357309,0.8258972183450002,0.5235967677000843,0.30038067139968155,0.31627947566047776,0.2760499115472739,0.0794853178321969,-0.04384753077255816,-0.03129260001449604,-0.023300174860783618,0.3720692550288545,0.660177308564659,0.7283821930988879,0.5099688144089004,0.7870012665152561,0.4901791721734001,-0.09560830650635367,0.6402542869729049,0.8932498727374547,0.705630267061584,0.6630109299318057,0.41654682601723453,0.6134200495098789,0.6172611404833427,0.6572430124906685,0.5905868447633715,0.5339971578097578,0.14880735861295136,0.5505206363873677,0.33872007406122895,0.5571837651361474,0.8542271146914978,0.368078117757005,0.48769152580430486,0.029572699651604722,-0.08883654520354703,-0.19622744942392564,0.18139324967198803,0.8299079605174667,1.0,0.5086207618668094,0.3896436721040308,0.15719236682536572,0.5451339611445484,0.15784528967136632,0.58002948672453,0.6246997422605278,0.6746218598573978,0.5721477286375454,0.3667582541701072,0.5688189339448281,0.3952682168471635,0.3450323749875126,0.683049987513397,0.6475423305834082,0.6147251957702161,0.5695358926572579,-0.0837044455920463,0.14353862466607534,0.35199387477728783,0.20107570242196773,0.34242346731532625,0.6125077427759055,0.6358659807013658
Cerebellum_6_R,0.2845919299762342,0.2921826053908224,0.292623797849757,0.4620877792955517,0.4336204904372398,0.19529910827941116,0.3481212341679329,0.334481812057287,0.1797823083949528,0.24544466261187928,0.1631179093113503,0.16949455247916687,0.17526995620678135,0.001900170075056457,0.019318954524254903,0.1778547422078224,0.2448262842465305,0.3703049643389777,0.17164536028444652,0.27202651976144027,0.09617833507671765,-0.3636198850523585,0.3431852328982975,0.3744425850508266,0.4901357671164396,0.3098695630110882,0.4106685391951122,0.4561143030931922,0.42861034511199775,0.5682417348378229,0.3103363174104571,0.301096534780871,0.16568969249750484,0.12450529457008212,0.04763725391545947,0.06363431016209063,0.46899507189620715,0.2621890187468453,0.498661057599414,0.3083443243942996,0.4041311934029104,0.19937063348536563,0.26200027290169087,0.3378506784217391,0.5086207618668094,1.0,0.08735628361049436,0.07194863286854154,0.22709722535671018,-0.10514511057178726,0.2123225795672269,0.16332201243161001,0.25249897553766,0.13431780514100455,-0.15158244439282487,0.1810830905968845,0.14067192861455666,0.11778897185536039,0.18918610528985744,0.103105092302727,0.1674654861568336,0.27423536759822303,-0.10048645101563444,0.09185985359821401,0.11544233444267185,-0.11101172238084062,0.40089490602921757,0.20215494769529394,0.2692093047505378
Cerebellum_8_R,0.04952745391477035,0.4289402923705258,0.18720378620222836,0.22028333403380285,0.08285669807192451,0.35076761021742753,0.26075450865683364,0.20141328536026593,0.12164856237320378,0.3305492324125021,-0.12294568653743616,-0.15081140221035141,-0.3016871179173597,0.1987454327571891,0.1264109836114838,0.17559454917104178,0.30324208887060433,0.5355039289115843,0.014341638656703399,0.41083930942533825,0.4619769750163627,-0.06801507709165422,-0.07878366633779085,0.384226525577843,0.25348434137899284,0.15182967249835871,0.24790971600775472,0.3857685604139158,0.13020958940510738,0.07976485741563723,0.22362541579558382,0.06400437086511646,0.2079892698733412,0.23298730162296424,0.13031799597699018,0.19682295747290723,0.2846516028428505,-0.13906004538625666,-0.14059156031561088,-0.33594594911030423,-0.2532136485728052,-0.28511649789012267,-0.19316775387512627,0.3939194125693326,0.3896436721040308,0.08735628361049436,1.0,0.6778353214180489,0.527875150842117,0.18449940762877826,0.35869871040164925,0.5324036213444527,0.5042972863659685,0.34195062361469203,0.30874374634698004,0.6294181940327924,0.30323270287097204,0.05497343665130646,0.4065782834882169,0.5712029808286027,0.5296302265439078,0.5761754302784194,-0.09888696535447969,0.21670616306886437,0.4691115205672812,0.11547862942473727,0.41257143797441165,0.5375806018790606,0.5017947892036423
Cerebellum_9_R,-0.03291671330622555,0.3992107831872357,0.20576707977267386,0.07413542506676832,0.031225067563078364,0.2535190160141823,0.027444619375812964,0.27007249270494205,0.3284219263421089,0.1932998090088719,-0.10028812355797032,-0.2129896534725206,-0.36721427935020495,0.09282238366286799,0.1497901224621072,0.08545257800667691,0.15567377484249037,0.4381925750215646,-0.04327813162633173,0.35254175960714934,0.6176991623889475,-0.024325379356255325,-0.3074734586249441,0.11397770978772043,-0.0064490623773551985,-0.008200495511154624,0.24205701084506245,0.2676525181870893,-0.06716064954388616,-0.13922163356461723,0.15797448575550818,-0.09033318741764604,0.5334625783555298,0.15293750551078292,0.07869464129569981,0.2516373177575771,0.021146217163167468,-0.2817275208375757,-0.36579587064176744,-0.3564364618009926,-0.20278198315842624,-0.43797519308259875,-0.09215356584521764,0.2670883876856697,0.15719236682536572,0.07194863286854154,0.6778353214180489,1.0,0.45009683160263214,0.4032233820880918,0.46260632836711246,0.5659725541262486,0.3573729258521509,0.27073070101675956,0.3303220316619293,0.569099810591824,0.36905542410954895,0.041269372518289375,0.37406042696310693,0.48308614771217556,0.5099522743788737,0.5128924307937345,0.049815002758619345,-0.02041455699998919,0.5089588828873123,-0.045340529695059265,0.45610636619413863,0.4565310220604571,0.5396118371220741
Thal_AV_R,0.36018074154089896,0.5272519074366545,0.43491798744866716,0.548023855122453,0.3075255586860051,0.44496011867661267,0.4237040556701585,0.542610746619139,0.34416566559013306,0.3414650373286062,0.09868548197928427,0.06068321520549843,-0.13145817407373434,0.19074232226799478,-0.1922262644972371,0.21165418572762157,0.3853938626686542,0.6691533171552976,0.3014669901045249,0.5797657000696886,0.5585735630552312,0.07143291422794892,0.1260163572772226,0.49028068149388976,0.38427790783147775,0.41574494953086905,0.4533180814203614,0.5753357318759948,0.3925378994024281,0.2681950782182948,0.47868045513347907,0.30138538058876757,0.2768911153093124,0.3176241797781473,0.41365373410264045,0.4316614925844402,0.4431981806672273,0.032079427155360135,0.007741338376467074,-0.37017609559724585,-0.2954728072838897,-0.3607957751663692,-0.057054997368944725,0.6113508512288389,0.5451339611445484,0.22709722535671018,0.527875150842117,0.45009683160263214,1.0,0.2742906334369404,0.6705183920742945,0.7325455165979013,0.6424746702290496,0.5163249627875819,0.5971182832463435,0.7790149084662285,0.49063914063676817,0.16458311983329127,0.5652351679626568,0.7082130810214111,0.6861799374726139,0.5927014442649038,-0.008955212035122787,0.1272525915508337,0.477319394832805,0.3341517345010035,0.42532300283766594,0.5604196660088151,0.7043091424988989
Thal_LP_R,0.26366871059249797,0.33871889354824464,0.2957366098751528,0.221254249889403,0.3321848540328864,0.23334818542488794,0.2896150709228189,0.31609477528870866,0.3374210591757143,0.2829167797637739,0.05125326052528089,-0.12297585500905626,-0.17493698834156787,-0.014834868423073381,0.06435827424335365,0.17795765331931301,0.3444554873443071,0.3482480487328527,0.19625324138802153,0.3604003298835816,0.5083321955496125,0.30699815783997125,-0.04699413672240691,0.06687697013256519,-0.01251728379375425,0.2486096209882877,0.09948435508869162,0.1185884972218265,0.0360768652972403,-0.0478855110478001,0.2041196056250033,0.18848824843835743,0.6362197074977949,0.46253049443473904,0.07931447858048948,0.4319980565592946,0.11062857004329615,0.08428304509894093,-0.07432337313824643,-0.13153076029811697,-0.2775705212877779,-0.2576248855012237,0.08815384974624127,0.3196829309469989,0.15784528967136632,-0.10514511057178726,0.18449940762877826,0.4032233820880918,0.2742906334369404,1.0,0.4848759704445281,0.5096281465865281,0.07176942789407073,0.3552164545698239,0.4573315692187387,0.25175275063216446,0.28351559122869857,0.307785542682979,0.3284089125689578,0.3863584993836128,0.3517729294986241,0.10011135506329241,0.37338204734037767,0.048176603761043726,0.5616645267815877,-0.14062142922602086,-0.0647261935919377,0.287316852081878,0.3020589056624745
Thal_VA_R,0.5859892683486163,0.5738702393012473,0.6582949692040166,0.6942660347561236,0.5717433935500172,0.4898951159054563,0.5733406240782238,0.7205138890908024,0.5516778784990591,0.3850458928798252,0.22147296830889215,0.0003086860245179019,-0.12015291344687977,0.019559232534022447,-0.04388577352412536,0.3277954234035277,0.5200179533513242,0.7448691070702639,0.5237606820412718,0.7123476914996332,0.7178234751178283,0.2571991965577542,0.1963131013009861,0.475681208242415,0.453680486556927,0.6360734977210729,0.48008307706920694,0.6225946648694488,0.4924676776528775,0.3381256521103693,0.6680822571445943,0.5354895749471955,0.4339227288237001,0.48826623846967576,0.47931585828516443,0.6856293463152964,0.5228723745785505,0.18327972214914,0.07072915653853358,-0.17515294879548982,-0.2235891024065073,-0.361368164036723,0.05586400417846853,0.6851746793022916,0.58002948672453,0.2123225795672269,0.35869871040164925,0.46260632836711246,0.6705183920742945,0.4848759704445281,1.0,0.8818222678047639,0.5340514923598989,0.6713144683151363,0.7251298454461207,0.7136028726604976,0.48413900033056073,0.35438046538461887,0.5485965967776061,0.6750793873808134,0.7256460335292355,0.5624574423352582,0.17733448158721707,0.11414441377674674,0.5613603059216965,0.33190231967111433,0.29485508157181506,0.6192604124308526,0.7906411113148826
Thal_VL_R,0.44045362959742906,0.6417731701486086,0.6019726635183806,0.6310580220854518,0.5007234757385862,0.582982394683487,0.5586211738058866,0.6073127722272709,0.5756507130443139,0.41911423122027525,0.07419819589421939,-0.08552125071387132,-0.26408917110507346,0.14551036304565687,-0.024565078038719816,0.3349225747237969,0.5786257956003346,0.7913685815350329,0.42906013613118615,0.775034651576215,0.7723702390111994,0.16998732537254632,0.08070446590562529,0.48888232118810665,0.3842764675618531,0.5096149375912604,0.3784499570247451,0.5816149746630536,0.39593238233652855,0.22112361685983647,0.5791778680396652,0.41716352650797234,0.533108615066585,0.5468733683879127,0.570695052342822,0.7035866630691276,0.5078567612955934,0.10477281144976776,-0.07312637765931147,-0.28937336186070417,-0.3037131681993926,-0.4904351763541721,-0.058712664948754996,0.7381457727584919,0.6246997422605278,0.16332201243161001,0.5324036213444527,0.5659725541262486,0.7325455165979013,0.5096281465865281,0.8818222678047639,1.0,0.6646030169865756,0.6402352303117181,0.7905212305695034,0.8402609016523421,0.5644314505486291,0.3034966154562275,0.6451052152870116,0.8183824759162552,0.8702591295939751,0.6604492599683548,0.14572006890609418,0.23734780935417876,0.6459963834790039,0.33972966343421956,0.33374206393793016,0.7248896621256055,0.8567539263038674
Thal_VPL_R,0.23907523631580316,0.4831647258015801,0.3533181552320797,0.43284619111404776,0.26394440135411795,0.40857919065765663,0.4845370747479841,0.384248657217336,0.25267337178551735,0.26263596882826207,0.024146714736218697,-0.021258646837047746,-0.15308411799844,0.07068729071333721,0.03891319717931583,0.18006628260859078,0.5409130103799409,0.621397618036302,0.2862671585214666,0.7231300275600101,0.5743965521264849,-0.04891788149259513,0.11054367204535083,0.5750477628131718,0.43771693452092353,0.30776611042122126,0.2454632722685219,0.4133271313555243,0.2754380007679069,0.22314015866714132,0.3741481259986028,0.20962332713008916,0.2858103731401003,0.3646923192628871,0.4285238146008778,0.5007328816090136,0.44480451374615476,-0.034008690221325424,-0.04476281339168385,-0.24583884810028514,-0.17475615820581022,-0.45604729778866143,-0.06644922053818124,0.6956290999503107,0.6746218598573978,0.25249897553766,0.5042972863659685,0.3573729258521509,0.6424746702290496,0.07176942789407073,0.5340514923598989,0.6646030169865756,1.0,0.5106039538091012,0.4649110744138973,0.8254808525687926,0.5237409769192862,0.08312743102555638,0.6938043338922427,0.8095771114677103,0.7735214074816809,0.8035439426636873,-0.24877259685599767,0.11968042126838643,0.41339993866462194,0.23684031266000133,0.5633553580000535,0.6505028523022732,0.7490667478991104
Thal_IL_R,0.6159605590460686,0.5831452352358596,0.6791465668313684,0.5757137122901477,0.501927882772446,0.30491975591445697,0.5822318813489971,0.6587942742924776,0.18547049961497297,0.5087075219198532,0.15646802280662703,0.03224073611944117,-0.0958561624860235,-0.04760943253132805,0.057809217348776414,0.2471910818904236,0.5018308422993624,0.7003951299568248,0.5192105255602477,0.6383160838118976,0.49613174804152466,0.25553802248055807,0.2966731654160307,0.45849830926687585,0.5760291527987136,0.6670120532407222,0.3769293902182463,0.5464274465655357,0.45498543868046165,0.36355218273014334,0.5556535527574481,0.5610896769916939,0.10066076499384662,0.3937396962571,0.26634880331984034,0.5738775508425907,0.47027102431201073,0.21780135955504645,0.2128196610433794,0.0929153361920954,-0.01930720209240791,-0.141841096058563,0.16267518254250513,0.684927957766298,0.5721477286375454,0.13431780514100455,0.34195062361469203,0.27073070101675956,0.5163249627875819,0.3552164545698239,0.6713144683151363,0.6402352303117181,0.5106039538091012,1.0,0.5408476770125029,0.47944269168442033,0.5186108668334455,0.506078327844305,0.6087326644400374,0.5849005090707218,0.5672707871322826,0.45970256870389337,0.12017794599679998,0.04901720833842679,0.4213444606232089,0.20111043847165697,0.2050180140136201,0.5895247200985837,0.5737628657950095
Thal_MDm_R,0.3878121472163462,0.45439234386649613,0.5248296654055,0.476852555937835,0.3578919170259578,0.44090679649845815,0.40132082572541095,0.5121108433487611,0.48478199095683333,0.2799442870596288,0.14176317321238782,-0.03723423689708872,-0.2724382036361309,0.04352463162360833,-0.156583066856194,0.11546322243863481,0.4201821694616314,0.5329753936042223,0.36015663835134665,0.589390795777953,0.6135077059583254,0.5072489084713958,-0.0136026487638808,0.26176636649741597,0.23373197562995782,0.4095541383906491,0.18706865442202178,0.3952714712380119,0.27943296651758726,0.01985130296924785,0.43239023470522797,0.30609136997783215,0.2835948339025043,0.4124500575851326,0.7129080665999199,0.7196940727398805,0.2844330284044751,-0.03866389270594949,-0.18402567562110103,-0.41009811463928586,-0.3315116054087352,-0.38462645259727796,-0.0342536670538005,0.5655568781670651,0.3667582541701072,-0.15158244439282487,0.30874374634698004,0.3303220316619293,0.5971182832463435,0.4573315692187387,0.7251298454461207,0.7905212305695034,0.4649110744138973,0.5408476770125029,1.0,0.6317816569051309,0.4863365349539746,0.3199261722930123,0.431383284814585,0.6601446502077489,0.6477732630826357,0.39331619495949827,0.2089884794162305,0.13863426225195957,0.4544607496396038,0.5234451706266241,-0.031920484382835304,0.5872034849585039,0.6711526546935601
Thal_MDl_R,0.2242511217167206,0.5484010258481129,0.3813765543422441,0.4675563557488309,0.23524998750499354,0.46218409351336864,0.3816148250363952,0.47638446880086294,0.4212209750718507,0.275134813844212,-0.006380826745522239,-0.06208569103559892,-0.21457102498596028,0.18172607076801772,-0.08608113538937752,0.1856148882014724,0.42258896249693056,0.6648699386142394,0.2272315285046537,0.6955223579388813,0.6924161737432111,0.06417694992557775,-0.03378929865263077,0.49242402458678897,0.31609402790979635,0.29506514293510483,0.3410494854659568,0.5310310307987034,0.287747316138047,0.1598475324545064,0.40237275304185244,0.18330691388142684,0.4399255279577635,0.3221263343003989,0.4894205341435187,0.47522696350910587,0.38672263004658886,-0.08131755668094594,-0.19563518038073177,-0.43998524174432047,-0.3348606276738278,-0.5106874001909338,-0.10130350685092634,0.6483341598213264,0.5688189339448281,0.1810830905968845,0.6294181940327924,0.569099810591824,0.7790149084662285,0.25175275063216446,0.7136028726604976,0.8402609016523421,0.8254808525687926,0.47944269168442033,0.6317816569051309,1.0,0.5606185832649513,0.08421507276296018,0.6360628016239404,0.8322155911326542,0.8565437252773894,0.7724662467668921,-0.08322445983901955,0.10645764624523428,0.5489285300799922,0.3282865501863859,0.5677537822737093,0.6895356563548958,0.8275630369004433
Thal_LGN_R,0.27123861712732067,0.4758858434967228,0.3741815789523122,0.32527858911139285,0.1947719265532713,0.22338244579622343,0.24756658410829446,0.4472667856543456,0.30425616550798223,0.1985024346817226,0.05995376046765898,0.04600740607492509,-0.22401667965228111,0.08664311357867119,-0.10004165850148812,0.06580076368296867,0.26165579618877427,0.4238241886385794,0.2830635512377248,0.5368760957890494,0.6063586185842604,0.06461588414789016,0.0296661316933736,0.3097004921907824,0.2072640974514128,0.286780555036991,0.16848716933752886,0.3065127812677492,0.18094985482742443,0.034178648101895914,0.3026803939904003,0.19269848652975163,0.310253813343195,0.16357710832693353,0.430786079431825,0.42677808104163323,0.19589593942408023,-0.052583564771761536,-0.127317214027816,-0.1668762133480961,0.041393848855628385,-0.41190128903695084,0.035967078201139605,0.621593388276879,0.3952682168471635,0.14067192861455666,0.30323270287097204,0.36905542410954895,0.49063914063676817,0.28351559122869857,0.48413900033056073,0.5644314505486291,0.5237409769192862,0.5186108668334455,0.4863365349539746,0.5606185832649513,1.0,0.4466522111025971,0.6401755583278264,0.5437148832234985,0.5404009113404071,0.41936862970803257,0.1079031300889264,-0.1355327963382619,0.25875369475149146,0.14251303223632286,0.2657034979565084,0.5950904237260854,0.5995006520975791
Thal_MGN_R,0.47320479093051476,0.29774898183533804,0.4604322424810876,0.37856449175685375,0.3812561681717103,0.029241425785188353,0.42780424907133174,0.4290272619917489,0.01276820674760028,0.29294916733208276,0.06354967433201067,-0.03371644215360262,-0.08745006806755927,-0.11796502269227313,-0.002250033053556665,0.047356419939486326,0.27071745701450617,0.38596949467578295,0.41777826244608574,0.32786378217875506,0.20531408051304173,0.22842461145293727,0.362052481791855,0.3074803430530606,0.36370280573438596,0.5017130368800999,0.16472589881176203,0.3314877804464539,0.3758233736637808,0.2896203153631644,0.3789338699605367,0.47088027622719436,0.012461526084051171,0.285735533987414,0.08987322850531586,0.35006502143924634,0.3570386694939007,0.2000986393673708,0.32046672663346465,0.22627697807931682,0.17316579797449733,0.04754182561574255,0.2743232044501529,0.44730885270576154,0.3450323749875126,0.11778897185536039,0.05497343665130646,0.041269372518289375,0.16458311983329127,0.307785542682979,0.35438046538461887,0.3034966154562275,0.08312743102555638,0.506078327844305,0.3199261722930123,0.08421507276296018,0.4466522111025971,1.0,0.39770919008658134,0.23566217967482703,0.20131565296530896,0.06575610817158131,0.2524973750049618,0.04280335185734659,0.11277234350851434,0.04182662281520905,-0.07022136214607066,0.3181955161044347,0.27398299827700573
Thal_PuI_R,0.41676150847586885,0.49099234138607994,0.3798855635601243,0.4539324251393804,0.34954071274560805,0.380518804400428,0.551736620555228,0.4682869126730542,0.27328850568835916,0.31817659738668524,-0.003294738482105985,-0.002062316267946206,-0.17779373398972745,0.015340289160802312,0.028092253221285057,0.25308617777957987,0.5393701827677914,0.6212769523550996,0.39957374606752455,0.7426997553935903,0.6566872425381997,-0.06813838952284172,0.31367156253894496,0.6088068473475706,0.3433542244756255,0.4534854756599097,0.2812399088322079,0.34077936519731145,0.22555349998190974,0.21695729668392552,0.43009450816161426,0.33461766780151597,0.31664601930792674,0.4690835405690383,0.33090448627080016,0.5308199024009999,0.4975804763528019,0.12648066208263506,0.02884631687972787,-0.12793079449515757,-0.1481160575150482,-0.48349687814677467,-0.008475979161768815,0.8020099718602314,0.683049987513397,0.18918610528985744,0.4065782834882169,0.37406042696310693,0.5652351679626568,0.3284089125689578,0.5485965967776061,0.6451052152870116,0.6938043338922427,0.6087326644400374,0.431383284814585,0.6360628016239404,0.6401755583278264,0.39770919008658134,1.0,0.7621574736815779,0.6772883869670114,0.5694071491675782,0.05337215020939576,0.07461454182329802,0.4273714570638785,0.08597145055661029,0.39373619501587825,0.6254821622516352,0.6386475647636697
Thal_PuM_R,0.36596234880403616,0.5283086441705772,0.4041446188748112,0.48764942665283306,0.3073086865349307,0.42533757802315453,0.4958754050203805,0.5228330036071765,0.31080255337282714,0.30472275181746333,0.023090443619627827,-0.12479067681408663,-0.24328825205297824,0.12143918780202374,-0.013717146021158914,0.22118866533854128,0.49001230680914004,0.7250395367434116,0.3813858845218382,0.7231620331011801,0.6566819809207873,0.10495738811817999,0.12120040007309663,0.5926286070418749,0.40001523411818884,0.39354711881183285,0.3692961425870618,0.5092624891839992,0.31108394987442256,0.23932634984623558,0.4679196137483221,0.2716027822728069,0.35391635045959813,0.43071115552748385,0.41660374211257933,0.5391978947441884,0.4877104325760421,-0.01995893933086808,-0.059239685940624454,-0.35876921057390515,-0.3625808158043231,-0.43984189851768574,-0.11314098298860452,0.7151196479392983,0.6475423305834082,0.103105092302727,0.5712029808286027,0.48308614771217556,0.7082130810214111,0.3863584993836128,0.6750793873808134,0.8183824759162552,0.8095771114677103,0.5849005090707218,0.6601446502077489,0.8322155911326542,0.5437148832234985,0.23566217967482703,0.7621574736815779,1.0,0.9078313164607619,0.8115327857672487,-0.004938964456948476,0.09127063544158034,0.4997329872444187,0.3127974908831387,0.46073072807180515,0.674261844267289,0.7442540567942632
Thal_PuA_R,0.34762169154431943,0.5548526789820724,0.4578368691345582,0.5268513077371727,0.33275951300096845,0.4355160423880458,0.46483702074158595,0.5198896156392395,0.4028519243429002,0.31750292728703394,0.028040673193457828,-0.1720456075741692,-0.22873594481428045,0.18368749318789876,-0.032833552816908064,0.20442095208285976,0.4745717137979758,0.7240747530311568,0.32382669398475067,0.6774236044829122,0.6628323968261568,0.044386493094902967,0.04351715329165555,0.5292463796528312,0.35589811629504936,0.39252009846261726,0.3385835827912574,0.5171800627708194,0.3574863869372559,0.2305046945780818,0.45726192906060215,0.3047002856064206,0.41314312627821154,0.43888109743646786,0.4296907061344801,0.5384079989638013,0.4642686735022245,-0.0003721548018014737,-0.08580884196411159,-0.3034463472424654,-0.29920675655706486,-0.4610777470934927,-0.10692768283466754,0.6834562095217536,0.6147251957702161,0.1674654861568336,0.5296302265439078,0.5099522743788737,0.6861799374726139,0.3517729294986241,0.7256460335292355,0.8702591295939751,0.7735214074816809,0.5672707871322826,0.6477732630826357,0.8565437252773894,0.5404009113404071,0.20131565296530896,0.6772883869670114,0.9078313164607619,1.0,0.7818351026996191,0.022248365911873267,0.13822107446177848,0.5260903619890881,0.2994600064877275,0.4450225327926654,0.6435758924083591,0.7522449268129235
Thal_PuL_R,0.24445750218023085,0.49579518140355366,0.37958160168956045,0.4162720257126178,0.2539338466978289,0.28839188196342425,0.3657345392276107,0.44009432975561513,0.19052995623314203,0.30144013447099643,-0.002731803300993431,-0.11056362442825016,-0.176737491093374,0.13675682046101684,0.12117187114455573,0.1755320371932462,0.400102816713038,0.6550129548818715,0.23638872749686388,0.6110483159404484,0.5124640450237568,-0.05917842661055221,-0.0007904318706240718,0.5101060856428077,0.4769766842431165,0.28870411756964653,0.4203040418270701,0.5348005983155176,0.3041010743859137,0.29465577137689164,0.39216814716935106,0.14887115221720335,0.23702131562163545,0.26540932054976424,0.23531049839793186,0.3251312088538549,0.4003072156792468,-0.11235192043837651,-0.016432341074452527,-0.23992784559601207,-0.2135948758775432,-0.3109335265123508,-0.06352175560086805,0.5596939361232992,0.5695358926572579,0.27423536759822303,0.5761754302784194,0.5128924307937345,0.5927014442649038,0.10011135506329241,0.5624574423352582,0.6604492599683548,0.8035439426636873,0.45970256870389337,0.39331619495949827,0.7724662467668921,0.41936862970803257,0.06575610817158131,0.5694071491675782,0.8115327857672487,0.7818351026996191,1.0,-0.1880386463377429,0.035732525056482244,0.44461952772562535,0.15990594728503044,0.5750366460398941,0.6367126045973472,0.6969382012642834
ACC_sub_R,0.2083121874256537,0.06522559027649902,0.08670767790201439,0.04931860082656417,0.05176078054178471,0.006192841148969054,-0.049999998148972574,0.16424737564332903,0.18398224350341957,0.03986965968032388,0.05012704346493146,0.14610882600586864,-0.0851484667530967,0.029490864553207576,-0.03585103247245146,-0.018190274654814428,-0.016523463304989088,-0.019446166316221442,0.15486430494306502,-0.040477879055321485,0.11110127608430881,0.25300764770092404,0.016770139927326008,-0.14983648303982766,-0.16976060355677505,0.1313912277130202,0.0413099634930365,-0.05557345938315613,-0.007968183202178094,-0.06061013317436911,0.10273154350049508,0.14450029937880235,0.09784971930392095,0.13332180409570724,0.046298165621065,0.09527537280840308,-0.06640184307229446,0.10649272172977592,-0.04833037785246003,0.07539291808499517,-0.020035450075489566,0.01712033020899857,0.09159840611230087,0.027147026456803107,-0.0837044455920463,-0.10048645101563444,-0.09888696535447969,0.049815002758619345,-0.008955212035122787,0.37338204734037767,0.17733448158721707,0.14572006890609418,-0.24877259685599767,0.12017794599679998,0.2089884794162305,-0.08322445983901955,0.1079031300889264,0.2524973750049618,0.05337215020939576,-0.004938964456948476,0.022248365911873267,-0.1880386463377429,1.0,-0.040277379113113805,0.012021950823107447,-0.03813712117840751,-0.3080054019609174,-0.06633668449036197,-0.02261291035563706
ACC_pre_R,0.09207269078518625,0.3905143719576772,0.31406361914118835,0.27058772066103703,0.47343047665511406,0.47988291502951674,0.34803243930340866,-0.11336815393335786,0.08224339052043035,0.6031048336329701,-0.15216793362685813,-0.017166740980501874,0.19669935818585663,0.23463942980547192,0.2872615996565339,0.31224115618722353,0.5126735137666979,0.30590075651970033,0.05844239654319778,0.17737508207844455,0.0016872528918989158,-0.13505662216553455,-0.0043062733839082995,0.011384278878017844,0.1101988202038529,0.15975483697239307,-0.19708763684546762,-0.004101947445319317,0.04485089283273832,-0.08764871901886971,0.08515771269555375,0.2630592456330512,0.15611512337790787,0.5765220346735231,0.17836168976824215,0.20496963398922818,0.18013753065496435,0.371811909535625,0.023063932370701895,0.013139922392973789,-0.06128107178579892,0.026984613728401056,-0.17274520121772022,0.17797051944841694,0.14353862466607534,0.09185985359821401,0.21670616306886437,-0.02041455699998919,0.1272525915508337,0.048176603761043726,0.11414441377674674,0.23734780935417876,0.11968042126838643,0.04901720833842679,0.13863426225195957,0.10645764624523428,-0.1355327963382619,0.04280335185734659,0.07461454182329802,0.09127063544158034,0.13822107446177848,0.035732525056482244,-0.040277379113113805,1.0,0.46841511879455816,0.08960310080287258,-0.12041797009562819,0.03840853831497323,0.041252689750216266
ACC_sup_R,0.24233071397256936,0.6661674598132701,0.5038099806729258,0.39750930107798693,0.5000749496465106,0.5102372041606485,0.42004558815120707,0.34062502538686634,0.38282203714049984,0.6546124432268643,-0.05868343711050239,-0.0175867227269192,-0.07252841227237235,0.09402980610989306,0.2198587419471166,0.404150676112185,0.6002339430057692,0.623593080021867,0.10516321124662656,0.5979572569702688,0.5597270183323756,0.07119393209732251,-0.09809403941159171,0.22309533549860527,0.2686132297829961,0.3093495815601373,0.1797042816354934,0.3094045148604942,0.10867550508977092,0.005517828733099264,0.2654987797311815,0.24821197133360237,0.5698999993691186,0.6179954856858251,0.23168856852347375,0.45961369714067024,0.2261844787781271,0.2302269424946875,-0.10007176000319992,-0.1830498493936105,-0.27358525056160027,-0.26812160694487236,0.020750636844992964,0.49235126856298306,0.35199387477728783,0.11544233444267185,0.4691115205672812,0.5089588828873123,0.477319394832805,0.5616645267815877,0.5613603059216965,0.6459963834790039,0.41339993866462194,0.4213444606232089,0.4544607496396038,0.5489285300799922,0.25875369475149146,0.11277234350851434,0.4273714570638785,0.4997329872444187,0.5260903619890881,0.44461952772562535,0.012021950823107447,0.46841511879455816,1.0,-0.05323369193338987,0.18085610758728562,0.49566838486322595,0.4743462112188258
N_Acc_R,0.2462742805720942,0.02760280563154906,0.18169442283064421,0.35059487574024006,0.12474016731149408,0.2658227424885806,0.22385575775856598,0.3000077771865614,0.2963364670921858,-0.03514556983349602,0.23426936100293758,-0.061330970907213254,-0.09814420836970883,0.1561472664982257,-0.3324639033319338,0.14822071235042628,0.09055073581428791,0.26847017252368877,0.29678831255450167,0.15467472118882994,0.1618638815699166,0.3513277090356048,0.11323534980844624,0.22684955098363588,0.25435491774161323,0.2587705625912335,0.13755815665651125,0.33325309998658864,0.35288599175202295,0.1518012327781183,0.3151620670508557,0.23053572334940675,-0.1475894331601165,0.031690772897828096,0.6173645501360918,0.2999757397172577,0.2838353312436738,0.09931096413520576,0.0026887514534774345,-0.2123094558581389,-0.2646273091160296,-0.0014131909916403206,-0.16021767174440713,0.2066063251132512,0.20107570242196773,-0.11101172238084062,0.11547862942473727,-0.045340529695059265,0.3341517345010035,-0.14062142922602086,0.33190231967111433,0.33972966343421956,0.23684031266000133,0.20111043847165697,0.5234451706266241,0.3282865501863859,0.14251303223632286,0.04182662281520905,0.08597145055661029,0.3127974908831387,0.2994600064877275,0.15990594728503044,-0.03813712117840751,0.08960310080287258,-0.05323369193338987,1.0,0.09715558980512885,0.3151693021729474,0.2681787094076974
SN_pc_R,0.041209024275921234,0.3188174232172412,0.13246746918766833,0.1893555273287644,0.044044908148848386,0.157883765150527,0.10692309855570846,0.33448852949637825,0.053662977259634835,0.10968822169539096,-0.12081971781558166,-0.11219216519543364,-0.040328241449229134,0.14738779680451317,-0.02776085507477762,0.15927832330376815,0.09047485721631536,0.463716282848404,0.12393320495214097,0.3068965015715962,0.3516011836679937,-0.2769222086871229,0.03797839128442718,0.3162899568751542,0.23406998226800527,0.06453827509823301,0.4473492960983708,0.42681140542517443,0.165390838613209,0.23526186758055334,0.26868202514078005,0.0678269063882693,0.2943029673524383,-0.07497085621214114,0.01981797046252136,0.022991470789697856,0.2205448869520128,-0.09880449797679965,-0.041628682223136246,-0.08824600328668256,-0.016642009045193588,-0.1905880465269991,-0.09506985850512996,0.28999122192412746,0.34242346731532625,0.40089490602921757,0.41257143797441165,0.45610636619413863,0.42532300283766594,-0.0647261935919377,0.29485508157181506,0.33374206393793016,0.5633553580000535,0.2050180140136201,-0.031920484382835304,0.5677537822737093,0.2657034979565084,-0.07022136214607066,0.39373619501587825,0.46073072807180515,0.4450225327926654,0.5750366460398941,-0.3080054019609174,-0.12041797009562819,0.18085610758728562,0.09715558980512885,1.0,0.43161951627053685,0.4491647378930298
SN_pr_R,0.3229681939103684,0.5670564959321399,0.4662239810093865,0.45366235600243754,0.3289093480684958,0.4400772768162469,0.48427125656314646,0.4943652061292166,0.34884924976482024,0.3719524982092106,0.04425184082775881,-0.017164345671386316,-0.2583612514830472,0.005954958068680813,-0.04294644326166395,0.314742940544467,0.5114095737793962,0.6943843622333989,0.27870197969407184,0.7339743895705765,0.693421919649522,0.14693546807044272,0.09993015536596525,0.4731129018359146,0.5064631932220216,0.4093653412261752,0.30400100247586914,0.5073477459056989,0.31553561326716906,0.1836147786982739,0.43273564187875513,0.27372507518184735,0.30547352168475944,0.32628701291609036,0.5170794962340444,0.5812219714435183,0.41414116399984763,0.024009142056483038,-0.007599891297379748,-0.1733591816998983,-0.15460050629079444,-0.32970042239135744,0.10170508808382382,0.7168370081629584,0.6125077427759055,0.20215494769529394,0.5375806018790606,0.4565310220604571,0.5604196660088151,0.287316852081878,0.6192604124308526,0.7248896621256055,0.6505028523022732,0.5895247200985837,0.5872034849585039,0.6895356563548958,0.5950904237260854,0.3181955161044347,0.6254821622516352,0.674261844267289,0.6435758924083591,0.6367126045973472,-0.06633668449036197,0.03840853831497323,0.49566838486322595,0.3151693021729474,0.43161951627053685,1.0,0.7271394148271565
Red_N_R,0.34848577871963915,0.5216689037826797,0.488580738138206,0.554229623352855,0.38579851502720097,0.4785224291807071,0.508899125976169,0.5397239835897994,0.4992539598219817,0.24508144287704187,0.14556868645860335,0.01920338854854757,-0.21985160797346406,0.0279070670169444,-0.1054716882949458,0.2661481337971289,0.4893910414754713,0.6858834218756873,0.35247610649258887,0.7792722992684704,0.7493615498068764,0.06244031418706209,0.0902959164073378,0.533200548636608,0.4221855793701929,0.429091776543765,0.3856110496452153,0.5647652256203909,0.34918459038907845,0.2441803739278927,0.5112648889272963,0.2943229376214655,0.41404302641466834,0.34007430695500745,0.5541443153501949,0.668504635795441,0.48681834461187046,-0.02098524002613476,-0.07380310117065537,-0.27028677711224275,-0.18443812167237641,-0.5444794103981537,0.011955473465949433,0.7415510657347838,0.6358659807013658,0.2692093047505378,0.5017947892036423,0.5396118371220741,0.7043091424988989,0.3020589056624745,0.7906411113148826,0.8567539263038674,0.7490667478991104,0.5737628657950095,0.6711526546935601,0.8275630369004433,0.5995006520975791,0.27398299827700573,0.6386475647636697,0.7442540567942632,0.7522449268129235,0.6969382012642834,-0.02261291035563706,0.041252689750216266,0.4743462112188258,0.2681787094076974,0.4491647378930298,0.7271394148271565,1.0
